order_id,order_date,customer_id,product_category,region,quantity,unit_price,discount,payment_method,delivery_days,customer_rating,revenue
10001,01-01-2022,1102,Beauty,South,7,373.65,28,Wallet,10,4.7,1883.2
10002,02-01-2022,1435,Clothing,South,7,47.74,9,Card,6,3.9,304.1
10003,03-01-2022,1860,Beauty,East,3,311.28,31,COD,6,2.5,644.35
10004,04-01-2022,1270,Electronics,West,5,524.47,2,Wallet,6,1.6,2569.9
10005,05-01-2022,1106,Clothing,West,5,139.87,33,Wallet,4,4.9,468.56
10006,06-01-2022,1071,Electronics,West,2,264.44,20,Card,3,3.3,423.1
10007,07-01-2022,1700,Clothing,South,6,564.6,23,Card,1,1.8,2608.45
10008,08-01-2022,1020,Beauty,North,6,265.71,13,Card,2,3.7,1387.01
10009,09-01-2022,1614,Clothing,South,6,224.65,27,Card,2,1.4,983.97
10010,10-01-2022,1121,Clothing,West,4,272.71,6,Card,10,4.5,1025.39
10011,11-01-2022,1466,Clothing,West,6,318.88,2,COD,7,1.4,1875.01
10012,12-01-2022,1214,Electronics,West,3,384.71,14,COD,11,1.9,992.55
10013,13-01-2022,1330,Beauty,South,7,483.41,30,COD,6,1.4,2368.71
10014,14-01-2022,1458,Clothing,West,7,279.48,26,COD,8,1.4,1447.71
10015,15-01-2022,1087,Clothing,East,4,493.23,18,Card,9,3.1,1617.79
10016,16-01-2022,1372,Clothing,West,2,327.23,20,Wallet,5,3.7,523.57
10017,17-01-2022,1099,Clothing,North,3,213.01,5,Wallet,11,4.2,607.08
10018,18-01-2022,1871,Electronics,East,7,399.9,29,COD,3,3.8,1987.5
10019,19-01-2022,1663,Home,West,3,434.87,28,Wallet,4,2.5,939.32
10020,20-01-2022,1130,Electronics,East,7,341.46,23,Card,11,3.2,1840.47
10021,21-01-2022,1661,Home,West,1,48.12,16,COD,8,4.7,40.42
10022,22-01-2022,1308,Home,North,2,114.38,34,Card,3,2.6,150.98
10023,23-01-2022,1769,Home,West,2,181.9,31,Card,2,2,251.02
10024,24-01-2022,1343,Clothing,East,1,180.34,23,Card,7,3.1,138.86
10025,25-01-2022,1491,Clothing,North,4,408.95,13,COD,4,2.2,1423.15
10026,26-01-2022,1413,Electronics,South,7,25.73,22,Card,8,2,140.49
10027,27-01-2022,1805,Home,North,7,457.07,20,COD,1,4.1,2559.59
10028,28-01-2022,1385,Electronics,North,7,170.23,14,Card,8,4.6,1024.78
10029,29-01-2022,1191,Clothing,North,6,196.36,11,Wallet,5,3,1048.56
10030,30-01-2022,1955,Electronics,East,6,323.83,14,COD,2,4.1,1670.96
10031,31-01-2022,1276,Electronics,North,6,141.32,20,Card,1,1.7,678.34
10032,01-02-2022,1160,Clothing,West,6,532.42,15,Card,6,3.2,2715.34
10033,02-02-2022,1459,Electronics,North,6,64.94,9,Wallet,9,3.5,354.57
10034,03-02-2022,1313,Home,North,1,274.96,27,Card,9,3,200.72
10035,04-02-2022,1021,Electronics,West,2,511.91,19,COD,9,1.5,829.29
10036,05-02-2022,1252,Electronics,West,4,375.27,2,COD,11,3.9,1471.06
10037,06-02-2022,1747,Clothing,South,3,186.01,13,Card,4,4.4,485.49
10038,07-02-2022,1856,Electronics,North,6,261.14,31,Card,6,3.5,1081.12
10039,08-02-2022,1560,Electronics,East,1,428.42,26,COD,10,1.7,317.03
10040,09-02-2022,1474,Home,North,7,584.36,11,Card,6,1.3,3640.56
10041,10-02-2022,1058,Electronics,North,4,537.49,33,Card,5,2.2,1440.47
10042,11-02-2022,1510,Home,West,4,215.32,3,Card,2,1.1,835.44
10043,12-02-2022,1681,Electronics,South,4,598.95,34,Card,7,4.4,1581.23
10044,13-02-2022,1475,Electronics,North,1,17.05,9,Card,1,3.8,15.52
10045,14-02-2022,1699,Home,East,3,31.16,0,Wallet,6,3.3,93.48
10046,15-02-2022,1975,Electronics,North,6,496.95,15,COD,5,4.6,2534.44
10047,16-02-2022,1782,Electronics,East,4,131.69,13,COD,5,1.4,458.28
10048,17-02-2022,1189,Clothing,West,1,50.55,19,Card,8,3.9,40.95
10049,18-02-2022,1957,Electronics,South,7,153.73,28,Card,9,1.6,774.8
10050,19-02-2022,1686,Home,North,2,264.27,29,Wallet,7,1.2,375.26
10051,20-02-2022,1957,Electronics,South,7,442.38,14,COD,10,1.5,2663.13
10052,21-02-2022,1562,Home,North,1,380.24,15,Card,8,4.8,323.2
10053,22-02-2022,1875,Beauty,East,1,154.01,5,Card,2,2.8,146.31
10054,23-02-2022,1566,Clothing,South,1,309.41,2,COD,2,1.2,303.22
10055,24-02-2022,1243,Beauty,North,4,556.84,22,Wallet,8,3.3,1737.34
10056,25-02-2022,1831,Clothing,West,1,491.78,2,Card,6,1.8,481.94
10057,26-02-2022,1504,Beauty,East,2,204.07,26,COD,8,1,302.02
10058,27-02-2022,1130,Electronics,South,4,589.62,19,COD,9,4,1910.37
10059,28-02-2022,1484,Home,North,7,429.54,7,Wallet,9,1.6,2796.31
10060,01-03-2022,1818,Clothing,South,2,51.53,19,Wallet,11,4.8,83.48
10061,02-03-2022,1646,Clothing,North,5,35.57,6,Card,6,3.4,167.18
10062,03-03-2022,1020,Clothing,East,7,113.52,15,COD,8,1.3,675.44
10063,04-03-2022,1840,Home,West,1,440.8,28,COD,2,1.9,317.38
10064,05-03-2022,1166,Electronics,East,6,122.49,16,COD,8,3.4,617.35
10065,06-03-2022,1273,Electronics,South,6,314.22,5,Wallet,3,2.4,1791.05
10066,07-03-2022,1387,Home,South,4,69.56,25,Wallet,1,3.1,208.68
10067,08-03-2022,1600,Home,North,6,553.72,7,Card,7,4.2,3089.76
10068,09-03-2022,1315,Beauty,East,7,216.22,26,Card,1,4.2,1120.02
10069,10-03-2022,1013,Home,North,4,546.26,17,COD,11,3.8,1813.58
10070,11-03-2022,1241,Beauty,East,7,567.75,16,Card,1,4.5,3338.37
10071,12-03-2022,1776,Home,South,1,18.59,30,Card,1,1.8,13.01
10072,13-03-2022,1345,Electronics,North,3,286.52,25,Card,4,1.7,644.67
10073,14-03-2022,1564,Electronics,North,3,29.42,1,Wallet,4,4.2,87.38
10074,15-03-2022,1897,Home,East,2,546.59,10,Card,10,2.3,983.86
10075,16-03-2022,1339,Clothing,West,1,318.27,30,COD,11,3,222.79
10076,17-03-2022,1091,Electronics,East,6,58.84,1,Card,6,4,349.51
10077,18-03-2022,1366,Clothing,West,1,79.51,19,Card,10,2.6,64.4
10078,19-03-2022,1955,Beauty,East,5,239.35,25,Card,3,1.5,897.56
10079,20-03-2022,1454,Clothing,South,3,565.04,22,Card,10,3.7,1322.19
10080,21-03-2022,1427,Clothing,North,6,420.35,27,Wallet,6,4.3,1841.13
10081,22-03-2022,1508,Clothing,East,7,522.56,25,Wallet,7,1.1,2743.44
10082,23-03-2022,1775,Electronics,South,7,229.38,24,COD,11,3.3,1220.3
10083,24-03-2022,1942,Clothing,East,3,40.28,29,Card,1,2.9,85.8
10084,25-03-2022,1034,Clothing,North,1,584.98,23,COD,6,2,450.43
10085,26-03-2022,1205,Electronics,East,6,25.05,14,Card,10,1.6,129.26
10086,27-03-2022,1080,Home,West,2,569.38,17,Card,1,1.8,945.17
10087,28-03-2022,1931,Clothing,North,7,230.68,25,COD,7,3.9,1211.07
10088,29-03-2022,1561,Home,West,1,20.9,31,COD,10,3.1,14.42
10089,30-03-2022,1871,Beauty,South,2,418.16,10,Card,5,4.9,752.69
10090,31-03-2022,1387,Electronics,South,6,588.62,12,Card,10,2,3107.91
10091,01-04-2022,1001,Home,East,3,579.89,33,Wallet,4,4.8,1165.58
10092,02-04-2022,1389,Clothing,West,5,109.15,20,Card,1,3.1,436.6
10093,03-04-2022,1565,Beauty,West,4,121.03,6,Wallet,9,1.6,455.07
10094,04-04-2022,1105,Electronics,North,3,345.84,23,Wallet,7,1.6,798.89
10095,05-04-2022,1771,Home,West,2,387.82,35,COD,2,3.4,504.17
10096,06-04-2022,1821,Clothing,West,1,447.56,29,Card,4,4.3,317.77
10097,07-04-2022,1476,Electronics,North,7,120.91,26,COD,4,4,626.31
10098,08-04-2022,1702,Electronics,North,6,576.02,7,Card,8,3.6,3214.19
10099,09-04-2022,1401,Home,West,3,388.66,31,Card,2,1.7,804.53
10100,10-04-2022,1729,Home,East,7,510.52,18,COD,11,1.4,2930.38
10101,11-04-2022,1555,Electronics,North,7,330.94,31,Card,5,1,1598.44
10102,12-04-2022,1161,Clothing,North,5,257.35,12,Card,10,1.4,1132.34
10103,13-04-2022,1201,Clothing,West,6,586.65,2,COD,8,4.1,3449.5
10104,14-04-2022,1957,Home,West,2,355.54,17,COD,6,4.6,590.2
10105,15-04-2022,1995,Electronics,North,6,522.12,9,Card,4,2,2850.78
10106,16-04-2022,1269,Beauty,West,6,572.68,25,Card,5,4.2,2577.06
10107,17-04-2022,1862,Electronics,North,1,410.08,33,Card,2,1.8,274.75
10108,18-04-2022,1815,Clothing,East,4,336.13,24,Card,5,2,1021.84
10109,19-04-2022,1270,Electronics,East,7,17.05,31,COD,3,1.9,82.35
10110,20-04-2022,1455,Electronics,North,2,38.41,16,COD,3,1.2,64.53
10111,21-04-2022,1461,Clothing,North,1,132.5,27,COD,7,1.8,96.72
10112,22-04-2022,1726,Electronics,South,7,123.81,30,Card,3,2.5,606.67
10113,23-04-2022,1251,Home,South,4,164.03,25,Card,4,2.6,492.09
10114,24-04-2022,1701,Electronics,West,1,193.39,18,Card,7,2.2,158.58
10115,25-04-2022,1295,Clothing,West,4,225.64,22,Card,3,3.1,704
10116,26-04-2022,1724,Electronics,North,4,261.01,25,Card,10,2.5,783.03
10117,27-04-2022,1719,Electronics,North,4,72.84,9,Card,10,4.9,265.14
10118,28-04-2022,1748,Electronics,South,1,39.78,28,Card,2,4.2,28.64
10119,29-04-2022,1337,Clothing,South,6,409.26,33,COD,10,4.7,1645.23
10120,30-04-2022,1878,Clothing,North,4,329.34,16,COD,7,3.2,1106.58
10121,01-05-2022,1052,Clothing,East,6,274.82,25,COD,5,3.7,1236.69
10122,02-05-2022,1791,Clothing,East,7,386.15,26,Card,1,1.7,2000.26
10123,03-05-2022,1921,Clothing,West,7,499.19,23,Wallet,10,4,2690.63
10124,04-05-2022,1216,Electronics,North,2,265.2,19,Wallet,8,1.9,429.62
10125,05-05-2022,1763,Clothing,North,5,390.05,31,Card,3,1.6,1345.67
10126,06-05-2022,1187,Beauty,West,6,572.84,16,COD,11,1.2,2887.11
10127,07-05-2022,1379,Clothing,South,7,506.18,2,Wallet,7,2.9,3472.39
10128,08-05-2022,1492,Home,South,5,264.21,30,COD,6,2.1,924.73
10129,09-05-2022,1040,Electronics,East,4,392.16,24,Card,10,4.9,1192.17
10130,10-05-2022,1156,Home,North,5,118.59,30,COD,6,2,415.06
10131,11-05-2022,1014,Home,South,5,342.91,5,COD,8,4.5,1628.82
10132,12-05-2022,1812,Clothing,East,4,589.08,1,Card,4,2.3,2332.76
10133,13-05-2022,1064,Beauty,East,6,318.21,33,Wallet,4,4,1279.2
10134,14-05-2022,1856,Electronics,East,4,557.67,5,COD,3,3.6,2119.15
10135,15-05-2022,1838,Electronics,South,2,253.29,28,Card,1,3.2,364.74
10136,16-05-2022,1520,Home,South,3,599.32,29,COD,10,2.7,1276.55
10137,17-05-2022,1343,Home,North,1,353.84,25,COD,3,3.7,265.38
10138,18-05-2022,1128,Electronics,North,4,39.73,5,Card,1,2.6,150.97
10139,19-05-2022,1647,Electronics,East,4,358.25,23,Card,6,3.2,1103.41
10140,20-05-2022,1471,Electronics,East,5,175.63,31,Wallet,8,3.4,605.92
10141,21-05-2022,1062,Electronics,South,2,34,15,COD,3,2.1,57.8
10142,22-05-2022,1138,Home,South,7,495.2,14,Card,4,2.4,2981.1
10143,23-05-2022,1498,Clothing,North,7,176.3,16,Card,5,1.1,1036.64
10144,24-05-2022,1592,Electronics,North,5,480.98,3,COD,7,4.4,2332.75
10145,25-05-2022,1391,Clothing,West,6,183.61,31,COD,11,4,760.15
10146,26-05-2022,1674,Electronics,North,4,128.68,30,Card,6,1.7,360.3
10147,27-05-2022,1418,Electronics,South,4,584.75,35,COD,2,2.4,1520.35
10148,28-05-2022,1288,Clothing,East,5,226.56,20,Card,7,2.7,906.24
10149,29-05-2022,1378,Beauty,West,4,366.81,26,Card,8,2.3,1085.76
10150,30-05-2022,1772,Home,North,6,371.84,7,COD,1,4.2,2074.87
10151,31-05-2022,1489,Electronics,North,3,342.88,23,Card,6,3.9,792.05
10152,01-06-2022,1230,Beauty,South,1,550.1,23,Wallet,11,4.1,423.58
10153,02-06-2022,1040,Home,West,1,409.55,32,Card,9,4.6,278.49
10154,03-06-2022,1027,Home,North,1,251.18,29,COD,7,3.4,178.34
10155,04-06-2022,1134,Clothing,East,3,519.49,33,Card,5,3.5,1044.17
10156,05-06-2022,1200,Clothing,South,4,120.92,30,Card,10,3.9,338.58
10157,06-06-2022,1839,Electronics,West,5,333.38,30,COD,11,3.7,1166.83
10158,07-06-2022,1779,Electronics,North,7,571.07,2,COD,10,4.5,3917.54
10159,08-06-2022,1929,Electronics,North,2,380.86,30,COD,9,4.1,533.2
10160,09-06-2022,1032,Electronics,West,4,492.93,21,COD,2,1.5,1557.66
10161,10-06-2022,1047,Clothing,South,3,397.33,13,COD,7,4.7,1037.03
10162,11-06-2022,1502,Home,West,6,506.03,2,COD,9,3.7,2975.46
10163,12-06-2022,1406,Clothing,West,3,567.53,24,COD,2,1.5,1293.97
10164,13-06-2022,1573,Electronics,South,7,174.66,11,COD,11,4.1,1088.13
10165,14-06-2022,1727,Beauty,North,1,114.25,16,COD,10,2.4,95.97
10166,15-06-2022,1804,Beauty,East,4,298.13,24,Wallet,6,4.2,906.32
10167,16-06-2022,1098,Home,South,7,425.59,32,Card,9,4.8,2025.81
10168,17-06-2022,1683,Beauty,East,1,147.91,29,COD,3,2,105.02
10169,18-06-2022,1871,Clothing,North,2,17.4,16,Card,8,4.4,29.23
10170,19-06-2022,1725,Beauty,West,6,215.62,14,Card,5,4.1,1112.6
10171,20-06-2022,1986,Electronics,East,1,581.78,8,Card,7,3.7,535.24
10172,21-06-2022,1546,Clothing,North,2,421.56,13,Wallet,3,2.5,733.51
10173,22-06-2022,1960,Electronics,North,3,249.78,4,COD,8,1.4,719.37
10174,23-06-2022,1738,Electronics,West,1,127.66,34,COD,2,2.9,84.26
10175,24-06-2022,1612,Electronics,West,1,223.31,20,Card,8,1.4,178.65
10176,25-06-2022,1942,Clothing,North,5,114.36,4,COD,2,3,548.93
10177,26-06-2022,1461,Home,North,6,77.19,12,Wallet,7,4.3,407.56
10178,27-06-2022,1642,Clothing,East,6,545.44,19,Card,2,5,2650.84
10179,28-06-2022,1768,Electronics,North,7,598.63,19,Card,7,1.8,3394.23
10180,29-06-2022,1004,Home,North,3,111.01,1,Card,1,1.8,329.7
10181,30-06-2022,1217,Clothing,East,5,46.9,33,COD,6,4.2,157.11
10182,01-07-2022,1502,Clothing,South,7,207.89,10,COD,10,2.9,1309.71
10183,02-07-2022,1766,Home,East,2,285.07,1,COD,7,4.7,564.44
10184,03-07-2022,1397,Electronics,East,7,134.82,3,COD,4,4.1,915.43
10185,04-07-2022,1870,Electronics,West,2,191.33,20,Card,11,3.9,306.13
10186,05-07-2022,1794,Beauty,East,3,132.51,5,COD,11,1.4,377.65
10187,06-07-2022,1392,Electronics,North,6,467.94,1,Card,1,1.1,2779.56
10188,07-07-2022,1206,Clothing,North,2,431.86,13,Card,6,2.3,751.44
10189,08-07-2022,1014,Beauty,North,3,386.45,22,COD,4,1.9,904.29
10190,09-07-2022,1857,Home,South,7,241.52,4,Wallet,3,3.8,1623.01
10191,10-07-2022,1553,Electronics,North,2,546.79,11,COD,4,2.8,973.29
10192,11-07-2022,1891,Electronics,South,4,582.18,15,COD,6,3.1,1979.41
10193,12-07-2022,1460,Electronics,North,1,116.58,6,Card,5,4.3,109.59
10194,13-07-2022,1690,Clothing,East,7,145.46,18,Card,2,2.9,834.94
10195,14-07-2022,1574,Clothing,West,6,322.49,3,Card,2,3.2,1876.89
10196,15-07-2022,1863,Electronics,North,7,68.38,2,Wallet,3,4.4,469.09
10197,16-07-2022,1742,Beauty,South,4,270.32,18,Wallet,11,2.7,886.65
10198,17-07-2022,1240,Clothing,South,3,355.35,9,Wallet,6,1.3,970.11
10199,18-07-2022,1563,Electronics,West,3,320.41,3,Card,1,3.1,932.39
10200,19-07-2022,1095,Clothing,North,7,208.58,15,COD,11,3.3,1241.05
10201,20-07-2022,1899,Home,East,4,332.33,32,COD,7,3,903.94
10202,21-07-2022,1733,Electronics,North,7,575.9,25,COD,8,2,3023.48
10203,22-07-2022,1484,Electronics,North,1,135.52,29,COD,7,1.9,96.22
10204,23-07-2022,1406,Home,West,1,398.08,31,COD,11,2.5,274.68
10205,24-07-2022,1230,Clothing,North,5,40.39,34,Card,3,1.7,133.29
10206,25-07-2022,1748,Clothing,East,2,53.85,27,Card,6,3.7,78.62
10207,26-07-2022,1654,Clothing,South,5,337.82,21,Card,4,3.5,1334.39
10208,27-07-2022,1170,Electronics,West,1,76.39,13,Card,5,3.5,66.46
10209,28-07-2022,1540,Electronics,East,4,28.07,6,Card,3,1.9,105.54
10210,29-07-2022,1035,Clothing,South,2,115.34,24,Card,5,2,175.32
10211,30-07-2022,1524,Electronics,West,4,345.44,35,Card,6,4.1,898.14
10212,31-07-2022,1159,Electronics,West,5,426.45,16,COD,8,3.8,1791.09
10213,01-08-2022,1838,Home,South,3,133.45,25,Wallet,6,4.5,300.26
10214,02-08-2022,1698,Beauty,South,4,405.93,17,Wallet,9,2.6,1347.69
10215,03-08-2022,1242,Home,East,5,121.75,15,Card,10,3.2,517.44
10216,04-08-2022,1085,Beauty,North,5,373.87,14,Card,10,4,1607.64
10217,05-08-2022,1795,Electronics,North,5,256,18,Card,10,4.9,1049.6
10218,06-08-2022,1577,Beauty,North,3,397.47,13,Wallet,10,5,1037.4
10219,07-08-2022,1681,Electronics,North,3,597.11,26,COD,4,5,1325.58
10220,08-08-2022,1556,Beauty,North,7,563.62,31,Card,2,4.6,2722.28
10221,09-08-2022,1573,Beauty,East,3,17.5,31,Wallet,9,3.6,36.22
10222,10-08-2022,1952,Home,West,2,532.98,8,Card,11,1,980.68
10223,11-08-2022,1645,Beauty,East,3,53.9,31,Wallet,3,3.8,111.57
10224,12-08-2022,1795,Clothing,East,3,572.53,12,Card,11,2,1511.48
10225,13-08-2022,1027,Electronics,East,3,179.87,11,Card,7,1.2,480.25
10226,14-08-2022,1619,Clothing,West,4,238.49,25,COD,4,3.8,715.47
10227,15-08-2022,1555,Clothing,East,3,68.61,11,Wallet,1,4,183.19
10228,16-08-2022,1339,Electronics,East,2,80.68,2,Wallet,8,3.6,158.13
10229,17-08-2022,1797,Clothing,West,5,440.14,13,COD,4,2.5,1914.61
10230,18-08-2022,1957,Beauty,East,4,567.43,25,Card,11,3,1702.29
10231,19-08-2022,1330,Electronics,North,1,372.29,11,Card,6,4.7,331.34
10232,20-08-2022,1639,Home,South,3,433.77,22,Wallet,7,3.9,1015.02
10233,21-08-2022,1505,Beauty,East,7,460.75,23,COD,8,3,2483.44
10234,22-08-2022,1347,Beauty,South,7,168.75,26,COD,10,3.4,874.12
10235,23-08-2022,1472,Beauty,East,5,41.46,31,Card,2,4.7,143.04
10236,24-08-2022,1230,Clothing,East,5,16.1,15,COD,9,2.6,68.42
10237,25-08-2022,1189,Beauty,North,4,220.13,6,Card,10,1.4,827.69
10238,26-08-2022,1224,Home,West,7,156.26,11,COD,3,2.3,973.5
10239,27-08-2022,1384,Electronics,South,1,51.46,15,Wallet,1,2.7,43.74
10240,28-08-2022,1376,Clothing,West,6,120.02,25,COD,2,2.1,540.09
10241,29-08-2022,1282,Home,North,7,87.83,0,COD,8,3.1,614.81
10242,30-08-2022,1957,Electronics,North,7,550.2,11,Card,10,2.2,3427.75
10243,31-08-2022,1632,Clothing,South,2,97.06,27,Card,6,1.4,141.71
10244,01-09-2022,1627,Home,West,6,329.52,23,Wallet,11,1.8,1522.38
10245,02-09-2022,1972,Electronics,North,5,361.97,26,Card,1,4.7,1339.29
10246,03-09-2022,1744,Clothing,East,6,332.94,28,Wallet,11,3.5,1438.3
10247,04-09-2022,1258,Home,East,7,72.95,27,COD,9,2.3,372.77
10248,05-09-2022,1358,Clothing,East,5,201.5,24,COD,7,2.5,765.7
10249,06-09-2022,1709,Electronics,West,6,44.99,15,Wallet,10,3,229.45
10250,07-09-2022,1455,Electronics,East,5,246.47,34,COD,11,3.7,813.35
10251,08-09-2022,1410,Clothing,East,5,125.33,20,Wallet,3,3.3,501.32
10252,09-09-2022,1648,Beauty,North,4,343.56,7,Card,7,4.7,1278.04
10253,10-09-2022,1317,Electronics,North,1,420.29,10,COD,6,3.5,378.26
10254,11-09-2022,1676,Clothing,East,5,326.29,24,COD,3,4.6,1239.9
10255,12-09-2022,1224,Electronics,East,2,269.03,32,Card,8,1,365.88
10256,13-09-2022,1818,Electronics,North,7,241.59,6,COD,1,4.6,1589.66
10257,14-09-2022,1233,Home,South,7,507.39,3,COD,5,3.9,3445.18
10258,15-09-2022,1683,Home,West,2,143.33,31,Wallet,8,1.7,197.8
10259,16-09-2022,1663,Electronics,West,3,444.52,32,Card,3,2.1,906.82
10260,17-09-2022,1974,Clothing,North,5,458.13,10,COD,11,3.2,2061.58
10261,18-09-2022,1826,Electronics,West,5,260.23,13,Card,10,1.5,1132
10262,19-09-2022,1373,Clothing,North,5,188.92,23,COD,11,4.1,727.34
10263,20-09-2022,1671,Home,North,6,290.27,12,COD,6,4.2,1532.63
10264,21-09-2022,1607,Electronics,North,5,69.53,31,COD,10,2.2,239.88
10265,22-09-2022,1471,Electronics,North,5,41.87,4,Card,11,1.3,200.98
10266,23-09-2022,1232,Clothing,South,2,80.29,1,Card,2,5,158.97
10267,24-09-2022,1691,Beauty,East,1,124.48,7,Card,9,2,115.77
10268,25-09-2022,1112,Beauty,East,1,309.94,10,Card,2,1.3,278.95
10269,26-09-2022,1829,Electronics,South,3,511.74,4,COD,5,2.3,1473.81
10270,27-09-2022,1496,Home,West,2,152.85,2,Wallet,3,4.9,299.59
10271,28-09-2022,1441,Clothing,West,5,562.07,26,Card,10,4.2,2079.66
10272,29-09-2022,1563,Clothing,East,1,573.62,6,Card,9,2.9,539.2
10273,30-09-2022,1267,Home,West,4,575.96,32,COD,9,2.2,1566.61
10274,01-10-2022,1509,Beauty,East,4,504.97,13,COD,7,2.7,1757.3
10275,02-10-2022,1806,Beauty,East,4,227.84,23,Card,10,1.1,701.75
10276,03-10-2022,1385,Clothing,South,5,57.52,8,Card,5,3.9,264.59
10277,04-10-2022,1386,Clothing,West,5,347.76,8,Card,9,1.4,1599.7
10278,05-10-2022,1112,Home,South,3,341.83,20,Card,7,3.1,820.39
10279,06-10-2022,1612,Electronics,East,7,512.24,20,Card,2,3.3,2868.54
10280,07-10-2022,1624,Clothing,East,3,597.65,27,Card,10,1,1308.85
10281,08-10-2022,1951,Clothing,East,3,312.27,27,COD,1,4.9,683.87
10282,09-10-2022,1080,Home,North,6,216.94,23,COD,10,2.2,1002.26
10283,10-10-2022,1698,Electronics,North,4,123.75,16,Card,10,1.3,415.8
10284,11-10-2022,1112,Electronics,North,5,17.81,31,COD,4,4.4,61.44
10285,12-10-2022,1001,Beauty,South,4,312.83,22,COD,10,1.6,976.03
10286,13-10-2022,1641,Electronics,East,3,339.98,35,Wallet,8,1.1,662.96
10287,14-10-2022,1219,Clothing,West,5,497.59,29,Card,6,3,1766.44
10288,15-10-2022,1565,Electronics,South,2,310.18,2,COD,2,1.5,607.95
10289,16-10-2022,1854,Electronics,South,1,551.13,11,COD,5,4.9,490.51
10290,17-10-2022,1996,Electronics,South,1,382.43,20,Card,9,1,305.94
10291,18-10-2022,1735,Electronics,West,3,506.6,25,Wallet,6,1.2,1139.85
10292,19-10-2022,1224,Beauty,East,7,101.76,19,COD,6,4.3,576.98
10293,20-10-2022,1384,Electronics,North,4,515.37,28,COD,7,2,1484.27
10294,21-10-2022,1402,Beauty,East,2,409.96,10,Card,11,4.6,737.93
10295,22-10-2022,1637,Clothing,East,5,114.59,6,Card,5,2.2,538.57
10296,23-10-2022,1129,Clothing,South,7,126.01,2,COD,3,1.3,864.43
10297,24-10-2022,1052,Clothing,South,4,557,20,Card,3,1,1782.4
10298,25-10-2022,1683,Clothing,South,3,33.85,24,COD,5,2.1,77.18
10299,26-10-2022,1729,Home,North,4,285.58,11,Card,4,2.9,1016.66
10300,27-10-2022,1671,Electronics,North,3,198.38,21,COD,5,1,470.16
10301,28-10-2022,1709,Clothing,North,6,404.07,2,COD,9,3.3,2375.93
10302,29-10-2022,1415,Beauty,East,1,506.18,3,Card,5,2.3,490.99
10303,30-10-2022,1246,Beauty,South,7,225.82,25,COD,4,2.6,1185.56
10304,31-10-2022,1835,Beauty,West,1,264.74,13,Card,4,2,230.32
10305,01-11-2022,1438,Clothing,East,4,589.42,23,Card,1,3.1,1815.41
10306,02-11-2022,1202,Home,North,2,473.59,29,Card,10,1.9,672.5
10307,03-11-2022,1183,Clothing,West,5,539.86,30,Card,4,1.5,1889.51
10308,04-11-2022,1122,Clothing,West,3,271.68,6,Card,4,4.6,766.14
10309,05-11-2022,1400,Electronics,South,5,151.93,17,Wallet,9,2.6,630.51
10310,06-11-2022,1766,Clothing,West,1,255.94,26,Card,11,1.3,189.4
10311,07-11-2022,1293,Electronics,North,2,433.91,27,Card,4,1.9,633.51
10312,08-11-2022,1279,Electronics,South,2,79.02,27,Card,7,2.2,115.37
10313,09-11-2022,1836,Beauty,West,5,173.22,8,Card,1,4.1,796.81
10314,10-11-2022,1883,Electronics,South,1,42.28,7,COD,7,1.1,39.32
10315,11-11-2022,1609,Electronics,West,5,267.92,21,Card,2,2.9,1058.28
10316,12-11-2022,1197,Electronics,East,4,499.06,26,COD,11,2.6,1477.22
10317,13-11-2022,1981,Beauty,East,2,29.43,11,Card,8,4.9,52.39
10318,14-11-2022,1906,Clothing,North,2,410.06,4,Wallet,1,1.7,787.32
10319,15-11-2022,1510,Clothing,East,4,560.51,25,Card,10,3.5,1681.53
10320,16-11-2022,1751,Home,East,1,153.6,10,COD,3,1.8,138.24
10321,17-11-2022,1143,Home,East,2,420.78,6,COD,8,3.2,791.07
10322,18-11-2022,1608,Electronics,West,7,585.43,5,Card,10,3.2,3893.11
10323,19-11-2022,1200,Home,West,6,577.93,11,COD,8,1.3,3086.15
10324,20-11-2022,1123,Home,South,6,152.43,21,COD,11,2.8,722.52
10325,21-11-2022,1186,Home,West,6,73.69,13,Card,5,2.8,384.66
10326,22-11-2022,1325,Electronics,East,3,101.75,1,COD,5,2.3,302.2
10327,23-11-2022,1463,Beauty,West,7,425.69,3,Wallet,8,2.1,2890.44
10328,24-11-2022,1348,Clothing,North,3,439.57,10,COD,10,1.9,1186.84
10329,25-11-2022,1770,Electronics,South,1,409.43,23,Wallet,5,1,315.26
10330,26-11-2022,1659,Clothing,South,4,211.61,3,Card,9,1,821.05
10331,27-11-2022,1763,Electronics,West,5,114.32,20,COD,1,3.4,457.28
10332,28-11-2022,1954,Electronics,East,7,354.75,4,Wallet,5,2.2,2383.92
10333,29-11-2022,1931,Home,South,1,297.95,7,Card,3,1.7,277.09
10334,30-11-2022,1402,Electronics,North,5,441.37,6,Wallet,3,3.7,2074.44
10335,01-12-2022,1345,Clothing,North,1,273.2,2,Card,2,3.1,267.74
10336,02-12-2022,1962,Clothing,South,3,213.1,23,Wallet,3,4.7,492.26
10337,03-12-2022,1510,Electronics,East,6,186.68,16,Card,7,4.3,940.87
10338,04-12-2022,1146,Beauty,East,4,138.71,29,Card,8,3.9,393.94
10339,05-12-2022,1147,Electronics,West,3,170.46,3,Wallet,8,1.5,496.04
10340,06-12-2022,1863,Electronics,West,4,70.48,5,Card,11,3.7,267.82
10341,07-12-2022,1710,Electronics,South,7,217.91,11,Card,8,3.8,1357.58
10342,08-12-2022,1819,Electronics,West,5,36.39,27,Card,1,4.1,132.82
10343,09-12-2022,1488,Electronics,West,1,124.05,11,COD,11,2.1,110.4
10344,10-12-2022,1928,Home,West,2,451.86,14,Wallet,7,3.6,777.2
10345,11-12-2022,1935,Beauty,North,2,205.4,11,Card,2,3.5,365.61
10346,12-12-2022,1639,Electronics,West,4,405.92,3,COD,11,2.5,1574.97
10347,13-12-2022,1550,Home,South,6,434.38,33,Card,10,3.7,1746.21
10348,14-12-2022,1337,Home,East,6,354.99,19,COD,4,1.3,1725.25
10349,15-12-2022,1871,Home,West,4,575.84,28,Card,5,3.6,1658.42
10350,16-12-2022,1640,Clothing,East,3,27.54,23,Card,1,3.4,63.62
10351,17-12-2022,1778,Electronics,West,2,447.11,18,Card,4,1.8,733.26
10352,18-12-2022,1987,Electronics,South,3,575.89,3,COD,4,4.3,1675.84
10353,19-12-2022,1952,Home,North,5,519.43,22,Wallet,9,4.5,2025.78
10354,20-12-2022,1472,Home,South,2,113.22,5,COD,9,1.8,215.12
10355,21-12-2022,1945,Electronics,North,5,206.19,15,Card,11,1.3,876.31
10356,22-12-2022,1150,Clothing,West,1,115.88,22,COD,10,3.4,90.39
10357,23-12-2022,1414,Beauty,West,3,366.77,27,COD,1,2.9,803.23
10358,24-12-2022,1989,Home,North,4,431.63,24,Card,8,2.7,1312.16
10359,25-12-2022,1297,Beauty,South,2,200.49,24,Card,4,4,304.74
10360,26-12-2022,1610,Home,South,3,330.61,5,Card,4,4.9,942.24
10361,27-12-2022,1262,Clothing,North,4,419.19,12,COD,5,2.9,1475.55
10362,28-12-2022,1763,Clothing,West,1,261.48,2,COD,2,1,256.25
10363,29-12-2022,1143,Home,North,2,514.6,25,COD,1,3.4,771.9
10364,30-12-2022,1345,Electronics,West,5,466.36,33,Card,5,3.6,1562.31
10365,31-12-2022,1623,Clothing,North,1,52.83,9,Card,7,4.3,48.08
10366,01-01-2023,1571,Home,West,6,378.36,3,Wallet,10,1.8,2202.06
10367,02-01-2023,1880,Electronics,North,4,152.67,17,Card,9,3.1,506.86
10368,03-01-2023,1001,Home,East,2,341.15,30,Wallet,2,2.8,477.61
10369,04-01-2023,1896,Clothing,West,2,574.78,19,COD,8,3.7,931.14
10370,05-01-2023,1303,Beauty,South,7,529.25,2,Card,7,1.3,3630.66
10371,06-01-2023,1253,Electronics,North,7,251.64,34,COD,2,4.5,1162.58
10372,07-01-2023,1651,Electronics,South,1,185.54,29,Wallet,5,3,131.73
10373,08-01-2023,1452,Clothing,North,2,152.13,5,Card,7,4.5,289.05
10374,09-01-2023,1036,Electronics,South,4,326.52,32,Wallet,3,2.4,888.13
10375,10-01-2023,1159,Home,South,1,81.84,16,Card,2,3.6,68.75
10376,11-01-2023,1008,Home,North,5,336.33,13,COD,6,4.8,1463.04
10377,12-01-2023,1232,Electronics,North,1,15.78,16,Wallet,10,4.8,13.26
10378,13-01-2023,1098,Clothing,South,1,204.45,29,Wallet,6,4.8,145.16
10379,14-01-2023,1658,Clothing,South,5,143.66,23,COD,11,1.2,553.09
10380,15-01-2023,1815,Clothing,South,6,583.16,2,COD,4,2.6,3428.98
10381,16-01-2023,1207,Beauty,West,7,440.44,34,Card,1,1.2,2034.83
10382,17-01-2023,1130,Home,West,4,219.55,5,Card,5,2.2,834.29
10383,18-01-2023,1403,Home,East,6,69.31,26,Card,1,1.7,307.74
10384,19-01-2023,1151,Home,West,6,317.33,22,Card,11,3.5,1485.1
10385,20-01-2023,1053,Clothing,West,6,139.87,7,Card,11,4.1,780.47
10386,21-01-2023,1119,Beauty,North,7,328.81,6,Card,8,3.1,2163.57
10387,22-01-2023,1672,Home,East,3,503.69,30,Wallet,2,4.2,1057.75
10388,23-01-2023,1919,Home,East,7,375.24,15,COD,9,1.1,2232.68
10389,24-01-2023,1627,Beauty,West,6,385.77,23,Card,9,4.3,1782.26
10390,25-01-2023,1586,Electronics,North,3,331.5,18,Wallet,3,1.7,815.49
10391,26-01-2023,1624,Home,North,5,557.45,25,Card,6,2.8,2090.44
10392,27-01-2023,1967,Electronics,East,7,560.16,17,COD,9,2.8,3254.53
10393,28-01-2023,1419,Electronics,North,4,314.94,10,COD,7,4.5,1133.78
10394,29-01-2023,1421,Electronics,South,6,193.87,13,Card,4,4.9,1012
10395,30-01-2023,1103,Beauty,West,2,283.86,30,COD,3,2,397.4
10396,31-01-2023,1851,Beauty,South,5,124.14,16,Card,2,1.3,521.39
10397,01-02-2023,1253,Home,East,3,387.26,7,Card,10,3.6,1080.46
10398,02-02-2023,1226,Home,East,7,307.55,33,Card,10,3,1442.41
10399,03-02-2023,1111,Clothing,North,4,75.43,28,Wallet,1,3.3,217.24
10400,04-02-2023,1509,Beauty,North,1,130.62,2,COD,11,1.2,128.01
10401,05-02-2023,1472,Clothing,East,4,295.58,35,COD,10,4.1,768.51
10402,06-02-2023,1098,Clothing,East,4,534.24,24,COD,11,1.9,1624.09
10403,07-02-2023,1152,Electronics,South,6,346.34,6,Card,1,2.3,1953.36
10404,08-02-2023,1860,Home,South,6,413.7,8,COD,4,1.9,2283.62
10405,09-02-2023,1913,Home,North,7,213.33,24,Card,4,4.8,1134.92
10406,10-02-2023,1895,Clothing,South,7,349.28,27,Card,9,1.7,1784.82
10407,11-02-2023,1877,Electronics,North,3,276.72,8,COD,10,3.9,763.75
10408,12-02-2023,1337,Home,North,7,400.59,9,Card,1,2,2551.76
10409,13-02-2023,1705,Electronics,West,3,44.59,11,Card,11,2.7,119.06
10410,14-02-2023,1821,Home,North,6,303.58,21,Wallet,4,5,1438.97
10411,15-02-2023,1162,Beauty,South,6,188.16,6,COD,3,1.4,1061.22
10412,16-02-2023,1719,Clothing,East,2,205.82,4,COD,9,4.5,395.17
10413,17-02-2023,1956,Electronics,East,2,577.14,24,Card,5,4.8,877.25
10414,18-02-2023,1680,Home,South,5,121.88,27,Card,9,3.8,444.86
10415,19-02-2023,1995,Home,East,6,197.08,18,COD,10,1,969.63
10416,20-02-2023,1160,Clothing,North,1,313.29,13,COD,6,4.3,272.56
10417,21-02-2023,1579,Beauty,East,2,519.87,15,COD,11,4.5,883.78
10418,22-02-2023,1800,Electronics,South,3,258.75,14,Wallet,9,4.9,667.58
10419,23-02-2023,1397,Clothing,East,4,450.16,34,Wallet,1,4.4,1188.42
10420,24-02-2023,1276,Home,North,7,515.98,27,Card,4,2.8,2636.66
10421,25-02-2023,1815,Beauty,North,7,196.36,7,Wallet,4,3.8,1278.3
10422,26-02-2023,1915,Electronics,South,5,244.76,13,COD,10,2.9,1064.71
10423,27-02-2023,1503,Home,South,2,223.59,19,COD,10,2.4,362.22
10424,28-02-2023,1895,Clothing,South,4,502.22,21,Card,6,3.5,1587.02
10425,01-03-2023,1391,Clothing,West,4,40.94,16,COD,10,4.1,137.56
10426,02-03-2023,1134,Electronics,West,2,195.43,28,Wallet,1,3.5,281.42
10427,03-03-2023,1194,Beauty,North,1,412.45,27,COD,10,4.3,301.09
10428,04-03-2023,1400,Electronics,West,1,345.78,18,COD,5,1.7,283.54
10429,05-03-2023,1639,Electronics,West,5,270.23,30,Card,3,2.5,945.8
10430,06-03-2023,1032,Electronics,East,1,330.87,26,Card,1,2.3,244.84
10431,07-03-2023,1687,Beauty,West,5,130.59,27,Card,6,1.8,476.65
10432,08-03-2023,1459,Home,East,3,266.97,33,Card,3,2.8,536.61
10433,09-03-2023,1954,Home,South,2,308.5,9,COD,4,4.8,561.47
10434,10-03-2023,1882,Electronics,East,4,542.2,9,Card,9,3.2,1973.61
10435,11-03-2023,1469,Clothing,East,5,167.59,31,COD,2,2.1,578.19
10436,12-03-2023,1374,Clothing,South,7,522.68,27,Card,1,2.4,2670.89
10437,13-03-2023,1021,Home,South,1,391.88,32,Card,10,3.5,266.48
10438,14-03-2023,1749,Beauty,North,7,26.9,2,Card,6,2.4,184.53
10439,15-03-2023,1669,Electronics,North,5,438.91,22,Wallet,1,3.2,1711.75
10440,16-03-2023,1037,Home,North,6,35.8,5,Card,1,2.1,204.06
10441,17-03-2023,1229,Electronics,North,5,598.47,18,Card,7,2.4,2453.73
10442,18-03-2023,1364,Clothing,East,1,525.49,5,Wallet,2,3.8,499.22
10443,19-03-2023,1562,Electronics,East,6,188.95,4,Wallet,4,3.3,1088.35
10444,20-03-2023,1437,Electronics,North,6,165.59,0,COD,4,1.4,993.54
10445,21-03-2023,1775,Clothing,West,1,238.14,22,Card,2,4.9,185.75
10446,22-03-2023,1282,Clothing,North,6,223.36,13,Card,6,1.2,1165.94
10447,23-03-2023,1026,Electronics,West,2,232.82,4,Wallet,10,1.3,447.01
10448,24-03-2023,1225,Home,South,4,201.19,11,Wallet,2,3.8,716.24
10449,25-03-2023,1276,Clothing,East,7,378.36,6,COD,8,3.8,2489.61
10450,26-03-2023,1797,Electronics,East,2,111.09,33,Card,4,1.1,148.86
10451,27-03-2023,1608,Home,West,2,509.9,11,Card,1,3.6,907.62
10452,28-03-2023,1283,Electronics,North,1,490.26,12,Card,7,1.1,431.43
10453,29-03-2023,1878,Clothing,East,1,293.74,29,COD,6,4.8,208.56
10454,30-03-2023,1959,Home,West,7,513.85,23,Card,6,3.8,2769.65
10455,31-03-2023,1480,Electronics,South,4,159.58,25,Wallet,11,1.7,478.74
10456,01-04-2023,1452,Electronics,South,5,25.28,22,Card,3,1.6,98.59
10457,02-04-2023,1828,Clothing,East,2,377.24,33,COD,10,3.3,505.5
10458,03-04-2023,1815,Beauty,North,6,282.88,7,Card,7,3.5,1578.47
10459,04-04-2023,1658,Clothing,West,4,346.79,35,COD,6,4.3,901.65
10460,05-04-2023,1515,Home,East,2,541.11,29,Card,10,4.6,768.38
10461,06-04-2023,1546,Clothing,South,5,582.41,21,COD,10,2.6,2300.52
10462,07-04-2023,1191,Electronics,North,6,386.16,23,COD,9,4.4,1784.06
10463,08-04-2023,1048,Clothing,West,2,461.97,23,Card,3,3.2,711.43
10464,09-04-2023,1511,Home,East,3,64.03,2,Wallet,3,2.9,188.25
10465,10-04-2023,1016,Electronics,West,7,109.02,8,COD,4,3.8,702.09
10466,11-04-2023,1171,Electronics,North,4,443.92,34,Wallet,3,1.4,1171.95
10467,12-04-2023,1219,Electronics,North,7,267.35,19,Wallet,4,2.1,1515.87
10468,13-04-2023,1157,Clothing,South,1,275.89,13,Wallet,6,4.3,240.02
10469,14-04-2023,1476,Beauty,North,2,195.54,27,Card,1,3,285.49
10470,15-04-2023,1045,Electronics,East,6,370.3,18,Card,2,4.6,1821.88
10471,16-04-2023,1372,Clothing,West,6,123.32,0,Wallet,10,1.4,739.92
10472,17-04-2023,1517,Electronics,North,4,381.75,26,COD,6,2.3,1129.98
10473,18-04-2023,1098,Beauty,North,4,116.67,26,Card,6,2.4,345.34
10474,19-04-2023,1891,Electronics,East,7,52.34,6,COD,1,2.7,344.4
10475,20-04-2023,1744,Clothing,West,6,208.26,33,Card,6,4.9,837.21
10476,21-04-2023,1036,Home,West,6,150.22,8,COD,11,2.2,829.21
10477,22-04-2023,1279,Home,South,6,535.06,16,Wallet,9,3.1,2696.7
10478,23-04-2023,1348,Clothing,South,2,47.15,4,COD,8,3.1,90.53
10479,24-04-2023,1496,Electronics,West,6,118.32,21,Card,10,4.1,560.84
10480,25-04-2023,1301,Clothing,East,1,336,13,Card,5,3.1,292.32
10481,26-04-2023,1180,Electronics,East,6,296.42,12,Card,4,3.4,1565.1
10482,27-04-2023,1606,Electronics,South,1,41.82,29,COD,6,4,29.69
10483,28-04-2023,1098,Clothing,North,2,19.24,0,Card,11,1.4,38.48
10484,29-04-2023,1699,Electronics,East,4,593.02,28,COD,5,4.9,1707.9
10485,30-04-2023,1992,Electronics,North,1,400.42,20,COD,6,4.4,320.34
10486,01-05-2023,1115,Home,East,2,228.76,35,COD,10,2.6,297.39
10487,02-05-2023,1190,Beauty,West,6,290.2,21,Wallet,11,3.9,1375.55
10488,03-05-2023,1252,Clothing,South,2,170.93,2,COD,3,4,335.02
10489,04-05-2023,1980,Electronics,North,6,216.75,2,Card,7,4.4,1274.49
10490,05-05-2023,1927,Electronics,North,7,394.69,31,COD,8,1.8,1906.35
10491,06-05-2023,1982,Beauty,West,2,531.44,29,COD,5,3.8,754.64
10492,07-05-2023,1160,Electronics,East,4,122.72,12,Card,5,1.1,431.97
10493,08-05-2023,1255,Electronics,North,1,506.61,22,COD,4,1.5,395.16
10494,09-05-2023,1322,Clothing,East,7,86.11,17,Card,10,4.1,500.3
10495,10-05-2023,1127,Clothing,West,4,140.77,34,Card,5,4.3,371.63
10496,11-05-2023,1017,Clothing,South,3,36.75,33,Wallet,10,3.4,73.87
10497,12-05-2023,1792,Electronics,North,6,97.37,34,Wallet,11,3.3,385.59
10498,13-05-2023,1734,Electronics,East,1,551.62,30,COD,8,4,386.13
10499,14-05-2023,1565,Beauty,North,4,283.77,32,COD,5,4.6,771.85
10500,15-05-2023,1569,Electronics,East,1,60.43,8,Wallet,9,2.7,55.6
10501,16-05-2023,1322,Home,East,3,576.44,29,Wallet,1,1.5,1227.82
10502,17-05-2023,1871,Home,East,5,529.21,25,COD,7,4.4,1984.54
10503,18-05-2023,1685,Clothing,West,6,456.49,34,COD,5,2.4,1807.7
10504,19-05-2023,1791,Electronics,South,6,561.08,20,Card,4,1.5,2693.18
10505,20-05-2023,1625,Electronics,North,2,143.78,3,Card,3,3.5,278.93
10506,21-05-2023,1287,Clothing,South,6,504.28,21,Card,10,3.3,2390.29
10507,22-05-2023,1942,Beauty,East,6,418.64,24,COD,7,2.9,1909
10508,23-05-2023,1853,Beauty,East,4,523.81,8,Wallet,2,4.4,1927.62
10509,24-05-2023,1662,Electronics,South,7,481.19,14,Wallet,5,2.1,2896.76
10510,25-05-2023,1961,Electronics,South,6,217.7,21,Card,2,1.1,1031.9
10511,26-05-2023,1638,Beauty,North,6,468.02,13,COD,7,2.3,2443.06
10512,27-05-2023,1154,Home,East,3,168.54,13,Card,6,1,439.89
10513,28-05-2023,1489,Beauty,South,7,207.23,5,Card,10,3.2,1378.08
10514,29-05-2023,1385,Electronics,West,3,78.12,33,Wallet,7,2.5,157.02
10515,30-05-2023,1985,Clothing,East,1,562.02,26,COD,9,4.3,415.89
10516,31-05-2023,1784,Home,East,1,185.24,0,COD,2,4.2,185.24
10517,01-06-2023,1103,Home,North,6,319.56,27,Card,9,2.7,1399.67
10518,02-06-2023,1928,Clothing,West,6,243.93,26,Card,7,1.9,1083.05
10519,03-06-2023,1392,Electronics,North,2,576.56,0,COD,2,2.7,1153.12
10520,04-06-2023,1810,Clothing,West,1,211,13,Card,10,3.6,183.57
10521,05-06-2023,1245,Electronics,North,4,470.45,21,Card,2,1.8,1486.62
10522,06-06-2023,1175,Clothing,West,6,515.42,16,Card,4,4.1,2597.72
10523,07-06-2023,1038,Beauty,West,4,269.83,27,COD,2,2.3,787.9
10524,08-06-2023,1476,Clothing,West,6,236.23,15,Wallet,1,4.7,1204.77
10525,09-06-2023,1681,Home,South,4,452.43,5,Wallet,6,3,1719.23
10526,10-06-2023,1758,Electronics,East,5,549.04,34,Wallet,10,4.4,1811.83
10527,11-06-2023,1537,Home,West,4,456.64,8,Wallet,11,3.5,1680.44
10528,12-06-2023,1866,Beauty,South,7,147.87,25,Wallet,5,3.2,776.32
10529,13-06-2023,1817,Electronics,South,1,534.66,5,COD,3,3.7,507.93
10530,14-06-2023,1920,Electronics,North,6,241.74,12,COD,11,4.2,1276.39
10531,15-06-2023,1407,Clothing,East,1,352.09,15,Card,1,3.6,299.28
10532,16-06-2023,1524,Electronics,East,7,501.39,7,Wallet,9,4.2,3264.05
10533,17-06-2023,1827,Home,North,7,125.21,16,Card,8,1.8,736.23
10534,18-06-2023,1505,Beauty,East,4,473.94,6,Card,6,2.1,1782.01
10535,19-06-2023,1902,Clothing,North,3,363.76,20,Wallet,6,1.9,873.02
10536,20-06-2023,1824,Electronics,South,3,537.6,23,Card,4,4.2,1241.86
10537,21-06-2023,1035,Clothing,South,7,115.6,2,Wallet,2,1.3,793.02
10538,22-06-2023,1684,Home,West,3,261.1,30,COD,4,4.2,548.31
10539,23-06-2023,1019,Electronics,North,6,502.21,6,Card,2,2.6,2832.46
10540,24-06-2023,1320,Clothing,South,2,26.25,8,COD,7,1.3,48.3
10541,25-06-2023,1775,Clothing,South,5,80.64,23,Wallet,9,2.7,310.46
10542,26-06-2023,1511,Clothing,North,4,594.48,16,Card,2,2.2,1997.45
10543,27-06-2023,1399,Electronics,South,2,179.03,17,COD,9,3.4,297.19
10544,28-06-2023,1653,Home,East,3,585.69,4,Wallet,9,2.9,1686.79
10545,29-06-2023,1971,Electronics,South,4,121.78,28,Card,8,2.2,350.73
10546,30-06-2023,1882,Electronics,North,2,226.24,22,Card,1,4.4,352.93
10547,01-07-2023,1470,Beauty,East,1,455.43,5,Card,5,2.6,432.66
10548,02-07-2023,1142,Home,East,3,399.8,13,Card,10,2.9,1043.48
10549,03-07-2023,1091,Electronics,South,2,354.96,28,Card,11,4.4,511.14
10550,04-07-2023,1353,Electronics,West,6,324.99,20,COD,4,1.4,1559.95
10551,05-07-2023,1833,Electronics,East,1,508.41,4,Card,7,2.6,488.07
10552,06-07-2023,1799,Electronics,North,3,152.44,13,Wallet,11,2.6,397.87
10553,07-07-2023,1726,Electronics,West,5,273.85,8,Card,8,3,1259.71
10554,08-07-2023,1958,Electronics,West,7,105.94,18,COD,10,1.4,608.1
10555,09-07-2023,1853,Clothing,East,3,363.63,30,COD,11,1.4,763.62
10556,10-07-2023,1050,Home,South,6,161.57,15,Wallet,8,2.7,824.01
10557,11-07-2023,1664,Clothing,West,5,210.3,15,COD,2,1.1,893.78
10558,12-07-2023,1697,Home,South,5,290.68,32,Card,3,2,988.31
10559,13-07-2023,1574,Electronics,East,5,30.66,20,Wallet,10,1.8,122.64
10560,14-07-2023,1189,Beauty,North,4,68.78,20,Card,10,3,220.1
10561,15-07-2023,1124,Home,West,4,416.27,9,Card,7,1,1515.22
10562,16-07-2023,1149,Home,North,7,265.95,21,Card,4,3.7,1470.7
10563,17-07-2023,1313,Home,South,5,520.9,20,COD,6,4.4,2083.6
10564,18-07-2023,1569,Beauty,South,7,421.38,14,Card,8,3.8,2536.71
10565,19-07-2023,1341,Clothing,North,1,19.74,35,COD,8,4.3,12.83
10566,20-07-2023,1304,Electronics,East,5,375.78,31,COD,7,3.6,1296.44
10567,21-07-2023,1691,Clothing,East,2,69.83,26,Wallet,2,3,103.35
10568,22-07-2023,1681,Home,West,5,471.85,19,Card,2,1.9,1910.99
10569,23-07-2023,1837,Home,West,4,595.03,16,Card,3,2.1,1999.3
10570,24-07-2023,1782,Clothing,East,4,325.75,6,Card,4,2.3,1224.82
10571,25-07-2023,1053,Electronics,East,2,414.43,11,Card,1,1.2,737.69
10572,26-07-2023,1443,Clothing,North,2,153.83,27,COD,5,4.7,224.59
10573,27-07-2023,1612,Beauty,South,3,270.99,16,COD,7,4.6,682.89
10574,28-07-2023,1992,Clothing,South,1,515.82,31,COD,10,1.4,355.92
10575,29-07-2023,1263,Clothing,West,1,112.94,5,Wallet,11,3.2,107.29
10576,30-07-2023,1052,Electronics,East,1,170.34,18,Wallet,5,2.9,139.68
10577,31-07-2023,1571,Clothing,North,6,275.58,23,Card,7,3.7,1273.18
10578,01-08-2023,1619,Beauty,West,4,431.67,18,Wallet,5,3.4,1415.88
10579,02-08-2023,1004,Home,North,1,234.89,31,Card,11,1.5,162.07
10580,03-08-2023,1102,Home,East,3,557.72,35,COD,10,3.6,1087.55
10581,04-08-2023,1195,Clothing,East,3,70.26,4,COD,8,3.4,202.35
10582,05-08-2023,1773,Clothing,East,1,231.92,5,Wallet,7,3.1,220.32
10583,06-08-2023,1876,Electronics,South,2,429.74,5,COD,1,2.6,816.51
10584,07-08-2023,1991,Home,East,3,147.2,24,COD,11,4.8,335.62
10585,08-08-2023,1883,Clothing,West,7,399,13,Wallet,1,4.4,2429.91
10586,09-08-2023,1349,Clothing,South,2,111.07,26,COD,5,3.3,164.38
10587,10-08-2023,1046,Clothing,North,7,47.75,14,COD,2,1,287.46
10588,11-08-2023,1866,Beauty,West,4,85.79,22,Card,9,2.7,267.66
10589,12-08-2023,1822,Electronics,West,6,559.04,27,Card,2,3.8,2448.6
10590,13-08-2023,1935,Home,North,3,337.77,19,Wallet,9,1.5,820.78
10591,14-08-2023,1819,Electronics,South,2,480.86,19,COD,10,2.6,778.99
10592,15-08-2023,1655,Clothing,West,7,209.6,3,COD,2,1.8,1423.18
10593,16-08-2023,1268,Electronics,West,1,361.71,14,Card,4,2.4,311.07
10594,17-08-2023,1369,Electronics,West,7,304.55,19,Card,3,1.1,1726.8
10595,18-08-2023,1635,Clothing,South,7,568.26,16,Card,6,1.5,3341.37
10596,19-08-2023,1105,Electronics,South,4,452.33,32,COD,4,2.8,1230.34
10597,20-08-2023,1669,Clothing,South,5,442.37,32,Card,9,4.6,1504.06
10598,21-08-2023,1658,Beauty,West,5,42.12,29,Card,9,3,149.53
10599,22-08-2023,1656,Electronics,East,1,336.56,13,COD,10,2.8,292.81
10600,23-08-2023,1119,Home,North,4,288.19,25,COD,9,4.2,864.57
10601,24-08-2023,1830,Clothing,East,4,557.79,14,Card,3,2.1,1918.8
10602,25-08-2023,1786,Home,South,4,165.55,8,COD,3,1.4,609.22
10603,26-08-2023,1603,Electronics,West,4,172.85,12,Wallet,4,1.8,608.43
10604,27-08-2023,1057,Electronics,West,5,255.64,2,COD,9,4.2,1252.64
10605,28-08-2023,1950,Electronics,East,2,157.37,12,Wallet,6,3.7,276.97
10606,29-08-2023,1345,Electronics,East,4,90.57,16,Wallet,9,1.4,304.32
10607,30-08-2023,1740,Electronics,North,2,516.59,33,Card,8,3.7,692.23
10608,31-08-2023,1473,Home,West,7,341.59,11,Card,7,4.7,2128.11
10609,01-09-2023,1116,Beauty,East,7,518.9,32,COD,5,1.2,2469.96
10610,02-09-2023,1829,Home,North,4,501.21,8,COD,9,3.5,1844.45
10611,03-09-2023,1790,Home,South,3,179.99,7,Card,4,2.5,502.17
10612,04-09-2023,1126,Electronics,East,6,335.43,18,Card,4,3,1650.32
10613,05-09-2023,1392,Electronics,South,3,63.68,24,COD,8,3.1,145.19
10614,06-09-2023,1907,Electronics,North,7,550.42,2,Card,4,4.1,3775.88
10615,07-09-2023,1640,Electronics,South,6,251.49,8,Wallet,7,3.2,1388.22
10616,08-09-2023,1057,Clothing,West,3,245.3,16,Card,4,3.4,618.16
10617,09-09-2023,1633,Clothing,West,4,192.11,12,Wallet,11,2.3,676.23
10618,10-09-2023,1512,Clothing,South,2,284.49,25,Card,1,1.5,426.74
10619,11-09-2023,1750,Clothing,West,6,162.28,18,Card,10,3.7,798.42
10620,12-09-2023,1801,Home,North,5,234.29,6,Card,9,1,1101.16
10621,13-09-2023,1095,Home,West,1,482.97,31,Wallet,4,2.3,333.25
10622,14-09-2023,1637,Electronics,South,6,503.04,10,Card,3,1.9,2716.42
10623,15-09-2023,1117,Beauty,South,6,192.95,26,COD,3,2.6,856.7
10624,16-09-2023,1559,Beauty,South,5,289.37,27,Wallet,9,2.2,1056.2
10625,17-09-2023,1600,Electronics,East,4,526.18,34,COD,8,3.8,1389.12
10626,18-09-2023,1487,Clothing,South,3,45.81,17,Card,10,2,114.07
10627,19-09-2023,1236,Clothing,North,3,535.15,22,Wallet,7,3.2,1252.25
10628,20-09-2023,1884,Beauty,West,7,143.22,12,Wallet,7,2.8,882.24
10629,21-09-2023,1896,Beauty,West,2,411.95,24,Card,4,4.2,626.16
10630,22-09-2023,1271,Electronics,East,4,355.79,16,COD,3,2.7,1195.45
10631,23-09-2023,1188,Clothing,East,5,338.47,15,Wallet,4,4.5,1438.5
10632,24-09-2023,1998,Clothing,North,4,517.73,30,Wallet,6,1,1449.64
10633,25-09-2023,1703,Clothing,South,4,74.42,2,Card,4,3.4,291.73
10634,26-09-2023,1446,Electronics,East,3,218.01,31,Wallet,4,1,451.28
10635,27-09-2023,1580,Beauty,West,5,329.88,30,Card,2,3.9,1154.58
10636,28-09-2023,1789,Home,East,1,489.6,18,Card,7,1.9,401.47
10637,29-09-2023,1860,Home,East,6,141.62,17,Card,6,2.5,705.27
10638,30-09-2023,1246,Beauty,South,3,484.71,13,Card,2,2.5,1265.09
10639,01-10-2023,1962,Home,East,5,248.79,35,COD,5,4.4,808.57
10640,02-10-2023,1075,Clothing,North,2,125.51,4,COD,6,1.4,240.98
10641,03-10-2023,1153,Clothing,West,6,459.01,21,Card,5,3.7,2175.71
10642,04-10-2023,1655,Electronics,South,6,68.18,24,Card,4,4.9,310.9
10643,05-10-2023,1434,Home,West,3,316.14,33,Card,11,1.1,635.44
10644,06-10-2023,1996,Electronics,North,7,52.37,27,Wallet,11,4.9,267.61
10645,07-10-2023,1085,Home,North,2,223.5,23,Wallet,9,1.1,344.19
10646,08-10-2023,1696,Electronics,East,3,366.63,4,Card,3,4.4,1055.89
10647,09-10-2023,1284,Electronics,East,4,340.33,13,Wallet,11,4.8,1184.35
10648,10-10-2023,1973,Electronics,East,7,251.72,5,Card,2,5,1673.94
10649,11-10-2023,1219,Electronics,West,5,265.99,31,COD,9,2.8,917.67
10650,12-10-2023,1068,Home,North,2,147.66,26,Wallet,8,4.5,218.54
10651,13-10-2023,1046,Home,South,6,281.69,27,Card,9,1.5,1233.8
10652,14-10-2023,1093,Clothing,East,3,572.65,23,COD,10,2.7,1322.82
10653,15-10-2023,1749,Electronics,West,6,512.51,18,Card,11,2.2,2521.55
10654,16-10-2023,1957,Electronics,East,2,99.96,5,Card,3,2.6,189.92
10655,17-10-2023,1452,Electronics,North,6,32.42,12,COD,1,3.8,171.18
10656,18-10-2023,1203,Electronics,South,3,561.11,5,Wallet,11,1.3,1599.16
10657,19-10-2023,1911,Beauty,North,7,323.15,25,COD,1,5,1696.54
10658,20-10-2023,1217,Electronics,West,3,329.64,6,Wallet,3,3.5,929.58
10659,21-10-2023,1473,Clothing,East,1,471.72,25,Wallet,4,4.5,353.79
10660,22-10-2023,1431,Electronics,North,6,199.09,24,Card,2,4.3,907.85
10661,23-10-2023,1340,Electronics,West,1,296.92,16,Card,8,4.1,249.41
10662,24-10-2023,1550,Clothing,East,7,581.67,5,COD,3,1.2,3868.11
10663,25-10-2023,1611,Clothing,South,1,408.21,11,COD,4,3.1,363.31
10664,26-10-2023,1288,Electronics,North,6,104.94,11,Card,6,2.3,560.38
10665,27-10-2023,1253,Electronics,East,2,92.94,25,Wallet,10,1.5,139.41
10666,28-10-2023,1733,Clothing,East,4,134.49,4,COD,6,2.4,516.44
10667,29-10-2023,1356,Electronics,East,7,463.53,29,Card,2,3.6,2303.74
10668,30-10-2023,1022,Electronics,East,3,187.8,27,COD,6,1.9,411.28
10669,31-10-2023,1761,Beauty,North,5,27.51,7,Card,4,2.8,127.92
10670,01-11-2023,1521,Clothing,East,7,567.34,25,COD,5,2.6,2978.54
10671,02-11-2023,1757,Clothing,West,1,114.28,23,Wallet,7,1.2,88
10672,03-11-2023,1836,Clothing,North,2,20.59,26,Wallet,7,3.5,30.47
10673,04-11-2023,1099,Clothing,East,6,153.72,7,Card,6,3.5,857.76
10674,05-11-2023,1801,Clothing,North,2,152.49,6,COD,10,4.9,286.68
10675,06-11-2023,1179,Home,West,2,261.87,8,COD,6,2.2,481.84
10676,07-11-2023,1222,Home,West,6,553.43,13,Card,6,2.7,2888.9
10677,08-11-2023,1905,Electronics,North,5,529.32,28,Card,4,2.6,1905.55
10678,09-11-2023,1761,Clothing,East,6,282.28,26,COD,3,4.7,1253.32
10679,10-11-2023,1658,Clothing,East,5,255.38,32,COD,1,2.6,868.29
10680,11-11-2023,1441,Beauty,West,6,339.68,2,Card,3,2.8,1997.32
10681,12-11-2023,1607,Clothing,East,1,157.42,0,Card,3,2,157.42
10682,13-11-2023,1768,Clothing,West,5,45.53,24,Card,9,1,173.01
10683,14-11-2023,1324,Electronics,East,1,564.45,10,Card,3,1.4,508.01
10684,15-11-2023,1515,Clothing,West,7,124.22,12,COD,8,3.8,765.2
10685,16-11-2023,1015,Electronics,South,5,131.06,19,Card,8,3.7,530.79
10686,17-11-2023,1791,Electronics,East,5,291.39,4,Card,3,2.3,1398.67
10687,18-11-2023,1335,Electronics,East,6,302.59,22,Wallet,10,2.9,1416.12
10688,19-11-2023,1758,Home,East,5,25.78,11,Card,10,2.2,114.72
10689,20-11-2023,1257,Electronics,North,1,101.55,22,COD,6,3.9,79.21
10690,21-11-2023,1496,Clothing,East,7,236.22,29,Wallet,8,4.4,1174.01
10691,22-11-2023,1987,Beauty,North,6,414.98,6,COD,8,4.6,2340.49
10692,23-11-2023,1895,Electronics,North,3,148.62,33,COD,10,1.7,298.73
10693,24-11-2023,1159,Clothing,West,7,262.46,19,Card,10,3.8,1488.15
10694,25-11-2023,1474,Clothing,North,7,341.05,32,Card,9,4.9,1623.4
10695,26-11-2023,1851,Electronics,North,1,534.83,7,COD,9,3.6,497.39
10696,27-11-2023,1663,Home,South,7,205.75,21,COD,8,2.4,1137.8
10697,28-11-2023,1907,Electronics,East,3,93.13,14,Card,7,3.5,240.28
10698,29-11-2023,1689,Clothing,North,2,301.22,27,COD,10,3.8,439.78
10699,30-11-2023,1674,Clothing,East,6,451.83,21,Wallet,3,2.6,2141.67
10700,01-12-2023,1379,Clothing,North,2,79.27,17,Card,7,1.4,131.59
10701,02-12-2023,1544,Home,West,6,263.44,32,COD,4,3.4,1074.84
10702,03-12-2023,1928,Electronics,South,7,25.4,13,COD,2,4.2,154.69
10703,04-12-2023,1956,Electronics,North,6,34.63,8,Wallet,8,5,191.16
10704,05-12-2023,1690,Home,East,1,297.53,21,Wallet,2,1.9,235.05
10705,06-12-2023,1426,Clothing,West,3,189.45,22,COD,1,3.8,443.31
10706,07-12-2023,1612,Home,East,6,509.39,15,Card,5,1.1,2597.89
10707,08-12-2023,1267,Home,West,3,367.26,17,Card,10,4.9,914.48
10708,09-12-2023,1834,Home,South,6,280.55,34,Card,9,1.1,1110.98
10709,10-12-2023,1576,Clothing,West,3,253.64,26,COD,5,2.4,563.08
10710,11-12-2023,1416,Electronics,East,2,305.89,4,COD,11,1.3,587.31
10711,12-12-2023,1167,Home,East,1,38.66,7,Wallet,2,3.5,35.95
10712,13-12-2023,1841,Clothing,North,6,537.28,34,COD,10,2.4,2127.63
10713,14-12-2023,1042,Electronics,West,4,599.01,25,COD,4,3.9,1797.03
10714,15-12-2023,1555,Beauty,East,3,121.17,32,COD,8,2.9,247.19
10715,16-12-2023,1284,Beauty,North,3,85.42,11,Card,7,2.7,228.07
10716,17-12-2023,1396,Clothing,South,4,98.99,26,COD,5,2.4,293.01
10717,18-12-2023,1011,Electronics,East,1,401.7,25,COD,4,1.3,301.27
10718,19-12-2023,1606,Clothing,North,3,401.94,10,Wallet,5,1.8,1085.24
10719,20-12-2023,1301,Home,East,1,511.04,19,Card,7,3.6,413.94
10720,21-12-2023,1897,Beauty,West,3,454.82,22,Wallet,5,3,1064.28
10721,22-12-2023,1252,Electronics,North,7,278.07,17,COD,8,1.3,1615.59
10722,23-12-2023,1498,Electronics,West,5,373.52,29,Card,7,3.2,1326
10723,24-12-2023,1753,Beauty,South,7,417.65,29,Card,7,1.2,2075.72
10724,25-12-2023,1034,Clothing,West,3,314.95,30,Card,9,3,661.39
10725,26-12-2023,1726,Clothing,North,5,293.26,28,COD,8,4.9,1055.74
10726,27-12-2023,1848,Beauty,East,6,392.38,17,Card,8,2.2,1954.05
10727,28-12-2023,1089,Electronics,North,1,341.12,13,Card,6,3.9,296.77
10728,29-12-2023,1775,Clothing,West,3,391.71,29,Wallet,7,4,834.34
10729,30-12-2023,1604,Electronics,West,2,373.52,17,COD,8,2.6,620.04
10730,31-12-2023,1921,Clothing,East,2,435.73,9,COD,5,3.4,793.03
10731,01-01-2024,1969,Home,South,4,391.04,18,Card,10,2.9,1282.61
10732,02-01-2024,1601,Clothing,North,2,319.05,5,COD,2,2.1,606.2
10733,03-01-2024,1417,Beauty,East,5,413.85,24,Card,7,4,1572.63
10734,04-01-2024,1114,Clothing,East,2,277.95,12,Wallet,10,3.8,489.19
10735,05-01-2024,1616,Electronics,East,2,156.38,9,Card,3,4.6,284.61
10736,06-01-2024,1902,Electronics,North,2,15.83,33,COD,10,3.5,21.21
10737,07-01-2024,1195,Clothing,North,3,342.58,27,COD,11,2.6,750.25
10738,08-01-2024,1825,Clothing,North,4,360.53,28,COD,8,3.9,1038.33
10739,09-01-2024,1500,Electronics,South,1,583.65,22,Wallet,6,3.5,455.25
10740,10-01-2024,1625,Clothing,East,4,226.46,29,Card,11,3.5,643.15
10741,11-01-2024,1492,Clothing,West,5,245.57,27,Card,4,4.4,896.33
10742,12-01-2024,1074,Home,West,3,133.05,21,COD,2,4.6,315.33
10743,13-01-2024,1412,Home,East,6,56.26,34,COD,7,1.7,222.79
10744,14-01-2024,1375,Home,West,3,467.09,7,Card,1,2.3,1303.18
10745,15-01-2024,1419,Electronics,South,7,161.06,33,Card,7,3.6,755.37
10746,16-01-2024,1728,Electronics,South,2,371.21,14,COD,10,3.2,638.48
10747,17-01-2024,1276,Home,North,2,417.35,18,Wallet,10,3.6,684.45
10748,18-01-2024,1760,Clothing,North,5,290.67,4,COD,7,2.7,1395.22
10749,19-01-2024,1675,Electronics,North,6,527.67,19,Wallet,10,2.6,2564.48
10750,20-01-2024,1393,Home,North,7,274.62,21,COD,3,1.5,1518.65
10751,21-01-2024,1868,Home,North,3,181.67,35,Card,4,3.5,354.26
10752,22-01-2024,1456,Clothing,West,6,539.17,34,Card,4,1.7,2135.11
10753,23-01-2024,1919,Electronics,West,1,519.02,34,COD,4,3.7,342.55
10754,24-01-2024,1191,Home,North,4,110.96,12,COD,9,4.9,390.58
10755,25-01-2024,1738,Clothing,South,3,30.19,35,COD,6,2,58.87
10756,26-01-2024,1688,Home,West,6,67.64,16,COD,10,1.6,340.91
10757,27-01-2024,1098,Home,South,1,182.63,30,Wallet,9,1.1,127.84
10758,28-01-2024,1547,Home,South,1,583.77,8,COD,4,2.5,537.07
10759,29-01-2024,1977,Clothing,East,7,341.73,18,Card,7,1.9,1961.53
10760,30-01-2024,1998,Electronics,East,7,233.36,34,Card,10,3,1078.12
10761,31-01-2024,1095,Home,North,4,534.9,33,COD,9,3.1,1433.53
10762,01-02-2024,1663,Clothing,South,1,280.08,24,Wallet,10,2.4,212.86
10763,02-02-2024,1662,Home,West,5,199.41,28,Card,3,4,717.88
10764,03-02-2024,1189,Electronics,East,1,565.61,6,Wallet,3,4.6,531.67
10765,04-02-2024,1735,Electronics,East,6,511.97,25,Wallet,6,1.8,2303.87
10766,05-02-2024,1036,Beauty,South,7,508.55,22,COD,8,4.3,2776.68
10767,06-02-2024,1779,Home,East,5,314.69,3,Card,1,1.5,1526.25
10768,07-02-2024,1368,Beauty,East,7,476.82,4,Card,4,1.9,3204.23
10769,08-02-2024,1694,Home,West,7,119.92,4,Card,8,3.2,805.86
10770,09-02-2024,1524,Clothing,South,7,350.34,25,Card,6,2.2,1839.28
10771,10-02-2024,1278,Home,East,1,590.55,5,COD,2,1.2,561.02
10772,11-02-2024,1216,Beauty,South,2,185.21,16,Card,8,2.2,311.15
10773,12-02-2024,1866,Clothing,East,1,479.7,12,COD,1,4.6,422.14
10774,13-02-2024,1872,Clothing,West,7,301.93,19,Card,1,1.7,1711.94
10775,14-02-2024,1797,Electronics,South,5,38.29,25,Card,7,4.1,143.59
10776,15-02-2024,1272,Clothing,East,1,461.37,24,COD,10,3.9,350.64
10777,16-02-2024,1880,Home,West,7,113.61,18,Wallet,3,1.4,652.12
10778,17-02-2024,1061,Electronics,East,7,384.41,16,COD,8,2.3,2260.33
10779,18-02-2024,1595,Electronics,South,1,65.11,14,COD,9,1.8,55.99
10780,19-02-2024,1879,Electronics,East,1,568.92,30,COD,8,1.1,398.24
10781,20-02-2024,1728,Electronics,South,5,185.66,12,COD,1,1.7,816.9
10782,21-02-2024,1341,Electronics,South,1,147.48,9,Wallet,1,1.8,134.21
10783,22-02-2024,1396,Clothing,East,4,90.54,26,Card,6,1.7,268
10784,23-02-2024,1698,Beauty,West,6,568.41,13,Wallet,1,1.4,2967.1
10785,24-02-2024,1018,Clothing,North,4,431.46,30,Card,8,3.1,1208.09
10786,25-02-2024,1176,Electronics,West,5,448.87,11,Wallet,6,2.3,1997.47
10787,26-02-2024,1611,Electronics,West,2,307.15,25,Card,5,4.6,460.72
10788,27-02-2024,1395,Home,East,4,292.72,2,Wallet,6,1.7,1147.46
10789,28-02-2024,1444,Clothing,West,7,79.36,13,Wallet,4,3.4,483.3
10790,29-02-2024,1232,Home,West,6,342.51,12,Card,1,4.6,1808.45
10791,01-03-2024,1914,Home,North,3,159.45,29,Wallet,7,1.2,339.63
10792,02-03-2024,1075,Home,West,6,586.63,34,Card,10,3.1,2323.05
10793,03-03-2024,1264,Electronics,North,4,481,16,Card,9,2.8,1616.16
10794,04-03-2024,1454,Home,East,3,256.6,29,Card,4,4.7,546.56
10795,05-03-2024,1795,Electronics,North,5,103.53,24,Wallet,4,3.7,393.41
10796,06-03-2024,1717,Beauty,South,6,474.42,34,COD,9,2.4,1878.7
10797,07-03-2024,1734,Clothing,South,2,86.4,28,COD,4,3.8,124.42
10798,08-03-2024,1383,Electronics,North,3,125.76,3,COD,10,3.3,365.96
10799,09-03-2024,1563,Electronics,South,3,138.74,25,Wallet,4,2.4,312.17
10800,10-03-2024,1850,Electronics,East,6,340.78,19,COD,8,4.1,1656.19
10801,11-03-2024,1505,Home,South,4,475.43,1,Card,11,3.7,1882.7
10802,12-03-2024,1366,Electronics,North,3,198.87,9,Card,4,1,542.92
10803,13-03-2024,1143,Clothing,East,5,64.53,32,Card,9,4.5,219.4
10804,14-03-2024,1884,Electronics,South,6,286.76,32,COD,11,2.6,1169.98
10805,15-03-2024,1068,Home,East,5,452.64,28,Card,8,3.6,1629.5
10806,16-03-2024,1098,Home,North,6,144.67,34,Card,5,2.6,572.89
10807,17-03-2024,1395,Home,South,5,143.66,28,Wallet,9,4.5,517.18
10808,18-03-2024,1024,Home,East,4,569.13,0,Card,8,3.6,2276.52
10809,19-03-2024,1947,Electronics,East,6,573.18,10,COD,10,3.3,3095.17
10810,20-03-2024,1890,Electronics,South,7,594.42,1,Card,4,4.9,4119.33
10811,21-03-2024,1468,Home,East,2,487.48,3,Card,4,2.1,945.71
10812,22-03-2024,1483,Clothing,East,4,125.09,8,Card,1,1.3,460.33
10813,23-03-2024,1564,Clothing,North,5,139.01,18,Card,4,3.1,569.94
10814,24-03-2024,1150,Electronics,North,6,214.03,30,Wallet,8,2.7,898.93
10815,25-03-2024,1143,Electronics,North,4,201.11,30,Card,5,2.8,563.11
10816,26-03-2024,1568,Electronics,North,5,574.57,22,Card,6,3.5,2240.82
10817,27-03-2024,1038,Beauty,North,1,476.61,32,COD,4,3.5,324.09
10818,28-03-2024,1108,Electronics,North,1,438.55,18,COD,5,2.6,359.61
10819,29-03-2024,1692,Clothing,South,3,123.79,31,COD,10,4.5,256.25
10820,30-03-2024,1041,Electronics,North,2,547.07,16,Wallet,8,3.6,919.08
10821,31-03-2024,1185,Home,East,1,499.3,10,COD,9,4.6,449.37
10822,01-04-2024,1934,Electronics,South,7,110.73,32,Card,3,4.7,527.07
10823,02-04-2024,1397,Beauty,East,5,524.63,14,Wallet,10,1.7,2255.91
10824,03-04-2024,1222,Beauty,North,4,174.26,18,COD,4,3.7,571.57
10825,04-04-2024,1633,Electronics,North,6,62.31,12,Card,1,2.3,329
10826,05-04-2024,1132,Beauty,East,4,399.24,23,Card,11,4.3,1229.66
10827,06-04-2024,1162,Beauty,East,3,397.48,35,Card,5,3.9,775.09
10828,07-04-2024,1214,Home,East,4,70.54,1,Card,4,1.8,279.34
10829,08-04-2024,1732,Home,West,1,201.53,31,Card,6,4.8,139.06
10830,09-04-2024,1234,Electronics,West,4,595.8,0,Card,6,3.7,2383.2
10831,10-04-2024,1842,Clothing,West,1,411.88,13,Wallet,10,4.8,358.34
10832,11-04-2024,1657,Electronics,West,1,442.09,6,Wallet,6,1.8,415.56
10833,12-04-2024,1750,Electronics,South,2,139.56,27,COD,3,4.5,203.76
10834,13-04-2024,1587,Beauty,North,3,61.09,2,Wallet,7,3.7,179.6
10835,14-04-2024,1008,Electronics,East,7,176.99,19,Card,3,3.2,1003.53
10836,15-04-2024,1073,Home,North,7,160.61,10,Wallet,6,4.3,1011.84
10837,16-04-2024,1953,Home,East,5,152.21,5,COD,10,3.5,723
10838,17-04-2024,1491,Beauty,North,7,127.76,27,Card,1,3.7,652.85
10839,18-04-2024,1912,Beauty,South,1,351.23,8,Card,8,2,323.13
10840,19-04-2024,1252,Electronics,West,6,206.94,8,Card,7,4.3,1142.31
10841,20-04-2024,1229,Electronics,North,3,494.9,10,Card,9,3.6,1336.23
10842,21-04-2024,1518,Clothing,East,5,122.61,21,Card,3,4.4,484.31
10843,22-04-2024,1173,Electronics,North,7,286.81,23,Card,8,2.4,1545.91
10844,23-04-2024,1652,Electronics,South,7,22.99,1,Card,2,2.3,159.32
10845,24-04-2024,1167,Clothing,South,6,296.78,8,Card,9,1.1,1638.23
10846,25-04-2024,1169,Home,North,4,47.67,15,Wallet,1,4.1,162.08
10847,26-04-2024,1392,Clothing,West,3,586.97,12,Card,10,2.3,1549.6
10848,27-04-2024,1945,Electronics,East,6,477.5,31,Card,7,2.3,1976.85
10849,28-04-2024,1794,Home,South,7,301.72,28,COD,10,3.8,1520.67
10850,29-04-2024,1633,Electronics,South,3,65.65,22,Wallet,1,2,153.62
10851,30-04-2024,1193,Electronics,North,3,361.58,12,Card,6,4.6,954.57
10852,01-05-2024,1516,Home,South,7,458.88,25,Wallet,1,3.2,2409.12
10853,02-05-2024,1028,Clothing,South,4,126.57,30,Card,4,4.9,354.4
10854,03-05-2024,1164,Home,East,4,347.4,21,Card,7,1.3,1097.78
10855,04-05-2024,1421,Electronics,West,7,491.31,27,Card,2,2.3,2510.59
10856,05-05-2024,1338,Home,East,3,464.42,26,COD,3,2.5,1031.01
10857,06-05-2024,1647,Clothing,West,6,484.75,20,Card,4,3.9,2326.8
10858,07-05-2024,1495,Clothing,East,2,529.4,11,COD,6,1.9,942.33
10859,08-05-2024,1364,Clothing,North,1,563.54,26,Card,9,2.5,417.02
10860,09-05-2024,1832,Beauty,South,4,252.23,7,COD,4,4.6,938.3
10861,10-05-2024,1341,Clothing,West,7,347.73,27,Card,6,1.5,1776.9
10862,11-05-2024,1499,Clothing,North,2,477.54,28,COD,7,4,687.66
10863,12-05-2024,1656,Beauty,South,4,422.83,29,COD,4,3.8,1200.84
10864,13-05-2024,1510,Home,South,3,597.38,17,COD,6,1.5,1487.48
10865,14-05-2024,1326,Clothing,South,7,23,7,Card,3,3.8,149.73
10866,15-05-2024,1216,Home,East,2,222.75,3,Wallet,5,3.3,432.14
10867,16-05-2024,1300,Clothing,North,7,179.4,26,COD,11,2.2,929.29
10868,17-05-2024,1131,Electronics,North,6,168.45,31,Card,10,2.2,697.38
10869,18-05-2024,1803,Clothing,South,6,145.18,23,Wallet,4,4.3,670.73
10870,19-05-2024,1069,Beauty,West,5,429.84,5,COD,7,1.9,2041.74
10871,20-05-2024,1251,Beauty,North,1,64.58,33,COD,6,3.1,43.27
10872,21-05-2024,1414,Electronics,East,1,448.84,35,Card,7,3.7,291.75
10873,22-05-2024,1786,Clothing,West,4,420.65,15,COD,6,1.5,1430.21
10874,23-05-2024,1444,Electronics,West,1,161.72,21,Card,2,4.7,127.76
10875,24-05-2024,1875,Beauty,West,7,162.91,27,Card,7,2,832.47
10876,25-05-2024,1181,Beauty,West,7,382.88,26,Card,8,2.3,1983.32
10877,26-05-2024,1166,Clothing,North,5,460.87,34,COD,7,3.7,1520.87
10878,27-05-2024,1090,Home,South,6,527.74,4,Card,4,1.3,3039.78
10879,28-05-2024,1713,Home,West,2,513.5,20,Wallet,4,3.5,821.6
10880,29-05-2024,1857,Clothing,East,2,579.46,24,Card,5,4.7,880.78
10881,30-05-2024,1530,Electronics,East,6,355.11,31,Card,9,2,1470.16
10882,31-05-2024,1038,Clothing,South,3,546.56,31,COD,5,2.4,1131.38
10883,01-06-2024,1125,Home,North,6,487.98,34,COD,2,1.9,1932.4
10884,02-06-2024,1450,Home,South,2,538.38,18,Card,5,4.3,882.94
10885,03-06-2024,1172,Clothing,West,4,21.8,29,Card,3,1.7,61.91
10886,04-06-2024,1652,Beauty,North,5,580.05,15,Card,10,2.4,2465.21
10887,05-06-2024,1753,Electronics,North,6,292.02,15,COD,8,3.4,1489.3
10888,06-06-2024,1219,Clothing,West,3,481.94,9,Card,10,2.6,1315.7
10889,07-06-2024,1637,Home,East,4,89.41,29,COD,10,1.3,253.92
10890,08-06-2024,1057,Home,West,6,246.63,35,COD,2,4.8,961.86
10891,09-06-2024,1659,Clothing,South,4,173.8,9,Card,11,2.4,632.63
10892,10-06-2024,1475,Electronics,West,6,185.62,2,Card,4,2.8,1091.45
10893,11-06-2024,1455,Electronics,East,4,87.1,29,Card,5,1.7,247.36
10894,12-06-2024,1828,Clothing,West,7,486.37,22,Card,4,4.5,2655.58
10895,13-06-2024,1894,Clothing,South,1,20.41,34,COD,5,2.2,13.47
10896,14-06-2024,1360,Electronics,South,4,197.82,9,COD,10,1.1,720.06
10897,15-06-2024,1934,Home,East,7,117.03,2,COD,11,2.3,802.83
10898,16-06-2024,1000,Clothing,South,1,359.59,17,Card,4,4.9,298.46
10899,17-06-2024,1386,Home,South,2,163.74,3,Wallet,3,1.6,317.66
10900,18-06-2024,1972,Home,West,1,166.51,9,Card,1,1.1,151.52
10901,19-06-2024,1347,Electronics,North,4,300.68,4,Card,4,3.3,1154.61
10902,20-06-2024,1189,Electronics,South,5,396.82,8,COD,9,2.5,1825.37
10903,21-06-2024,1504,Home,South,5,85.96,4,Wallet,1,4.2,412.61
10904,22-06-2024,1190,Clothing,East,2,117.67,33,Card,7,3.9,157.68
10905,23-06-2024,1507,Home,East,4,159.6,10,COD,3,1.7,574.56
10906,24-06-2024,1368,Home,West,1,584.64,16,Wallet,8,3.3,491.1
10907,25-06-2024,1408,Home,West,5,247.33,31,COD,6,1.1,853.29
10908,26-06-2024,1823,Beauty,South,6,365.41,24,Card,1,2.8,1666.27
10909,27-06-2024,1928,Clothing,North,3,156.3,22,Wallet,10,3.9,365.74
10910,28-06-2024,1933,Clothing,North,4,301.92,25,COD,5,2.7,905.76
10911,29-06-2024,1116,Clothing,West,7,58.36,29,COD,8,1.5,290.05
10912,30-06-2024,1133,Electronics,East,7,35.32,31,COD,11,1.2,170.6
10913,01-07-2024,1057,Clothing,South,6,289.21,22,Wallet,3,4.4,1353.5
10914,02-07-2024,1555,Electronics,South,6,248.22,31,Card,4,4.6,1027.63
10915,03-07-2024,1684,Beauty,North,4,95.07,19,Card,7,2.4,308.03
10916,04-07-2024,1671,Clothing,West,3,417.25,10,COD,11,1.7,1126.58
10917,05-07-2024,1172,Clothing,North,5,595.85,31,Card,6,4.9,2055.68
10918,06-07-2024,1828,Clothing,North,3,246.45,19,Card,7,3.2,598.87
10919,07-07-2024,1814,Electronics,West,2,380.37,32,COD,9,2.9,517.3
10920,08-07-2024,1148,Electronics,East,1,578.34,1,Card,9,4,572.56
10921,09-07-2024,1079,Clothing,South,1,501.45,14,COD,2,1.7,431.25
10922,10-07-2024,1885,Electronics,East,6,286.18,33,Wallet,3,3.3,1150.44
10923,11-07-2024,1212,Clothing,West,5,446.43,9,Card,4,4.6,2031.26
10924,12-07-2024,1202,Beauty,West,3,89.96,33,Wallet,6,1.1,180.82
10925,13-07-2024,1763,Beauty,South,6,314.58,33,Card,5,3.7,1264.61
10926,14-07-2024,1228,Home,East,4,178.25,31,Wallet,6,3.2,491.97
10927,15-07-2024,1675,Electronics,South,6,109.28,20,Wallet,11,4.8,524.54
10928,16-07-2024,1226,Beauty,North,4,264.37,23,Card,8,2,814.26
10929,17-07-2024,1658,Beauty,North,4,91.64,30,Card,2,4.4,256.59
10930,18-07-2024,1531,Electronics,North,2,423.91,27,Card,6,2.2,618.91
10931,19-07-2024,1440,Home,East,2,281.9,22,Wallet,9,2.7,439.76
10932,20-07-2024,1401,Electronics,North,4,325.72,34,Wallet,5,1.9,859.9
10933,21-07-2024,1046,Home,South,5,100.63,24,Card,1,4.5,382.39
10934,22-07-2024,1232,Beauty,East,2,96.77,34,COD,8,1.8,127.74
10935,23-07-2024,1304,Electronics,South,2,356.3,2,Card,4,4.4,698.35
10936,24-07-2024,1525,Beauty,West,1,591.23,5,COD,8,2.8,561.67
10937,25-07-2024,1142,Clothing,East,6,71.31,16,Wallet,4,4.3,359.4
10938,26-07-2024,1414,Beauty,South,1,182.15,13,Card,11,2.1,158.47
10939,27-07-2024,1512,Clothing,South,5,523.63,27,Wallet,8,1.5,1911.25
10940,28-07-2024,1372,Home,East,2,57.28,6,Wallet,9,3.2,107.69
10941,29-07-2024,1565,Electronics,West,7,527.39,34,Wallet,5,3,2436.54
10942,30-07-2024,1885,Electronics,East,2,321.71,11,Card,5,2.4,572.64
10943,31-07-2024,1258,Electronics,North,3,253.84,15,Card,2,3.7,647.29
10944,01-08-2024,1655,Beauty,North,5,196.16,10,Card,9,1.4,882.72
10945,02-08-2024,1470,Home,West,7,188.81,20,COD,11,3.5,1057.34
10946,03-08-2024,1952,Beauty,South,6,193.89,2,COD,4,1.8,1140.07
10947,04-08-2024,1970,Beauty,South,6,532.61,5,Card,3,1.5,3035.88
10948,05-08-2024,1011,Electronics,South,7,438.42,26,COD,2,4.6,2271.02
10949,06-08-2024,1329,Clothing,East,6,406.79,7,Card,3,2.8,2269.89
10950,07-08-2024,1735,Electronics,East,7,482.27,8,Card,4,4.1,3105.82
10951,08-08-2024,1783,Electronics,West,5,165.41,28,Card,9,1.4,595.48
10952,09-08-2024,1967,Electronics,North,7,376.56,3,Card,6,1.2,2556.84
10953,10-08-2024,1357,Clothing,South,7,284.14,15,Card,10,3,1690.63
10954,11-08-2024,1971,Electronics,North,3,472.73,1,Card,5,2.3,1404.01
10955,12-08-2024,1407,Electronics,East,3,195.91,12,Wallet,9,1,517.2
10956,13-08-2024,1667,Electronics,East,1,391.26,24,COD,8,1.7,297.36
10957,14-08-2024,1372,Electronics,East,5,531.09,3,Card,6,1.9,2575.79
10958,15-08-2024,1007,Beauty,North,5,250.26,31,COD,3,2.2,863.4
10959,16-08-2024,1121,Home,West,3,53.97,32,COD,7,4.5,110.1
10960,17-08-2024,1347,Beauty,West,4,316.89,4,Card,10,2.7,1216.86
10961,18-08-2024,1675,Clothing,East,4,217.39,35,COD,6,3.7,565.21
10962,19-08-2024,1089,Electronics,South,1,408.25,10,COD,11,1.1,367.42
10963,20-08-2024,1647,Home,North,4,571.35,3,COD,8,4.3,2216.84
10964,21-08-2024,1697,Electronics,East,4,299.08,0,COD,6,2,1196.32
10965,22-08-2024,1315,Electronics,North,4,287.72,14,COD,11,2.2,989.76
10966,23-08-2024,1177,Electronics,North,2,397.93,22,Card,10,1.2,620.77
10967,24-08-2024,1539,Electronics,West,1,75.55,12,Wallet,4,2.6,66.48
10968,25-08-2024,1731,Electronics,East,3,163.3,29,Card,10,4.4,347.83
10969,26-08-2024,1868,Clothing,West,4,552.6,25,Wallet,7,2.5,1657.8
10970,27-08-2024,1040,Home,East,6,406.92,12,Card,7,4.6,2148.54
10971,28-08-2024,1739,Electronics,North,7,22.86,26,Card,11,4.5,118.41
10972,29-08-2024,1703,Electronics,West,2,134.71,33,COD,8,1.2,180.51
10973,30-08-2024,1922,Home,North,4,414.46,3,Card,2,2.2,1608.1
10974,31-08-2024,1501,Electronics,East,7,462.17,11,Wallet,11,4.6,2879.32
10975,01-09-2024,1958,Electronics,South,7,506.32,16,Card,6,1.1,2977.16
10976,02-09-2024,1144,Beauty,West,2,185.92,17,COD,3,4.1,308.63
10977,03-09-2024,1200,Electronics,West,1,559.65,19,Card,8,4.6,453.32
10978,04-09-2024,1928,Electronics,North,6,338.47,11,Card,4,4.1,1807.43
10979,05-09-2024,1723,Clothing,North,6,422.48,23,Card,4,4,1951.86
10980,06-09-2024,1460,Electronics,South,6,364.09,23,COD,2,4.4,1682.1
10981,07-09-2024,1731,Clothing,West,4,86.8,20,COD,6,3.7,277.76
10982,08-09-2024,1751,Home,East,2,578.42,4,COD,6,2.7,1110.57
10983,09-09-2024,1924,Electronics,East,6,86.88,17,Wallet,1,1.3,432.66
10984,10-09-2024,1908,Clothing,West,7,164.11,12,COD,8,4.2,1010.92
10985,11-09-2024,1557,Clothing,West,7,490.97,17,Wallet,3,4.6,2852.54
10986,12-09-2024,1546,Electronics,West,5,376.88,32,Card,1,3,1281.39
10987,13-09-2024,1252,Clothing,South,5,505.32,17,Card,10,3.1,2097.08
10988,14-09-2024,1389,Electronics,East,2,316.71,0,Card,1,2.6,633.42
10989,15-09-2024,1593,Clothing,East,4,235.54,15,Card,1,4.4,800.84
10990,16-09-2024,1882,Electronics,North,4,554.28,29,COD,5,1.1,1574.16
10991,17-09-2024,1255,Clothing,North,1,36.21,27,COD,5,3.5,26.43
10992,18-09-2024,1708,Electronics,West,1,515.84,18,COD,1,4.6,422.99
10993,19-09-2024,1814,Home,North,6,150.03,9,COD,5,1.4,819.16
10994,20-09-2024,1920,Electronics,South,3,511.51,16,Wallet,7,4.8,1289.01
10995,21-09-2024,1449,Clothing,East,7,96.43,20,Wallet,5,4.9,540.01
10996,22-09-2024,1009,Clothing,East,1,354.43,35,Card,9,4.7,230.38
10997,23-09-2024,1823,Home,North,4,534.54,23,Card,4,2.9,1646.38
10998,24-09-2024,1797,Clothing,West,7,292.02,24,Card,9,2.5,1553.55
10999,25-09-2024,1241,Home,North,3,451.74,17,Card,8,3.8,1124.83
11000,26-09-2024,1250,Home,West,1,485.73,12,COD,1,2.3,427.44
11001,27-09-2024,1876,Beauty,South,2,445.85,28,COD,4,1.3,642.02
11002,28-09-2024,1004,Electronics,East,5,556.32,17,Card,7,4.6,2308.73
11003,29-09-2024,1118,Clothing,South,1,276.4,35,COD,1,3.5,179.66
11004,30-09-2024,1800,Home,East,1,116.28,16,COD,8,1.8,97.68
11005,01-10-2024,1373,Beauty,South,2,42.97,2,Card,11,1.1,84.22
11006,02-10-2024,1064,Beauty,North,4,159.18,24,Card,2,3.9,483.91
11007,03-10-2024,1145,Clothing,South,6,98.77,2,Wallet,8,4.4,580.77
11008,04-10-2024,1223,Electronics,South,2,341.4,9,COD,11,2.6,621.35
11009,05-10-2024,1238,Clothing,North,6,123.19,12,Card,4,1.3,650.44
11010,06-10-2024,1176,Home,East,1,37.78,26,Card,8,3.6,27.96
11011,07-10-2024,1778,Clothing,East,4,36.05,17,Card,1,2.2,119.69
11012,08-10-2024,1852,Clothing,North,3,501.47,1,Card,5,1.6,1489.37
11013,09-10-2024,1281,Home,South,1,361,22,Wallet,9,3,281.58
11014,10-10-2024,1062,Clothing,South,2,224.48,14,Card,7,2.9,386.11
11015,11-10-2024,1216,Beauty,South,3,538.12,32,Card,3,3.1,1097.76
11016,12-10-2024,1853,Clothing,West,5,56.07,17,Card,4,4.3,232.69
11017,13-10-2024,1826,Electronics,East,3,588.49,25,COD,10,2.9,1324.1
11018,14-10-2024,1794,Clothing,South,2,375.53,8,Card,7,4.6,690.98
11019,15-10-2024,1688,Home,East,7,122.33,27,Card,6,4.4,625.11
11020,16-10-2024,1460,Electronics,South,3,412.26,25,COD,4,3.6,927.58
11021,17-10-2024,1928,Electronics,North,2,461.58,32,Card,3,1.2,627.75
11022,18-10-2024,1609,Beauty,North,7,266.17,1,Card,11,4.5,1844.56
11023,19-10-2024,1104,Electronics,East,1,519.06,16,Card,2,4.6,436.01
11024,20-10-2024,1098,Clothing,East,7,103.18,24,COD,10,2.5,548.92
11025,21-10-2024,1510,Clothing,North,4,178.12,3,Wallet,9,3.1,691.11
11026,22-10-2024,1384,Clothing,West,5,69.69,14,Card,3,2.1,299.67
11027,23-10-2024,1404,Clothing,North,7,138.36,33,Card,7,1.1,648.91
11028,24-10-2024,1822,Electronics,South,4,154.66,15,Card,1,2.9,525.84
11029,25-10-2024,1517,Clothing,West,4,551.82,34,COD,8,1.5,1456.8
11030,26-10-2024,1475,Clothing,North,4,60.69,2,COD,1,1.7,237.9
11031,27-10-2024,1976,Home,West,7,265.04,25,COD,2,2.9,1391.46
11032,28-10-2024,1708,Electronics,West,2,326.45,20,COD,1,4.5,522.32
11033,29-10-2024,1862,Clothing,West,2,540.74,18,Wallet,4,4.4,886.81
11034,30-10-2024,1644,Electronics,East,5,598.65,34,Wallet,2,4.9,1975.54
11035,31-10-2024,1869,Electronics,North,2,455.73,5,COD,1,2.9,865.89
11036,01-11-2024,1770,Electronics,East,6,582.91,31,COD,1,3.2,2413.25
11037,02-11-2024,1436,Electronics,East,2,475.45,24,Card,2,4.3,722.68
11038,03-11-2024,1022,Home,South,2,578.47,9,COD,6,3.8,1052.82
11039,04-11-2024,1996,Electronics,South,2,428.75,32,COD,2,1.7,583.1
11040,05-11-2024,1564,Beauty,West,1,61.66,15,COD,11,2.6,52.41
11041,06-11-2024,1676,Beauty,West,5,250.12,28,Card,2,4.7,900.43
11042,07-11-2024,1713,Clothing,South,6,393.26,14,COD,8,1.6,2029.22
11043,08-11-2024,1457,Electronics,South,2,220.17,30,COD,5,1.8,308.24
11044,09-11-2024,1082,Clothing,North,5,174.93,22,COD,8,2.6,682.23
11045,10-11-2024,1144,Home,West,3,352.78,5,Card,8,4.8,1005.42
11046,11-11-2024,1084,Clothing,West,1,561.1,23,Card,2,1.5,432.05
11047,12-11-2024,1077,Electronics,South,7,35.46,7,Card,7,3.7,230.84
11048,13-11-2024,1456,Clothing,North,2,465,14,Wallet,9,1.5,799.8
11049,14-11-2024,1877,Home,South,6,437.8,6,COD,8,3.1,2469.19
11050,15-11-2024,1000,Home,South,1,578.91,1,Card,9,3.1,573.12
11051,16-11-2024,1050,Electronics,East,6,559.47,7,Card,8,1.2,3121.84
11052,17-11-2024,1684,Home,West,7,460.91,19,COD,4,4.8,2613.36
11053,18-11-2024,1716,Electronics,North,7,319.44,17,Card,10,4.2,1855.95
11054,19-11-2024,1771,Electronics,East,1,134.5,18,Wallet,7,2.2,110.29
11055,20-11-2024,1445,Beauty,West,3,333.96,9,COD,9,1.5,911.71
11056,21-11-2024,1448,Electronics,South,5,462.73,24,Card,9,2.4,1758.37
11057,22-11-2024,1880,Electronics,North,1,538.97,25,COD,4,4.6,404.23
11058,23-11-2024,1487,Electronics,West,4,476.98,13,Card,7,1.5,1659.89
11059,24-11-2024,1799,Beauty,South,7,129.23,31,Wallet,6,2.4,624.18
11060,25-11-2024,1033,Home,East,3,365.82,23,Card,3,3,845.04
11061,26-11-2024,1347,Clothing,North,7,209.32,25,Wallet,10,1.1,1098.93
11062,27-11-2024,1094,Home,West,4,20.39,10,COD,6,2.1,73.4
11063,28-11-2024,1071,Electronics,East,3,132.13,0,Wallet,8,3.4,396.39
11064,29-11-2024,1550,Clothing,South,7,81.23,30,Card,2,2.3,398.03
11065,30-11-2024,1153,Clothing,South,4,507.99,29,Card,3,4.5,1442.69
11066,01-12-2024,1249,Electronics,West,4,166.23,4,COD,8,4.7,638.32
11067,02-12-2024,1673,Clothing,South,7,181.55,13,COD,4,2.8,1105.64
11068,03-12-2024,1437,Beauty,North,7,576.56,23,Card,4,3.1,3107.66
11069,04-12-2024,1117,Electronics,West,6,236.77,23,Card,2,3.5,1093.88
11070,05-12-2024,1770,Electronics,East,1,20.61,30,Card,11,3.7,14.43
11071,06-12-2024,1890,Electronics,West,1,181.05,5,COD,10,1.3,172
11072,07-12-2024,1305,Electronics,West,3,84.79,15,Card,1,1.2,216.21
11073,08-12-2024,1267,Beauty,East,5,75.14,3,Card,7,4.5,364.43
11074,09-12-2024,1960,Clothing,South,7,60.33,14,Card,4,1.9,363.19
11075,10-12-2024,1053,Clothing,East,6,362.06,1,Card,6,3.3,2150.64
11076,11-12-2024,1235,Home,North,1,125.77,31,Card,8,3.5,86.78
11077,12-12-2024,1388,Electronics,South,1,226.33,18,Wallet,11,1.7,185.59
11078,13-12-2024,1989,Clothing,West,6,519.28,30,Card,7,4,2180.98
11079,14-12-2024,1733,Clothing,South,2,263.24,2,Wallet,7,4.5,515.95
11080,15-12-2024,1762,Clothing,South,6,550.68,8,Card,6,2.1,3039.75
11081,16-12-2024,1824,Beauty,North,1,306.29,9,Card,11,4.5,278.72
11082,17-12-2024,1400,Home,South,5,248.32,14,Card,4,1.3,1067.78
11083,18-12-2024,1623,Clothing,South,2,453.98,28,COD,4,4.2,653.73
11084,19-12-2024,1766,Home,South,4,57.81,14,COD,9,3.6,198.87
11085,20-12-2024,1302,Electronics,West,6,67.34,7,COD,11,3.3,375.76
11086,21-12-2024,1918,Electronics,South,4,396.4,2,Card,5,1.9,1553.89
11087,22-12-2024,1206,Electronics,East,2,299.86,3,Wallet,9,2.4,581.73
11088,23-12-2024,1228,Electronics,South,2,477.39,27,Wallet,11,4.6,696.99
11089,24-12-2024,1852,Clothing,North,2,551.02,16,Card,9,2.9,925.71
11090,25-12-2024,1909,Clothing,South,3,242.19,25,COD,4,3.4,544.93
11091,26-12-2024,1577,Beauty,South,6,363.9,24,COD,2,4.7,1659.38
11092,27-12-2024,1074,Clothing,West,7,307.91,5,Card,2,2.9,2047.6
11093,28-12-2024,1434,Clothing,East,5,589.24,5,Card,9,2.6,2798.89
11094,29-12-2024,1102,Electronics,South,5,501.18,26,COD,9,4.6,1854.37
11095,30-12-2024,1421,Electronics,East,4,548.37,25,Wallet,3,4.6,1645.11
11096,31-12-2024,1703,Clothing,North,4,163.79,13,Card,5,2.4,569.99
11097,01-01-2025,1763,Clothing,West,7,466.93,3,COD,5,3.4,3170.45
11098,02-01-2025,1737,Home,East,4,170.3,0,Wallet,2,4.9,681.2
11099,03-01-2025,1805,Electronics,West,6,137.11,10,Card,2,1.2,740.39
11100,04-01-2025,1305,Electronics,South,1,567.4,0,Card,10,1.2,567.4
11101,05-01-2025,1097,Clothing,North,4,26.29,8,COD,1,3.1,96.75
11102,06-01-2025,1849,Electronics,West,2,579.75,15,Card,2,2.2,985.58
11103,07-01-2025,1797,Electronics,South,4,102.32,4,Card,11,3.3,392.91
11104,08-01-2025,1334,Home,East,2,494.37,4,Card,7,3.9,949.19
11105,09-01-2025,1858,Electronics,North,3,176.41,31,Card,1,1.3,365.17
11106,10-01-2025,1434,Clothing,North,1,220.16,20,Wallet,1,4.5,176.13
11107,11-01-2025,1446,Electronics,East,1,141.8,33,COD,9,2.1,95.01
11108,12-01-2025,1993,Electronics,East,7,357.53,12,Card,2,2.5,2202.38
11109,13-01-2025,1307,Clothing,North,6,218.64,24,COD,11,2.3,997
11110,14-01-2025,1248,Home,West,6,399.57,7,Wallet,4,4.4,2229.6
11111,15-01-2025,1165,Clothing,North,5,24.15,22,Card,11,1.7,94.18
11112,16-01-2025,1480,Home,East,3,52.66,5,Card,3,1.1,150.08
11113,17-01-2025,1983,Electronics,West,7,73.3,0,Wallet,11,4.9,513.1
11114,18-01-2025,1334,Home,South,6,260.11,33,Wallet,4,4.9,1045.64
11115,19-01-2025,1541,Electronics,North,2,491.66,19,Card,11,2,796.49
11116,20-01-2025,1758,Home,East,3,534.58,32,Card,11,1,1090.54
11117,21-01-2025,1105,Clothing,South,1,158.21,12,Card,7,3.6,139.22
11118,22-01-2025,1562,Beauty,North,2,351.01,11,Card,10,3.6,624.8
11119,23-01-2025,1080,Clothing,North,7,464.49,14,COD,2,4.8,2796.23
11120,24-01-2025,1132,Electronics,West,7,183.97,25,Card,2,2.2,965.84
11121,25-01-2025,1796,Electronics,East,3,254.27,20,Card,9,1.8,610.25
11122,26-01-2025,1899,Home,South,1,321.52,32,COD,6,3.5,218.63
11123,27-01-2025,1137,Clothing,North,6,93.9,1,Wallet,11,3.3,557.77
11124,28-01-2025,1183,Home,West,2,30.2,25,Card,7,3.9,45.3
11125,29-01-2025,1400,Electronics,South,2,104.39,12,Card,5,4.5,183.73
11126,30-01-2025,1329,Electronics,South,1,381.71,6,Wallet,5,3.2,358.81
11127,31-01-2025,1784,Electronics,North,2,58.07,18,COD,4,1.6,95.23
11128,01-02-2025,1507,Beauty,South,6,125.97,18,Card,8,3.4,619.77
11129,02-02-2025,1851,Home,North,6,212.64,5,Card,7,2.5,1212.05
11130,03-02-2025,1983,Beauty,West,6,60.55,7,Card,10,2.8,337.87
11131,04-02-2025,1068,Electronics,West,1,127.14,14,COD,2,4.8,109.34
11132,05-02-2025,1545,Clothing,South,4,548.09,14,Card,2,3.2,1885.43
11133,06-02-2025,1773,Home,North,4,26.29,11,Card,6,1.6,93.59
11134,07-02-2025,1052,Electronics,East,7,397.26,5,Card,11,2.8,2641.78
11135,08-02-2025,1449,Home,West,7,239.88,0,Card,1,1.9,1679.16
11136,09-02-2025,1204,Beauty,North,2,408.5,34,COD,7,1.5,539.22
11137,10-02-2025,1125,Beauty,North,6,359.38,33,Card,8,3.8,1444.71
11138,11-02-2025,1746,Home,North,2,145.75,17,Card,10,3.5,241.94
11139,12-02-2025,1042,Electronics,South,1,510.62,35,Wallet,8,3,331.9
11140,13-02-2025,1751,Electronics,East,2,302.79,24,COD,3,2.7,460.24
11141,14-02-2025,1970,Beauty,South,5,496.18,2,Card,7,2.3,2431.28
11142,15-02-2025,1882,Electronics,West,4,252.52,4,COD,1,1.4,969.68
11143,16-02-2025,1110,Home,South,2,591.04,32,Card,11,2.2,803.81
11144,17-02-2025,1760,Home,North,2,465.74,22,COD,3,4.4,726.55
11145,18-02-2025,1662,Clothing,South,3,580.08,30,COD,6,4.1,1218.17
11146,19-02-2025,1182,Beauty,North,2,315.88,31,COD,9,4.9,435.91
11147,20-02-2025,1847,Electronics,East,5,292.11,16,COD,5,3.6,1226.86
11148,21-02-2025,1094,Electronics,South,4,456.94,2,Card,5,3.2,1791.2
11149,22-02-2025,1970,Electronics,South,3,529.97,7,COD,9,2.2,1478.62
11150,23-02-2025,1373,Clothing,South,1,579.03,2,Card,9,1.3,567.45
11151,24-02-2025,1911,Electronics,North,7,204.86,7,Card,6,3.5,1333.64
11152,25-02-2025,1519,Electronics,North,1,482.24,14,Wallet,5,3,414.73
11153,26-02-2025,1899,Home,South,4,138.23,4,COD,10,4,530.8
11154,27-02-2025,1359,Beauty,South,7,334.16,6,Wallet,2,2.6,2198.77
11155,28-02-2025,1899,Electronics,East,1,120.21,16,Card,11,4.9,100.98
11156,01-03-2025,1695,Clothing,East,5,218.23,12,COD,8,2.6,960.21
11157,02-03-2025,1280,Beauty,West,2,559.84,16,Card,8,2.3,940.53
11158,03-03-2025,1194,Electronics,East,4,100.46,15,COD,7,4.5,341.56
11159,04-03-2025,1863,Electronics,East,7,384.95,23,Card,8,2.6,2074.88
11160,05-03-2025,1194,Electronics,East,3,361.88,33,Card,3,4.5,727.38
11161,06-03-2025,1666,Clothing,North,2,85.63,4,Card,3,1.1,164.41
11162,07-03-2025,1092,Electronics,East,1,205.7,3,COD,2,3.8,199.53
11163,08-03-2025,1671,Beauty,East,1,344.34,30,Card,1,1.3,241.04
11164,09-03-2025,1945,Clothing,South,3,124.5,18,Wallet,3,1.6,306.27
11165,10-03-2025,1060,Clothing,North,5,483.36,27,Card,3,3.8,1764.26
11166,11-03-2025,1633,Electronics,West,3,583.71,8,Card,7,2.2,1611.04
11167,12-03-2025,1050,Clothing,West,4,140.63,29,Card,10,1.8,399.39
11168,13-03-2025,1402,Home,East,3,124.34,32,Wallet,9,4.2,253.65
11169,14-03-2025,1788,Home,West,1,281.14,22,Card,1,4.8,219.29
11170,15-03-2025,1004,Home,West,5,452.44,4,Card,8,1.9,2171.71
11171,16-03-2025,1465,Clothing,West,5,179.74,31,COD,1,2.3,620.1
11172,17-03-2025,1603,Beauty,East,6,26.63,28,Card,3,3.9,115.04
11173,18-03-2025,1681,Home,West,3,331.61,26,COD,4,4.3,736.17
11174,19-03-2025,1828,Home,East,4,574.61,1,Card,11,5,2275.46
11175,20-03-2025,1533,Electronics,South,1,243.9,28,COD,8,2.1,175.61
11176,21-03-2025,1404,Electronics,South,2,260.78,5,Card,1,3.2,495.48
11177,22-03-2025,1837,Electronics,West,5,581.81,8,COD,2,1.5,2676.33
11178,23-03-2025,1512,Home,South,3,421.35,20,COD,11,2.3,1011.24
11179,24-03-2025,1644,Clothing,East,6,435.72,9,COD,5,1.2,2379.03
11180,25-03-2025,1232,Clothing,South,4,344.18,23,COD,6,1.8,1060.07
11181,26-03-2025,1523,Beauty,West,4,585.15,21,Wallet,5,3,1849.07
11182,27-03-2025,1345,Beauty,East,7,417.99,4,Card,3,1.7,2808.89
11183,28-03-2025,1045,Beauty,North,1,538.59,23,Card,10,4.6,414.71
11184,29-03-2025,1545,Electronics,East,5,424.14,32,COD,7,3.8,1442.08
11185,30-03-2025,1944,Home,South,1,445.04,6,COD,1,1.1,418.34
11186,31-03-2025,1077,Electronics,North,6,184.89,21,Card,2,4.5,876.38
11187,01-04-2025,1729,Electronics,East,2,192.54,12,COD,11,4.9,338.87
11188,02-04-2025,1812,Electronics,North,2,473.05,16,Card,9,3,794.72
11189,03-04-2025,1922,Electronics,North,2,188.57,10,COD,4,2.3,339.43
11190,04-04-2025,1072,Clothing,North,4,344.22,12,Wallet,8,2.1,1211.65
11191,05-04-2025,1793,Home,East,5,160.87,1,COD,9,1.3,796.31
11192,06-04-2025,1248,Electronics,South,1,492.94,34,Card,7,3,325.34
11193,07-04-2025,1046,Home,East,1,79.64,22,COD,1,1.2,62.12
11194,08-04-2025,1120,Clothing,South,6,500.23,18,COD,5,3,2461.13
11195,09-04-2025,1213,Electronics,East,2,367.6,13,Card,6,2,639.62
11196,10-04-2025,1238,Clothing,East,5,124.34,19,COD,11,2.9,503.58
11197,11-04-2025,1055,Electronics,East,5,332.09,13,Wallet,8,2.7,1444.59
11198,12-04-2025,1349,Clothing,South,6,180.26,13,Card,10,2.2,940.96
11199,13-04-2025,1106,Clothing,East,3,204.23,16,Card,8,2.8,514.66
11200,14-04-2025,1830,Electronics,North,5,220.64,10,Card,9,2.9,992.88
11201,15-04-2025,1047,Electronics,East,5,52.04,6,COD,9,4.3,244.59
11202,16-04-2025,1572,Clothing,North,1,591.79,19,Wallet,4,3.7,479.35
11203,17-04-2025,1336,Beauty,West,6,33.45,29,COD,6,2.7,142.5
11204,18-04-2025,1025,Electronics,West,5,402.56,5,Card,3,4.6,1912.16
11205,19-04-2025,1803,Home,South,5,232.17,1,COD,1,4,1149.24
11206,20-04-2025,1256,Home,South,1,392.92,9,COD,6,1.3,357.56
11207,21-04-2025,1007,Beauty,West,5,223.41,34,COD,1,1.6,737.25
11208,22-04-2025,1624,Home,East,1,409.14,29,Card,9,1.3,290.49
11209,23-04-2025,1866,Clothing,East,3,441.6,21,COD,11,2.3,1046.59
11210,24-04-2025,1252,Home,East,4,418.97,33,Card,6,2.7,1122.84
11211,25-04-2025,1691,Beauty,West,7,81.67,16,Card,1,3,480.22
11212,26-04-2025,1718,Clothing,North,1,399.28,34,COD,11,4.4,263.52
11213,27-04-2025,1302,Electronics,South,1,178.79,10,Wallet,3,1.1,160.91
11214,28-04-2025,1638,Electronics,North,5,31.85,8,Card,1,2.7,146.51
11215,29-04-2025,1055,Home,West,1,257.68,22,Wallet,2,2.6,200.99
11216,30-04-2025,1725,Home,North,6,268.62,13,Card,6,4.8,1402.2
11217,01-05-2025,1525,Electronics,East,2,288.3,22,COD,7,2,449.75
11218,02-05-2025,1473,Clothing,East,2,427.32,11,Card,1,1.5,760.63
11219,03-05-2025,1027,Clothing,North,3,195.67,22,Card,10,1.6,457.87
11220,04-05-2025,1982,Electronics,West,1,199.44,10,COD,5,3.1,179.5
11221,05-05-2025,1077,Beauty,North,6,50.42,2,COD,6,2.6,296.47
11222,06-05-2025,1215,Electronics,East,5,416.79,32,COD,4,4,1417.09
11223,07-05-2025,1385,Electronics,East,5,347.18,31,COD,6,2.3,1197.77
11224,08-05-2025,1364,Clothing,West,7,219.41,34,COD,5,1.5,1013.67
11225,09-05-2025,1665,Home,North,4,427.54,25,Wallet,11,2.5,1282.62
11226,10-05-2025,1525,Electronics,East,3,329.35,24,COD,7,4.5,750.92
11227,11-05-2025,1698,Home,East,6,289.51,20,Card,4,2.6,1389.65
11228,12-05-2025,1311,Clothing,North,6,314.12,4,Card,1,4.3,1809.33
11229,13-05-2025,1882,Electronics,North,7,387.26,7,Card,2,2.5,2521.06
11230,14-05-2025,1006,Electronics,South,7,401.1,10,COD,6,2.1,2526.93
11231,15-05-2025,1002,Clothing,West,5,184.04,31,Card,10,4.1,634.94
11232,16-05-2025,1622,Electronics,West,4,97.33,6,Card,11,1.8,365.96
11233,17-05-2025,1918,Beauty,North,5,106.63,32,Card,2,1.9,362.54
11234,18-05-2025,1749,Home,West,4,389.04,18,COD,5,1.2,1276.05
11235,19-05-2025,1362,Beauty,East,2,525.63,25,Card,4,1.8,788.44
11236,20-05-2025,1750,Electronics,North,6,254.56,4,Card,7,2.5,1466.27
11237,21-05-2025,1507,Beauty,North,7,114.17,9,COD,4,2.6,727.26
11238,22-05-2025,1273,Clothing,North,2,457.61,34,COD,7,2.7,604.05
11239,23-05-2025,1505,Electronics,South,5,502.01,9,Card,11,2.9,2284.15
11240,24-05-2025,1805,Electronics,West,3,530.14,10,COD,8,3.3,1431.38
11241,25-05-2025,1738,Electronics,South,1,370,7,Card,7,1.8,344.1
11242,26-05-2025,1882,Home,East,3,518.53,5,Wallet,2,3.5,1477.81
11243,27-05-2025,1014,Clothing,West,3,24.02,8,Card,11,2.3,66.3
11244,28-05-2025,1191,Electronics,South,1,77.73,22,Wallet,1,3.9,60.63
11245,29-05-2025,1984,Clothing,North,6,69.16,16,Wallet,5,3.2,348.57
11246,30-05-2025,1630,Electronics,South,2,431.87,19,COD,7,3.2,699.63
11247,31-05-2025,1484,Clothing,North,2,55.71,4,Card,1,3.7,106.96
11248,01-06-2025,1027,Clothing,South,6,305.37,28,COD,11,2.3,1319.2
11249,02-06-2025,1713,Home,South,1,291.53,27,Card,8,2.7,212.82
11250,03-06-2025,1038,Home,South,4,196.76,1,Wallet,3,3.3,779.17
11251,04-06-2025,1952,Clothing,North,3,524.19,13,COD,7,2.7,1368.14
11252,05-06-2025,1272,Clothing,South,5,114.7,2,Wallet,3,2.8,562.03
11253,06-06-2025,1230,Clothing,West,2,221.19,28,COD,4,2.1,318.51
11254,07-06-2025,1085,Home,West,6,467.89,26,COD,8,2.1,2077.43
11255,08-06-2025,1473,Electronics,West,5,32.8,32,COD,2,3.8,111.52
11256,09-06-2025,1125,Electronics,North,7,408.68,8,Card,6,1,2631.9
11257,10-06-2025,1811,Electronics,North,1,492.59,16,COD,10,1.4,413.78
11258,11-06-2025,1536,Clothing,West,5,560.38,6,COD,9,4.8,2633.79
11259,12-06-2025,1144,Clothing,West,5,527.63,13,Wallet,10,1.7,2295.19
11260,13-06-2025,1524,Home,West,3,201.84,18,COD,9,2.7,496.53
11261,14-06-2025,1211,Electronics,East,1,358.02,2,Wallet,5,4.4,350.86
11262,15-06-2025,1024,Clothing,West,5,60.22,25,Wallet,3,1,225.82
11263,16-06-2025,1579,Home,South,2,165.85,19,COD,6,4.7,268.68
11264,17-06-2025,1393,Home,East,1,70.12,29,Card,9,1.2,49.79
11265,18-06-2025,1066,Clothing,East,2,199.38,10,COD,6,1.7,358.88
11266,19-06-2025,1232,Clothing,North,6,526.98,32,Card,4,1.1,2150.08
11267,20-06-2025,1108,Electronics,South,6,218.09,35,Card,11,3.1,850.55
11268,21-06-2025,1145,Beauty,North,7,343.71,32,Card,5,4.8,1636.06
11269,22-06-2025,1110,Electronics,North,4,268.53,27,Wallet,7,4.4,784.11
11270,23-06-2025,1227,Beauty,South,6,283.47,28,Card,10,3.6,1224.59
11271,24-06-2025,1110,Home,North,5,582.2,20,COD,3,1.7,2328.8
11272,25-06-2025,1469,Clothing,South,1,188.25,7,Wallet,9,4.5,175.07
11273,26-06-2025,1033,Electronics,South,6,381.98,24,COD,1,4,1741.83
11274,27-06-2025,1622,Clothing,North,2,260.74,25,COD,8,2.1,391.11
11275,28-06-2025,1775,Clothing,West,5,50.77,34,COD,5,4.2,167.54
11276,29-06-2025,1935,Electronics,North,6,301.26,19,Card,10,4.5,1464.12
11277,30-06-2025,1368,Home,East,3,490.81,9,Card,9,3.8,1339.91
11278,01-07-2025,1747,Beauty,North,2,72.77,24,Wallet,2,1.4,110.61
11279,02-07-2025,1594,Clothing,South,7,55.71,34,Card,1,4.9,257.38
11280,03-07-2025,1553,Home,East,7,104.87,6,COD,10,1.3,690.04
11281,04-07-2025,1424,Electronics,South,7,462.17,11,COD,7,3.6,2879.32
11282,05-07-2025,1612,Clothing,West,2,438.54,19,Card,10,1.4,710.43
11283,06-07-2025,1517,Electronics,West,7,345.54,6,Wallet,11,4.6,2273.65
11284,07-07-2025,1691,Clothing,East,4,288.91,1,COD,9,2.4,1144.08
11285,08-07-2025,1281,Beauty,West,3,534.67,12,Card,5,3,1411.53
11286,09-07-2025,1319,Home,West,4,463.52,30,Wallet,11,1.7,1297.86
11287,10-07-2025,1737,Electronics,North,6,489.99,2,COD,4,3.2,2881.14
11288,11-07-2025,1442,Clothing,North,3,490.76,15,COD,4,4.8,1251.44
11289,12-07-2025,1951,Clothing,West,2,390.99,27,COD,8,4.6,570.85
11290,13-07-2025,1314,Clothing,West,4,282.94,33,Card,1,1.3,758.28
11291,14-07-2025,1876,Home,North,5,520.84,34,COD,1,2.5,1718.77
11292,15-07-2025,1965,Home,West,3,556.71,15,Card,8,2.1,1419.61
11293,16-07-2025,1740,Clothing,West,2,28.93,33,COD,2,2.9,38.77
11294,17-07-2025,1376,Clothing,South,1,45.16,1,COD,10,4.3,44.71
11295,18-07-2025,1288,Electronics,West,3,575.86,26,Wallet,6,4,1278.41
11296,19-07-2025,1436,Electronics,East,3,177.14,22,COD,2,2.4,414.51
11297,20-07-2025,1661,Clothing,South,6,525.92,9,Card,5,2.5,2871.52
11298,21-07-2025,1276,Clothing,East,5,242.45,18,Wallet,3,3.6,994.04
11299,22-07-2025,1709,Home,West,6,84.67,5,COD,7,1.8,482.62
11300,23-07-2025,1581,Home,North,7,62.06,31,COD,9,1.4,299.75
11301,24-07-2025,1502,Electronics,South,3,106.56,13,Card,2,2,278.12
11302,25-07-2025,1623,Clothing,North,3,161.19,22,Wallet,7,1.5,377.18
11303,26-07-2025,1515,Electronics,South,7,300.78,6,Wallet,8,2.4,1979.13
11304,27-07-2025,1349,Electronics,North,5,425.38,7,COD,10,4.8,1978.02
11305,28-07-2025,1842,Home,South,5,592.04,35,Wallet,8,1.5,1924.13
11306,29-07-2025,1445,Electronics,South,4,273.28,26,Card,7,4.3,808.91
11307,30-07-2025,1829,Clothing,East,2,318.14,34,Wallet,4,3.1,419.94
11308,31-07-2025,1349,Electronics,North,2,320.26,10,COD,4,3.5,576.47
11309,01-08-2025,1606,Beauty,East,4,330.57,6,Card,10,1.7,1242.94
11310,02-08-2025,1663,Clothing,East,2,317.88,18,COD,9,1.6,521.32
11311,03-08-2025,1822,Electronics,North,3,20.13,17,COD,10,1.7,50.12
11312,04-08-2025,1136,Clothing,South,4,16.01,6,Card,9,3.7,60.2
11313,05-08-2025,1758,Home,East,4,72.13,26,Card,5,4,213.5
11314,06-08-2025,1898,Beauty,North,2,74.41,13,Card,7,4.7,129.47
11315,07-08-2025,1242,Electronics,South,1,427.36,7,Card,7,2.6,397.44
11316,08-08-2025,1542,Beauty,East,2,134.88,12,Card,9,2.8,237.39
11317,09-08-2025,1039,Beauty,East,6,538.41,20,Card,7,2.9,2584.37
11318,10-08-2025,1228,Beauty,East,1,558.23,25,Card,8,2.1,418.67
11319,11-08-2025,1547,Clothing,South,4,585.9,17,Wallet,7,2.3,1945.19
11320,12-08-2025,1919,Clothing,East,1,564.36,18,COD,11,4.4,462.78
11321,13-08-2025,1222,Clothing,South,3,174.05,5,Card,4,2.4,496.04
11322,14-08-2025,1005,Home,West,5,313.22,32,Wallet,2,4.5,1064.95
11323,15-08-2025,1321,Clothing,East,1,117.64,33,COD,3,2.2,78.82
11324,16-08-2025,1467,Home,West,6,486.63,24,COD,7,2.4,2219.03
11325,17-08-2025,1731,Clothing,North,5,534.73,1,COD,11,3.2,2646.91
11326,18-08-2025,1074,Home,East,3,513,19,Card,11,1.4,1246.59
11327,19-08-2025,1003,Home,North,6,268.52,22,Card,9,4.7,1256.67
11328,20-08-2025,1846,Electronics,North,7,458.82,35,Card,11,4.3,2087.63
11329,21-08-2025,1645,Home,North,5,72.08,35,COD,2,3.7,234.26
11330,22-08-2025,1117,Clothing,West,7,38.54,30,COD,7,5,188.85
11331,23-08-2025,1880,Home,South,3,455.64,2,COD,4,1.1,1339.58
11332,24-08-2025,1605,Clothing,West,5,263.83,33,Card,7,2.6,883.83
11333,25-08-2025,1503,Clothing,West,5,597.4,21,COD,5,4.4,2359.73
11334,26-08-2025,1997,Beauty,North,2,71.89,28,COD,7,2.7,103.52
11335,27-08-2025,1946,Electronics,East,6,515.54,14,Wallet,6,1,2660.19
11336,28-08-2025,1573,Home,South,6,295.79,11,Card,2,1.6,1579.52
11337,29-08-2025,1440,Clothing,North,1,498.88,16,Wallet,7,2.7,419.06
11338,30-08-2025,1193,Clothing,South,7,493.02,5,Wallet,5,3.7,3278.58
11339,31-08-2025,1846,Electronics,West,7,550.86,12,COD,9,1.7,3393.3
11340,01-09-2025,1714,Clothing,South,6,189.24,30,COD,11,2.8,794.81
11341,02-09-2025,1391,Electronics,South,6,570.63,1,Card,1,1.1,3389.54
11342,03-09-2025,1025,Electronics,East,5,103.73,5,Wallet,1,2.9,492.72
11343,04-09-2025,1434,Electronics,North,7,62.95,4,Card,2,4.6,423.02
11344,05-09-2025,1172,Electronics,South,4,267.5,14,COD,8,3.4,920.2
11345,06-09-2025,1299,Beauty,South,2,499.57,35,Card,11,2.8,649.44
11346,07-09-2025,1644,Beauty,West,1,291.95,6,Card,9,1.6,274.43
11347,08-09-2025,1325,Clothing,West,2,500.13,5,COD,11,1.8,950.25
11348,09-09-2025,1409,Home,South,1,441.87,32,Wallet,11,1.3,300.47
11349,10-09-2025,1117,Electronics,North,3,137.52,31,COD,7,4,284.67
11350,11-09-2025,1835,Home,South,5,570.1,1,Wallet,1,1.3,2822
11351,12-09-2025,1786,Home,South,6,50.56,26,COD,7,2.5,224.49
11352,13-09-2025,1723,Beauty,East,6,540.49,23,Card,8,4,2497.06
11353,14-09-2025,1224,Clothing,North,4,193.1,27,Card,7,3.9,563.85
11354,15-09-2025,1531,Home,East,7,307.59,17,COD,5,3.3,1787.1
11355,16-09-2025,1112,Electronics,North,7,262.08,35,Card,7,3.3,1192.46
11356,17-09-2025,1139,Beauty,North,2,115.52,2,COD,10,1.4,226.42
11357,18-09-2025,1558,Electronics,North,2,224.52,8,Card,11,1.7,413.12
11358,19-09-2025,1000,Clothing,East,2,127.87,14,Card,2,3.1,219.94
11359,20-09-2025,1089,Home,East,7,134.27,16,COD,9,2.4,789.51
11360,21-09-2025,1653,Home,East,6,124.43,32,COD,2,1.1,507.67
11361,22-09-2025,1319,Electronics,West,7,301.08,20,Card,2,4.2,1686.05
11362,23-09-2025,1549,Beauty,East,2,481.79,2,Card,5,3.6,944.31
11363,24-09-2025,1804,Electronics,West,5,347.85,14,Card,8,2.3,1495.76
11364,25-09-2025,1893,Clothing,West,1,537.53,15,Card,6,1.4,456.9
11365,26-09-2025,1138,Electronics,West,6,387.38,34,COD,9,3.4,1534.02
11366,27-09-2025,1510,Electronics,South,5,418.26,21,COD,6,2.4,1652.13
11367,28-09-2025,1867,Clothing,South,3,405.55,22,Card,5,2,948.99
11368,29-09-2025,1844,Clothing,South,5,277.93,25,Card,1,3.9,1042.24
11369,30-09-2025,1258,Electronics,West,5,418.26,27,Card,8,2.3,1526.65
11370,01-10-2025,1672,Electronics,West,3,55.78,22,Card,3,1.5,130.53
11371,02-10-2025,1901,Clothing,North,5,518.01,8,COD,2,2.9,2382.85
11372,03-10-2025,1689,Home,West,1,470.02,31,Card,7,4.3,324.31
11373,04-10-2025,1009,Beauty,South,6,158.46,26,Card,11,4.4,703.56
11374,05-10-2025,1260,Electronics,West,4,464.3,26,COD,2,4.4,1374.33
11375,06-10-2025,1918,Clothing,West,7,22.4,35,Card,1,2.7,101.92
11376,07-10-2025,1649,Electronics,North,3,142.09,28,COD,11,4.2,306.91
11377,08-10-2025,1171,Electronics,West,6,53.11,29,COD,2,4.4,226.25
11378,09-10-2025,1897,Home,East,2,471.43,33,Card,6,2.8,631.72
11379,10-10-2025,1012,Clothing,North,1,457.19,5,COD,2,2.3,434.33
11380,11-10-2025,1167,Electronics,West,4,490.98,17,COD,1,3.8,1630.05
11381,12-10-2025,1641,Electronics,West,1,17.62,20,COD,1,4.6,14.1
11382,13-10-2025,1595,Electronics,North,1,308.22,12,COD,4,4.9,271.23
11383,14-10-2025,1320,Home,West,2,427.33,29,Wallet,8,2.2,606.81
11384,15-10-2025,1318,Beauty,South,4,105.91,27,Wallet,6,4.8,309.26
11385,16-10-2025,1612,Electronics,East,7,395.13,25,COD,4,3,2074.43
11386,17-10-2025,1328,Electronics,East,1,64.2,35,Wallet,6,2.2,41.73
11387,18-10-2025,1784,Beauty,South,2,121.08,9,Card,6,5,220.37
11388,19-10-2025,1776,Beauty,West,3,293.34,26,COD,9,4.5,651.21
11389,20-10-2025,1970,Clothing,West,2,397.34,19,Card,4,3.8,643.69
11390,21-10-2025,1910,Electronics,East,5,100.33,11,Card,6,4.6,446.47
11391,22-10-2025,1919,Electronics,West,6,123.36,6,COD,10,3.7,695.75
11392,23-10-2025,1549,Clothing,East,2,134.6,31,COD,1,2.8,185.75
11393,24-10-2025,1418,Clothing,East,2,154.64,21,Card,7,4.8,244.33
11394,25-10-2025,1605,Electronics,South,2,147.53,29,COD,7,4.9,209.49
11395,26-10-2025,1094,Clothing,East,7,246.16,19,COD,11,2.3,1395.73
11396,27-10-2025,1816,Electronics,West,1,397.47,8,Card,1,2.4,365.67
11397,28-10-2025,1580,Home,West,7,271.25,12,Card,8,2.5,1670.9
11398,29-10-2025,1317,Electronics,North,4,468.94,13,Card,5,4.3,1631.91
11399,30-10-2025,1955,Electronics,West,2,435.77,34,Card,9,4.2,575.22
11400,31-10-2025,1235,Clothing,North,2,89.02,0,COD,8,4.9,178.04
11401,01-11-2025,1945,Clothing,East,5,43.57,34,Card,3,2.9,143.78
11402,02-11-2025,1333,Beauty,West,5,528.6,34,Card,1,3.9,1744.38
11403,03-11-2025,1884,Clothing,South,3,61.7,35,COD,3,4.4,120.32
11404,04-11-2025,1375,Electronics,South,3,101.78,17,COD,2,1.9,253.43
11405,05-11-2025,1458,Home,South,5,27.95,34,Card,2,3.5,92.23
11406,06-11-2025,1136,Electronics,East,4,382.58,14,Card,11,3.2,1316.08
11407,07-11-2025,1929,Beauty,East,3,355.69,1,Card,4,4,1056.4
11408,08-11-2025,1587,Clothing,North,6,592.34,8,COD,2,3.8,3269.72
11409,09-11-2025,1994,Clothing,South,6,533.86,33,Wallet,8,4.3,2146.12
11410,10-11-2025,1546,Electronics,North,4,255.34,0,COD,5,2.2,1021.36
11411,11-11-2025,1512,Clothing,North,5,232.38,19,Card,1,1.9,941.14
11412,12-11-2025,1295,Home,West,3,188.66,3,COD,6,4.2,549
11413,13-11-2025,1319,Home,West,2,104.16,10,Card,7,2.4,187.49
11414,14-11-2025,1917,Electronics,South,5,95.78,3,Card,1,2.2,464.53
11415,15-11-2025,1571,Electronics,East,3,92.39,30,Card,3,2.3,194.02
11416,16-11-2025,1831,Home,West,4,81.76,21,COD,9,1.3,258.36
11417,17-11-2025,1348,Beauty,East,6,155.7,32,COD,7,4.1,635.26
11418,18-11-2025,1839,Electronics,North,4,194.4,24,COD,4,3.9,590.98
11419,19-11-2025,1778,Clothing,North,3,577.52,34,COD,6,3.2,1143.49
11420,20-11-2025,1872,Electronics,North,4,353.41,18,Card,6,3.9,1159.18
11421,21-11-2025,1228,Beauty,North,3,592.74,22,Card,3,2.5,1387.01
11422,22-11-2025,1269,Electronics,South,3,232.89,20,COD,2,2.2,558.94
11423,23-11-2025,1827,Electronics,North,4,282.71,17,COD,5,4.4,938.6
11424,24-11-2025,1797,Home,West,1,204.88,30,COD,8,2.7,143.42
11425,25-11-2025,1290,Electronics,North,2,121.99,23,Card,3,1.8,187.86
11426,26-11-2025,1724,Clothing,East,5,98.75,28,COD,5,4,355.5
11427,27-11-2025,1164,Clothing,West,6,567.87,28,Card,3,2.3,2453.2
11428,28-11-2025,1004,Electronics,East,2,592.28,7,COD,7,1.8,1101.64
11429,29-11-2025,1850,Clothing,East,5,41.27,23,COD,6,1.1,158.89
11430,30-11-2025,1378,Clothing,South,5,102.95,7,Wallet,6,4.9,478.72
11431,01-12-2025,1077,Electronics,South,6,262.76,20,Card,1,2.9,1261.25
11432,02-12-2025,1409,Clothing,East,2,124.01,24,COD,2,1.6,188.5
11433,03-12-2025,1573,Home,East,6,227.87,35,COD,6,4,888.69
11434,04-12-2025,1131,Home,North,3,90.52,1,Card,8,4.6,268.84
11435,05-12-2025,1600,Electronics,West,6,282.06,3,Card,5,3.1,1641.59
11436,06-12-2025,1748,Electronics,North,4,173.94,3,COD,2,1.1,674.89
11437,07-12-2025,1041,Electronics,South,1,220.86,14,Card,5,2.5,189.94
11438,08-12-2025,1088,Clothing,South,1,70.17,29,Card,9,2,49.82
11439,09-12-2025,1401,Clothing,North,1,265.45,30,Wallet,6,3.5,185.81
11440,10-12-2025,1295,Home,West,2,590.21,26,COD,5,3.1,873.51
11441,11-12-2025,1839,Electronics,East,2,207.37,31,Card,10,2.4,286.17
11442,12-12-2025,1294,Electronics,North,3,527.71,11,COD,6,3.6,1408.99
11443,13-12-2025,1615,Clothing,South,7,508.27,3,COD,11,3.3,3451.15
11444,14-12-2025,1525,Home,West,1,571.95,2,Wallet,9,4.6,560.51
11445,15-12-2025,1799,Electronics,South,3,477.21,30,COD,7,3.4,1002.14
11446,16-12-2025,1690,Clothing,West,7,400.86,26,Wallet,10,3,2076.45
11447,17-12-2025,1636,Electronics,West,1,516.1,24,Card,3,4.3,392.24
11448,18-12-2025,1421,Beauty,West,2,59.25,12,COD,10,1.8,104.28
11449,19-12-2025,1864,Beauty,North,7,285.76,13,Card,10,2,1740.28
11450,20-12-2025,1022,Electronics,North,4,593.71,34,Card,5,4.1,1567.39
11451,21-12-2025,1574,Electronics,North,4,465.22,2,COD,4,2.8,1823.66
11452,22-12-2025,1142,Clothing,West,4,577.81,27,Card,11,2.6,1687.21
11453,23-12-2025,1992,Electronics,West,6,471.09,11,COD,5,4.5,2515.62
11454,24-12-2025,1664,Home,South,4,526.81,1,Wallet,8,3.4,2086.17
11455,25-12-2025,1144,Home,East,5,428.32,26,Card,11,4.2,1584.78
11456,26-12-2025,1224,Home,North,1,459.89,12,Card,6,4.2,404.7
11457,27-12-2025,1502,Home,West,4,321.06,25,COD,4,1.5,963.18
11458,28-12-2025,1961,Clothing,South,7,555.68,25,Wallet,5,3.6,2917.32
11459,29-12-2025,1973,Electronics,South,5,497.65,19,COD,11,4.8,2015.48
11460,30-12-2025,1820,Home,South,5,508.67,27,COD,7,2.9,1856.65
11461,31-12-2025,1615,Clothing,North,5,408.71,20,Card,8,3.9,1634.84
11462,01-01-2026,1103,Home,North,3,193.18,10,Card,5,3.3,521.59
11463,02-01-2026,1946,Electronics,East,7,35.84,26,COD,2,1.8,185.65
11464,03-01-2026,1038,Electronics,South,3,562.36,21,Card,6,1.8,1332.79
11465,04-01-2026,1946,Beauty,North,5,357.88,0,Wallet,9,2.7,1789.4
11466,05-01-2026,1197,Electronics,South,6,189.41,32,COD,3,2.9,772.79
11467,06-01-2026,1645,Beauty,West,4,102.24,19,COD,7,3,331.26
11468,07-01-2026,1578,Beauty,South,1,500.27,30,COD,8,4.8,350.19
11469,08-01-2026,1390,Home,East,7,504.36,31,COD,6,1.4,2436.06
11470,09-01-2026,1178,Home,North,6,491.49,16,COD,3,2.5,2477.11
11471,10-01-2026,1967,Clothing,West,2,392.37,18,Wallet,1,3.1,643.49
11472,11-01-2026,1553,Beauty,North,3,229.12,15,Wallet,3,4.9,584.26
11473,12-01-2026,1447,Electronics,West,4,192.88,16,Wallet,11,3,648.08
11474,13-01-2026,1499,Clothing,South,4,20,31,Wallet,6,4.1,55.2
11475,14-01-2026,1014,Clothing,South,2,502.66,28,COD,11,4,723.83
11476,15-01-2026,1622,Clothing,East,2,66.15,4,COD,4,3.3,127.01
11477,16-01-2026,1668,Clothing,East,7,383.99,21,Card,1,1.5,2123.46
11478,17-01-2026,1288,Electronics,West,4,309.88,35,Card,6,1.9,805.69
11479,18-01-2026,1477,Clothing,East,2,323.11,21,Card,1,2,510.51
11480,19-01-2026,1230,Beauty,East,4,557.13,28,Card,8,1.2,1604.53
11481,20-01-2026,1922,Electronics,East,6,33.49,27,Card,3,2.5,146.69
11482,21-01-2026,1419,Beauty,East,7,467.43,12,Card,3,3.4,2879.37
11483,22-01-2026,1156,Home,South,2,45.45,13,Wallet,1,1.6,79.08
11484,23-01-2026,1549,Home,East,6,37.32,25,Wallet,3,1.7,167.94
11485,24-01-2026,1440,Clothing,South,6,266.44,17,Card,7,3.8,1326.87
11486,25-01-2026,1096,Home,South,2,51.9,20,Card,10,1.7,83.04
11487,26-01-2026,1996,Electronics,North,7,476.65,25,Wallet,8,1.5,2502.41
11488,27-01-2026,1410,Home,South,4,324.79,27,Wallet,11,4.9,948.39
11489,28-01-2026,1950,Electronics,South,5,31.99,10,Wallet,8,1.1,143.95
11490,29-01-2026,1288,Beauty,East,4,38.69,5,Wallet,3,2.3,147.02
11491,30-01-2026,1253,Beauty,South,1,373.41,10,Wallet,5,1.1,336.07
11492,31-01-2026,1195,Electronics,West,2,486.58,18,Card,1,4.4,797.99
11493,01-02-2026,1597,Electronics,East,3,271.11,12,Card,9,3.3,715.73
11494,02-02-2026,1833,Home,East,7,339.43,20,COD,8,1.2,1900.81
11495,03-02-2026,1521,Electronics,East,2,482.9,2,Card,10,3.5,946.48
11496,04-02-2026,1516,Beauty,North,1,372.15,18,Wallet,2,1.5,305.16
11497,05-02-2026,1634,Electronics,East,6,146.48,13,COD,10,3,764.63
11498,06-02-2026,1841,Electronics,South,3,373.64,19,COD,1,3.7,907.95
11499,07-02-2026,1864,Beauty,West,3,382.54,15,Card,4,1.6,975.48
11500,08-02-2026,1117,Home,East,4,444.45,10,COD,9,3,1600.02
11501,09-02-2026,1805,Home,East,5,378.21,32,COD,8,2.8,1285.91
11502,10-02-2026,1908,Electronics,West,4,582.01,6,Wallet,3,4.7,2188.36
11503,11-02-2026,1158,Home,East,7,130.41,24,Card,10,5,693.78
11504,12-02-2026,1814,Clothing,North,3,571.39,32,Wallet,6,3.6,1165.64
11505,13-02-2026,1227,Clothing,South,3,329.93,19,Wallet,9,4.4,801.73
11506,14-02-2026,1876,Home,West,5,408.09,31,COD,10,3.6,1407.91
11507,15-02-2026,1215,Clothing,West,7,73.19,4,COD,8,4.5,491.84
11508,16-02-2026,1947,Clothing,North,2,237.64,17,COD,10,2.7,394.48
11509,17-02-2026,1695,Electronics,South,5,465.09,16,Card,5,3.4,1953.38
11510,18-02-2026,1014,Home,North,6,428.54,0,Card,9,4.4,2571.24
11511,19-02-2026,1156,Electronics,South,4,38.48,16,Wallet,9,4.7,129.29
11512,20-02-2026,1647,Home,North,2,334.76,13,COD,3,1.1,582.48
11513,21-02-2026,1260,Electronics,East,4,66.64,23,Card,8,1.4,205.25
11514,22-02-2026,1156,Clothing,North,5,597.58,33,COD,4,4.7,2001.89
11515,23-02-2026,1046,Home,West,2,539.92,3,Card,10,3.3,1047.44
11516,24-02-2026,1323,Electronics,West,5,27.33,11,Card,7,5,121.62
11517,25-02-2026,1843,Electronics,West,6,517.31,16,COD,10,4.2,2607.24
11518,26-02-2026,1684,Electronics,North,1,552.87,16,Card,8,4.3,464.41
11519,27-02-2026,1129,Clothing,West,3,221.83,27,Card,7,2.5,485.81
11520,28-02-2026,1410,Home,West,7,435.91,16,COD,5,2,2563.15
11521,01-03-2026,1094,Electronics,East,2,273.63,1,COD,11,3.4,541.79
11522,02-03-2026,1626,Home,East,3,398.31,25,Card,1,4.5,896.2
11523,03-03-2026,1754,Electronics,South,1,214.09,31,Card,8,3.9,147.72
11524,04-03-2026,1931,Clothing,South,2,203.7,18,Card,5,2.9,334.07
11525,05-03-2026,1291,Beauty,South,3,263.29,20,Card,3,4,631.9
11526,06-03-2026,1793,Electronics,North,3,100.16,6,Card,2,3.8,282.45
11527,07-03-2026,1810,Clothing,South,2,501.22,8,Card,3,4.7,922.24
11528,08-03-2026,1282,Electronics,North,3,218.99,8,Card,9,2.1,604.41
11529,09-03-2026,1068,Electronics,North,3,249.09,15,Wallet,2,1.5,635.18
11530,10-03-2026,1659,Electronics,South,2,538.02,32,Card,10,2.9,731.71
11531,11-03-2026,1010,Electronics,South,7,305.52,18,Card,1,2.4,1753.68
11532,12-03-2026,1253,Clothing,North,3,333.39,7,Card,2,4.9,930.16
11533,13-03-2026,1841,Clothing,East,3,574.55,9,Card,2,1,1568.52
11534,14-03-2026,1871,Clothing,West,7,533.73,13,COD,11,4.7,3250.42
11535,15-03-2026,1549,Electronics,West,4,114.14,22,Card,5,4.8,356.12
11536,16-03-2026,1133,Electronics,West,6,291.83,15,Card,1,1.2,1488.33
11537,17-03-2026,1711,Home,East,4,583.21,14,Card,10,4.6,2006.24
11538,18-03-2026,1022,Beauty,North,1,232.83,20,COD,8,2.9,186.26
11539,19-03-2026,1814,Electronics,South,4,232.37,8,Card,2,4.1,855.12
11540,20-03-2026,1345,Beauty,North,4,129.09,3,COD,6,1.3,500.87
11541,21-03-2026,1301,Clothing,North,1,81.88,1,Card,5,4.8,81.06
11542,22-03-2026,1362,Clothing,South,3,448.08,9,Card,2,3.4,1223.26
11543,23-03-2026,1395,Clothing,East,3,465.47,3,COD,10,4.6,1354.52
11544,24-03-2026,1217,Electronics,West,4,581.87,12,COD,1,3.7,2048.18
11545,25-03-2026,1140,Electronics,West,1,467.45,27,COD,6,3.1,341.24
11546,26-03-2026,1615,Clothing,North,3,157.36,25,Card,6,1.7,354.06
11547,27-03-2026,1957,Electronics,East,5,38.47,21,COD,3,1.7,151.96
11548,28-03-2026,1209,Beauty,West,2,591.48,30,Card,8,2.9,828.07
11549,29-03-2026,1984,Clothing,East,2,214.16,10,COD,9,4.5,385.49
11550,30-03-2026,1992,Electronics,South,6,197.5,31,COD,3,1.5,817.65
11551,31-03-2026,1622,Home,North,2,544.98,14,Card,9,5,937.37
11552,01-04-2026,1615,Electronics,North,4,357.28,14,COD,8,4.5,1229.04
11553,02-04-2026,1827,Clothing,East,2,140.7,14,COD,5,2.6,242
11554,03-04-2026,1682,Home,West,2,535.12,3,Card,6,2,1038.13
11555,04-04-2026,1459,Beauty,East,5,596.12,34,Wallet,1,4.7,1967.2
11556,05-04-2026,1355,Home,South,3,65.71,5,Wallet,5,1.5,187.27
11557,06-04-2026,1323,Home,West,5,519.42,12,Card,10,2.4,2285.45
11558,07-04-2026,1132,Home,West,4,243.45,11,Wallet,10,1.3,866.68
11559,08-04-2026,1887,Beauty,East,2,321.58,3,Card,7,4.8,623.87
11560,09-04-2026,1804,Electronics,South,7,550.17,5,COD,1,3.5,3658.63
11561,10-04-2026,1839,Electronics,West,3,584.43,2,Wallet,10,2.3,1718.22
11562,11-04-2026,1126,Electronics,North,6,168.37,10,COD,9,2.1,909.2
11563,12-04-2026,1105,Electronics,South,6,139.52,30,Card,7,2.8,585.98
11564,13-04-2026,1603,Home,West,2,62.1,12,Wallet,4,1.4,109.3
11565,14-04-2026,1798,Clothing,East,2,343.65,4,Card,11,4.6,659.81
11566,15-04-2026,1377,Clothing,West,6,22.96,23,Card,4,3,106.08
11567,16-04-2026,1904,Electronics,North,6,255.96,35,Card,11,3.9,998.24
11568,17-04-2026,1050,Home,South,7,57.93,8,Wallet,10,1.9,373.07
11569,18-04-2026,1028,Electronics,West,4,252.06,10,Wallet,7,3,907.42
11570,19-04-2026,1461,Home,North,2,38.36,34,Card,6,1.8,50.64
11571,20-04-2026,1295,Clothing,West,6,503.6,6,Wallet,3,4.3,2840.3
11572,21-04-2026,1296,Electronics,West,7,137.7,18,Card,9,4.1,790.4
11573,22-04-2026,1725,Electronics,South,1,207.06,8,Wallet,6,1.6,190.5
11574,23-04-2026,1778,Electronics,East,6,523.98,33,COD,11,1.3,2106.4
11575,24-04-2026,1406,Home,East,3,451.57,34,Card,2,4.3,894.11
11576,25-04-2026,1768,Beauty,North,3,143.14,29,Card,10,1.4,304.89
11577,26-04-2026,1813,Clothing,North,1,57.06,11,Card,2,3.2,50.78
11578,27-04-2026,1612,Electronics,North,4,433.67,14,Card,1,3.1,1491.82
11579,28-04-2026,1404,Clothing,South,2,243.56,8,COD,11,1.8,448.15
11580,29-04-2026,1345,Home,East,2,463.16,31,Card,5,3.4,639.16
11581,30-04-2026,1621,Home,North,6,275.5,32,Wallet,10,3,1124.04
11582,01-05-2026,1419,Electronics,North,3,217.41,15,COD,6,3,554.4
11583,02-05-2026,1181,Electronics,West,4,278.96,23,COD,3,2.4,859.2
11584,03-05-2026,1982,Home,West,4,452.91,6,Card,4,4.4,1702.94
11585,04-05-2026,1824,Clothing,North,4,542.8,15,Wallet,5,1.3,1845.52
11586,05-05-2026,1000,Electronics,West,6,44.11,22,COD,4,2.8,206.43
11587,06-05-2026,1830,Electronics,West,2,321.61,13,Wallet,9,2,559.6
11588,07-05-2026,1949,Clothing,West,4,34.21,13,Wallet,3,4.4,119.05
11589,08-05-2026,1566,Beauty,South,6,289.02,0,Card,5,1.9,1734.12
11590,09-05-2026,1370,Beauty,North,6,532.89,28,Card,7,4.1,2302.08
11591,10-05-2026,1935,Clothing,North,1,226.53,31,Wallet,7,3.4,156.31
11592,11-05-2026,1910,Clothing,West,5,560.48,34,Wallet,6,4.5,1849.58
11593,12-05-2026,1660,Electronics,South,4,383.91,25,COD,9,3.4,1151.73
11594,13-05-2026,1430,Clothing,West,5,561.48,19,Card,7,3.2,2273.99
11595,14-05-2026,1968,Clothing,South,2,457.94,9,COD,11,4.2,833.45
11596,15-05-2026,1308,Clothing,North,6,75.51,35,Card,4,3.2,294.49
11597,16-05-2026,1136,Clothing,West,7,150.22,21,Card,11,4.4,830.72
11598,17-05-2026,1201,Electronics,North,4,245.59,24,COD,10,1.2,746.59
11599,18-05-2026,1435,Electronics,South,7,114.51,24,Card,9,3,609.19
11600,19-05-2026,1312,Electronics,East,3,304.52,30,COD,6,4.3,639.49
11601,20-05-2026,1116,Electronics,South,2,290.75,0,Wallet,1,4.4,581.5
11602,21-05-2026,1665,Electronics,East,1,574.41,8,Wallet,9,4.3,528.46
11603,22-05-2026,1936,Beauty,North,1,268.73,23,Wallet,11,3.4,206.92
11604,23-05-2026,1802,Clothing,North,5,474.59,31,Wallet,7,5,1637.34
11605,24-05-2026,1574,Clothing,West,6,566.02,24,Card,6,1.7,2581.05
11606,25-05-2026,1243,Beauty,East,5,528.04,14,Wallet,6,1.7,2270.57
11607,26-05-2026,1536,Beauty,South,3,137.07,13,Wallet,4,1.1,357.75
11608,27-05-2026,1601,Clothing,North,3,305.18,26,Wallet,4,5,677.5
11609,28-05-2026,1074,Home,East,1,218.43,26,COD,11,2.4,161.64
11610,29-05-2026,1805,Electronics,South,7,248.92,21,Card,3,4,1376.53
11611,30-05-2026,1385,Electronics,East,4,226.07,10,Card,8,1.2,813.85
11612,31-05-2026,1902,Clothing,South,1,498.42,32,Card,8,2.2,338.93
11613,01-06-2026,1209,Home,South,1,279.5,19,Wallet,2,3.5,226.4
11614,02-06-2026,1474,Home,South,7,321.36,28,COD,5,3.1,1619.65
11615,03-06-2026,1417,Electronics,South,7,589.73,8,Wallet,9,1.8,3797.86
11616,04-06-2026,1346,Electronics,East,3,50.09,12,COD,9,2.8,132.24
11617,05-06-2026,1528,Clothing,East,7,300.46,31,COD,7,1.4,1451.22
11618,06-06-2026,1639,Electronics,West,5,467.83,2,Card,4,3.2,2292.37
11619,07-06-2026,1938,Clothing,East,3,103.43,18,Card,4,1.4,254.44
11620,08-06-2026,1954,Home,East,7,372.75,17,Card,10,3.5,2165.68
11621,09-06-2026,1875,Home,West,6,155.09,26,COD,11,1.6,688.6
11622,10-06-2026,1762,Home,East,3,522.43,10,Card,7,3.2,1410.56
11623,11-06-2026,1178,Beauty,South,3,206.35,8,COD,3,1.5,569.53
11624,12-06-2026,1181,Clothing,North,1,207.5,32,Card,3,2.6,141.1
11625,13-06-2026,1663,Home,North,4,364.94,20,Wallet,5,2.4,1167.81
11626,14-06-2026,1024,Clothing,West,1,122.38,4,Card,11,4,117.48
11627,15-06-2026,1966,Electronics,East,2,181.66,7,COD,6,3.6,337.89
11628,16-06-2026,1179,Electronics,East,3,258.73,35,Card,8,4.7,504.52
11629,17-06-2026,1709,Electronics,West,7,221.88,7,COD,1,4.7,1444.44
11630,18-06-2026,1500,Clothing,North,7,322.05,21,Card,7,3.9,1780.94
11631,19-06-2026,1855,Clothing,South,7,365.79,15,COD,8,4.1,2176.45
11632,20-06-2026,1160,Home,East,3,346.5,31,Wallet,5,3.5,717.26
11633,21-06-2026,1176,Electronics,West,7,397.69,26,Card,10,3.8,2060.03
11634,22-06-2026,1284,Electronics,South,2,195.03,21,Card,2,3.5,308.15
11635,23-06-2026,1062,Beauty,West,3,88.96,0,COD,4,2.2,266.88
11636,24-06-2026,1661,Electronics,West,7,460.07,31,COD,6,2.4,2222.14
11637,25-06-2026,1665,Clothing,West,3,512.71,16,Card,9,3.3,1292.03
11638,26-06-2026,1155,Clothing,North,6,165.35,33,COD,2,3.9,664.71
11639,27-06-2026,1881,Clothing,North,3,253.15,17,Card,4,2.6,630.34
11640,28-06-2026,1468,Electronics,West,2,306.66,24,Card,10,1.6,466.12
11641,29-06-2026,1048,Electronics,East,1,327,2,Card,5,2.8,320.46
11642,30-06-2026,1966,Electronics,South,3,400.8,26,Wallet,8,4.9,889.78
11643,01-07-2026,1848,Clothing,East,4,39.34,12,COD,8,1.9,138.48
11644,02-07-2026,1083,Clothing,North,2,437.06,12,COD,2,3.6,769.23
11645,03-07-2026,1360,Electronics,South,5,51.25,4,Wallet,6,4.9,246
11646,04-07-2026,1688,Clothing,West,6,288.95,5,Card,6,2.5,1647.01
11647,05-07-2026,1147,Home,East,2,499.19,7,COD,5,4.6,928.49
11648,06-07-2026,1629,Electronics,East,1,278.96,11,Wallet,8,4.5,248.27
11649,07-07-2026,1341,Clothing,West,7,102.22,31,Card,10,2.4,493.72
11650,08-07-2026,1475,Home,East,7,591.24,13,Card,2,1.4,3600.65
11651,09-07-2026,1062,Electronics,North,2,535.23,25,Wallet,2,1.7,802.84
11652,10-07-2026,1700,Electronics,West,5,466.22,3,Wallet,7,2.5,2261.17
11653,11-07-2026,1359,Clothing,East,7,255.73,21,Card,9,4.8,1414.19
11654,12-07-2026,1560,Beauty,West,6,122.55,17,Card,3,2.1,610.3
11655,13-07-2026,1326,Home,South,4,565.73,34,Card,7,4.7,1493.53
11656,14-07-2026,1768,Clothing,West,5,326.43,30,Card,3,1.7,1142.5
11657,15-07-2026,1735,Home,East,2,513.63,16,Card,6,4.9,862.9
11658,16-07-2026,1140,Clothing,North,5,215.13,27,COD,3,2.2,785.22
11659,17-07-2026,1989,Clothing,West,7,211.14,7,Wallet,1,3.5,1374.52
11660,18-07-2026,1214,Clothing,West,7,591.54,20,Card,6,1.3,3312.62
11661,19-07-2026,1434,Electronics,East,2,320.27,3,Wallet,11,2.2,621.32
11662,20-07-2026,1890,Home,North,7,97.31,12,Card,3,1.8,599.43
11663,21-07-2026,1951,Clothing,North,7,143.51,8,Card,1,1,924.2
11664,22-07-2026,1722,Clothing,South,4,296.94,25,COD,5,1.6,890.82
11665,23-07-2026,1317,Beauty,South,4,39.85,17,Card,8,3.4,132.3
11666,24-07-2026,1031,Electronics,East,1,285.58,26,Card,8,2.6,211.33
11667,25-07-2026,1669,Electronics,North,4,260.08,18,Wallet,8,3.9,853.06
11668,26-07-2026,1284,Electronics,North,3,470.91,3,Card,3,3.7,1370.35
11669,27-07-2026,1304,Home,South,5,222.64,26,COD,8,4.2,823.77
11670,28-07-2026,1428,Home,South,5,589.79,29,Card,4,4.5,2093.75
11671,29-07-2026,1476,Electronics,East,2,120.75,32,Card,8,4.3,164.22
11672,30-07-2026,1285,Home,North,4,360.73,20,COD,3,2.8,1154.34
11673,31-07-2026,1143,Clothing,West,1,67.47,26,Wallet,3,2.2,49.93
11674,01-08-2026,1423,Home,South,7,444.31,26,Card,1,3,2301.53
11675,02-08-2026,1018,Clothing,East,1,596.93,5,COD,8,3.1,567.08
11676,03-08-2026,1017,Clothing,North,1,494.2,6,Wallet,8,2.3,464.55
11677,04-08-2026,1768,Beauty,North,6,340.09,2,COD,9,3.2,1999.73
11678,05-08-2026,1589,Electronics,South,7,298.57,11,Card,6,1.4,1860.09
11679,06-08-2026,1370,Electronics,East,3,503.49,17,COD,2,1.9,1253.69
11680,07-08-2026,1174,Clothing,West,4,562.54,35,COD,1,4,1462.6
11681,08-08-2026,1193,Beauty,South,7,593.69,15,COD,8,1.7,3532.46
11682,09-08-2026,1501,Clothing,East,1,246.98,25,COD,10,1.6,185.24
11683,10-08-2026,1987,Electronics,North,7,594.69,24,Card,4,2.1,3163.75
11684,11-08-2026,1112,Electronics,West,3,106.22,7,COD,11,2.5,296.35
11685,12-08-2026,1113,Clothing,East,5,163.33,2,COD,11,2.3,800.32
11686,13-08-2026,1221,Electronics,West,2,67.07,19,COD,7,2.5,108.65
11687,14-08-2026,1677,Home,East,4,173.97,25,Wallet,10,1.6,521.91
11688,15-08-2026,1946,Beauty,East,4,464.24,35,Wallet,4,1.7,1207.02
11689,16-08-2026,1830,Clothing,East,6,513.96,13,COD,1,1.9,2682.87
11690,17-08-2026,1643,Clothing,East,5,470.65,31,COD,8,2.6,1623.74
11691,18-08-2026,1896,Clothing,West,4,384.17,13,COD,10,2.3,1336.91
11692,19-08-2026,1263,Electronics,South,6,315.67,24,COD,9,4.2,1439.46
11693,20-08-2026,1924,Beauty,West,6,429.59,21,Wallet,10,3.1,2036.26
11694,21-08-2026,1054,Clothing,East,6,243.64,2,COD,9,3.3,1432.6
11695,22-08-2026,1870,Clothing,West,4,507.17,3,Card,9,3.2,1967.82
11696,23-08-2026,1642,Home,West,4,411.16,1,COD,11,2.6,1628.19
11697,24-08-2026,1799,Clothing,West,4,423.22,13,COD,11,4.9,1472.81
11698,25-08-2026,1777,Clothing,East,3,328.52,26,COD,4,1.1,729.31
11699,26-08-2026,1457,Electronics,West,6,532.86,6,COD,9,1.9,3005.33
11700,27-08-2026,1978,Home,North,3,162.43,21,Card,11,2.1,384.96
11701,28-08-2026,1877,Beauty,East,2,237.97,10,Card,4,4.5,428.35
11702,29-08-2026,1161,Clothing,West,4,469.92,28,Card,2,4.7,1353.37
11703,30-08-2026,1379,Beauty,North,7,303.26,28,Card,10,4.4,1528.43
11704,31-08-2026,1992,Electronics,West,5,535.19,27,Card,3,2.7,1953.44
11705,01-09-2026,1086,Clothing,South,1,217.64,18,Wallet,2,4.7,178.46
11706,02-09-2026,1054,Clothing,West,2,231.06,10,Card,1,1.4,415.91
11707,03-09-2026,1475,Clothing,West,7,534.91,28,Wallet,11,3.6,2695.95
11708,04-09-2026,1799,Clothing,South,1,286.66,7,Card,6,4.7,266.59
11709,05-09-2026,1177,Electronics,East,1,316.93,10,Card,4,4,285.24
11710,06-09-2026,1390,Electronics,South,4,209.67,6,COD,7,2.1,788.36
11711,07-09-2026,1348,Clothing,East,5,176.85,24,Card,7,3.9,672.03
11712,08-09-2026,1007,Electronics,South,1,398.73,24,Wallet,10,2.2,303.03
11713,09-09-2026,1832,Home,West,6,85.11,23,Card,1,1.4,393.21
11714,10-09-2026,1312,Electronics,West,7,529.37,15,Card,9,3.9,3149.75
11715,11-09-2026,1758,Electronics,East,1,470.83,4,Wallet,8,1.7,452
11716,12-09-2026,1834,Clothing,East,2,126.59,32,Card,10,1.4,172.16
11717,13-09-2026,1983,Clothing,North,5,421,18,Card,1,3.2,1726.1
11718,14-09-2026,1982,Beauty,North,5,367.54,14,Card,8,3.5,1580.42
11719,15-09-2026,1442,Clothing,West,1,122.95,21,COD,5,1.2,97.13
11720,16-09-2026,1766,Electronics,West,5,174.82,7,Card,1,1,812.91
11721,17-09-2026,1327,Home,North,2,254.26,5,COD,4,4.5,483.09
11722,18-09-2026,1053,Clothing,North,7,424.06,14,Wallet,7,1.5,2552.84
11723,19-09-2026,1760,Electronics,East,2,388.65,8,Wallet,5,3.3,715.12
11724,20-09-2026,1238,Clothing,South,2,326.36,9,Card,11,4.8,593.98
11725,21-09-2026,1228,Beauty,East,6,464.52,31,Card,3,3,1923.11
11726,22-09-2026,1578,Clothing,North,4,458.39,19,Card,11,1.6,1485.18
11727,23-09-2026,1050,Electronics,West,1,376.45,17,COD,4,2.6,312.45
11728,24-09-2026,1608,Electronics,North,7,475.39,24,Card,2,3.5,2529.07
11729,25-09-2026,1603,Electronics,West,5,210.54,33,Wallet,8,4.1,705.31
11730,26-09-2026,1263,Clothing,West,2,530.53,4,COD,2,3.4,1018.62
11731,27-09-2026,1417,Clothing,West,1,374.72,29,Card,11,1.1,266.05
11732,28-09-2026,1802,Electronics,West,7,496.08,20,COD,6,1.6,2778.05
11733,29-09-2026,1095,Beauty,South,7,334.57,5,Card,7,2.5,2224.89
11734,30-09-2026,1087,Home,North,1,142.79,10,Card,7,3.8,128.51
11735,01-10-2026,1077,Clothing,East,4,332.31,17,Card,1,3.3,1103.27
11736,02-10-2026,1287,Home,West,6,232.1,24,Card,8,1.2,1058.38
11737,03-10-2026,1119,Electronics,West,5,423.04,8,COD,9,4.2,1945.98
11738,04-10-2026,1813,Clothing,East,6,293.34,19,COD,7,3.4,1425.63
11739,05-10-2026,1490,Clothing,East,7,504.13,24,Card,8,4.5,2681.97
11740,06-10-2026,1911,Home,West,5,411.67,16,Wallet,4,2.7,1729.01
11741,07-10-2026,1451,Home,East,7,415.46,30,Card,8,3,2035.75
11742,08-10-2026,1499,Electronics,East,2,142.04,30,Card,3,2.6,198.86
11743,09-10-2026,1164,Beauty,South,2,590.79,16,Card,1,3.9,992.53
11744,10-10-2026,1181,Electronics,East,1,507.38,34,COD,8,4,334.87
11745,11-10-2026,1468,Beauty,North,5,476.57,3,Wallet,11,3.9,2311.36
11746,12-10-2026,1909,Beauty,North,5,208.18,0,COD,6,2.2,1040.9
11747,13-10-2026,1734,Electronics,North,7,328.34,13,Wallet,9,3.5,1999.59
11748,14-10-2026,1822,Home,West,6,95.21,21,Card,3,2.4,451.3
11749,15-10-2026,1943,Electronics,North,2,330.01,22,Card,8,4.3,514.82
11750,16-10-2026,1977,Clothing,South,3,100.35,17,COD,9,1.2,249.87
11751,17-10-2026,1006,Clothing,North,1,338.53,4,COD,9,1.2,324.99
11752,18-10-2026,1329,Clothing,West,5,394.5,6,Card,7,1.4,1854.15
11753,19-10-2026,1774,Beauty,South,4,243.26,30,Wallet,11,1.8,681.13
11754,20-10-2026,1672,Home,North,4,306.65,30,Card,10,1.2,858.62
11755,21-10-2026,1150,Clothing,South,3,527.26,24,Card,3,1.3,1202.15
11756,22-10-2026,1084,Home,South,2,78.51,23,COD,3,2.2,120.91
11757,23-10-2026,1146,Beauty,West,2,478.16,21,COD,2,1.4,755.49
11758,24-10-2026,1623,Electronics,West,2,114.89,7,Card,1,4.2,213.7
11759,25-10-2026,1380,Beauty,South,6,36.47,15,Card,2,1.2,186
11760,26-10-2026,1914,Electronics,North,7,123.56,24,COD,5,4.6,657.34
11761,27-10-2026,1547,Home,West,4,462.55,19,COD,1,4.5,1498.66
11762,28-10-2026,1284,Electronics,South,2,252,1,COD,10,1.8,498.96
11763,29-10-2026,1699,Electronics,East,4,525.42,33,COD,4,1.3,1408.13
11764,30-10-2026,1081,Clothing,East,3,321.95,30,Card,11,1.4,676.09
11765,31-10-2026,1513,Clothing,West,1,28.02,9,Wallet,10,3.2,25.5
11766,01-11-2026,1896,Clothing,North,7,434.28,22,Wallet,10,3.4,2371.17
11767,02-11-2026,1814,Electronics,East,6,79.49,32,Card,1,2.3,324.32
11768,03-11-2026,1708,Clothing,East,5,476.79,3,Card,10,2.2,2312.43
11769,04-11-2026,1915,Beauty,East,3,113.34,18,Card,8,3.1,278.82
11770,05-11-2026,1522,Clothing,North,7,217.09,16,COD,5,2.2,1276.49
11771,06-11-2026,1745,Electronics,North,4,460.34,14,Wallet,10,4.7,1583.57
11772,07-11-2026,1385,Clothing,West,3,573.23,29,COD,4,2.5,1220.98
11773,08-11-2026,1706,Electronics,West,5,232.29,13,Wallet,3,1.9,1010.46
11774,09-11-2026,1470,Home,East,7,500.2,2,Card,9,1.6,3431.37
11775,10-11-2026,1118,Home,North,6,126.61,2,COD,6,3.5,744.47
11776,11-11-2026,1395,Clothing,South,1,487.2,1,Card,1,2.3,482.33
11777,12-11-2026,1531,Clothing,East,5,399.63,14,Card,8,1.8,1718.41
11778,13-11-2026,1260,Home,West,7,127.75,25,COD,10,2.1,670.69
11779,14-11-2026,1804,Clothing,North,6,191.96,7,Card,2,2.2,1071.14
11780,15-11-2026,1933,Home,West,4,92.09,23,COD,9,3.5,283.64
11781,16-11-2026,1255,Clothing,West,5,239.04,24,COD,11,1.7,908.35
11782,17-11-2026,1733,Home,North,3,134.13,9,Wallet,7,3.9,366.17
11783,18-11-2026,1904,Clothing,East,2,391.74,21,Card,3,2.2,618.95
11784,19-11-2026,1225,Clothing,North,3,596.79,24,COD,4,3,1360.68
11785,20-11-2026,1052,Beauty,East,4,22.03,16,Wallet,3,3.6,74.02
11786,21-11-2026,1939,Clothing,West,7,331.44,12,Wallet,6,3.2,2041.67
11787,22-11-2026,1866,Clothing,North,1,350.59,22,COD,9,3.6,273.46
11788,23-11-2026,1499,Electronics,South,5,549.81,34,COD,10,2.3,1814.37
11789,24-11-2026,1505,Clothing,East,7,311.01,15,Card,9,4.9,1850.51
11790,25-11-2026,1853,Clothing,South,1,333.07,14,COD,1,2.8,286.44
11791,26-11-2026,1363,Electronics,East,4,290.92,16,COD,10,2.3,977.49
11792,27-11-2026,1279,Electronics,North,5,172.31,3,COD,6,2.2,835.7
11793,28-11-2026,1592,Clothing,South,6,47.78,19,COD,1,1.2,232.21
11794,29-11-2026,1713,Home,North,6,254.06,12,Card,11,3.7,1341.44
11795,30-11-2026,1157,Clothing,East,7,45.77,4,Card,4,2.1,307.57
11796,01-12-2026,1631,Electronics,East,3,337.04,16,COD,7,4.8,849.34
11797,02-12-2026,1058,Home,East,7,194.77,0,Card,4,1.8,1363.39
11798,03-12-2026,1726,Electronics,East,3,327.16,14,Card,9,3.1,844.07
11799,04-12-2026,1127,Clothing,West,4,93.56,4,Card,10,3.9,359.27
11800,05-12-2026,1735,Electronics,East,6,560.59,1,Card,5,4.5,3329.9
11801,06-12-2026,1720,Electronics,South,5,538.29,29,Wallet,9,1.6,1910.93
11802,07-12-2026,1881,Electronics,East,6,126.15,32,COD,1,4.9,514.69
11803,08-12-2026,1114,Clothing,North,3,215.91,7,Card,4,4.6,602.39
11804,09-12-2026,1208,Electronics,West,7,373.89,19,COD,7,4.9,2119.96
11805,10-12-2026,1525,Clothing,South,4,70.98,10,Card,2,4.4,255.53
11806,11-12-2026,1520,Clothing,West,6,222.42,17,COD,9,4.5,1107.65
11807,12-12-2026,1551,Clothing,West,4,161.9,15,Card,3,3.4,550.46
11808,13-12-2026,1961,Clothing,West,6,550.58,9,Wallet,4,4.4,3006.17
11809,14-12-2026,1236,Home,North,7,513.72,25,Card,4,3.1,2697.03
11810,15-12-2026,1280,Electronics,West,1,354.2,4,COD,8,3.2,340.03
11811,16-12-2026,1358,Clothing,West,7,319.4,2,Wallet,2,3.3,2191.08
11812,17-12-2026,1200,Electronics,East,6,559.47,27,Wallet,5,5,2450.48
11813,18-12-2026,1757,Electronics,North,3,560.47,23,Card,2,1.4,1294.69
11814,19-12-2026,1277,Clothing,South,7,582.06,17,COD,6,4.2,3381.77
11815,20-12-2026,1234,Clothing,South,5,88.35,16,Card,9,2.1,371.07
11816,21-12-2026,1493,Beauty,South,3,108.93,17,COD,9,2.4,271.24
11817,22-12-2026,1003,Clothing,North,3,410.89,15,Card,1,1.3,1047.77
11818,23-12-2026,1665,Beauty,South,3,331.74,14,Wallet,4,2.4,855.89
11819,24-12-2026,1441,Electronics,North,4,25.8,17,Card,4,5,85.66
11820,25-12-2026,1028,Electronics,East,2,51.26,18,COD,1,2.6,84.07
11821,26-12-2026,1108,Electronics,East,2,534.53,24,COD,10,3.7,812.49
11822,27-12-2026,1609,Electronics,North,1,523.29,25,Wallet,2,1.5,392.47
11823,28-12-2026,1726,Clothing,South,3,224,13,COD,6,4.7,584.64
11824,29-12-2026,1804,Clothing,North,2,536.26,14,Card,10,4.3,922.37
11825,30-12-2026,1074,Electronics,North,1,362.3,13,Card,3,2.5,315.2
11826,31-12-2026,1837,Beauty,West,4,486.45,19,Card,9,2.4,1576.1
11827,01-01-2027,1145,Home,North,3,265.05,16,COD,3,2.7,667.93
11828,02-01-2027,1127,Electronics,West,5,81.34,31,COD,3,2.6,280.62
11829,03-01-2027,1852,Electronics,East,4,268.73,24,COD,9,2,816.94
11830,04-01-2027,1041,Electronics,West,1,282.52,31,Card,3,5,194.94
11831,05-01-2027,1355,Electronics,North,4,337.3,25,COD,6,4.2,1011.9
11832,06-01-2027,1040,Electronics,East,5,76.77,34,COD,6,2.1,253.34
11833,07-01-2027,1933,Clothing,West,4,594.97,22,Wallet,1,4.9,1856.31
11834,08-01-2027,1033,Electronics,North,1,157.82,34,COD,7,1.1,104.16
11835,09-01-2027,1016,Clothing,East,5,131.15,6,Card,9,2.8,616.4
11836,10-01-2027,1676,Beauty,West,5,323.18,2,Card,9,3.3,1583.58
11837,11-01-2027,1152,Home,North,4,329.27,20,Card,9,1.2,1053.66
11838,12-01-2027,1997,Beauty,North,5,272.3,34,COD,2,1.6,898.59
11839,13-01-2027,1377,Electronics,South,7,466.56,15,COD,1,2,2776.03
11840,14-01-2027,1587,Clothing,South,4,317.24,7,Card,6,3.9,1180.13
11841,15-01-2027,1598,Clothing,West,3,371.67,18,Card,6,4.8,914.31
11842,16-01-2027,1628,Electronics,West,5,438.39,23,Card,4,3.5,1687.8
11843,17-01-2027,1873,Electronics,West,4,29.64,11,Wallet,8,3.3,105.52
11844,18-01-2027,1341,Home,North,3,348.83,25,Card,5,3.1,784.87
11845,19-01-2027,1980,Clothing,West,5,532.25,34,Card,7,2.4,1756.42
11846,20-01-2027,1026,Clothing,North,3,25.17,31,Card,9,4.3,52.1
11847,21-01-2027,1824,Clothing,West,6,252.03,10,Card,1,3.2,1360.96
11848,22-01-2027,1286,Clothing,North,5,556.84,11,COD,9,1.9,2477.94
11849,23-01-2027,1645,Electronics,North,6,221.6,13,Wallet,4,1.5,1156.75
11850,24-01-2027,1730,Electronics,South,1,283.36,14,Card,7,4.9,243.69
11851,25-01-2027,1167,Electronics,East,1,589.2,4,COD,11,1.1,565.63
11852,26-01-2027,1609,Electronics,North,4,131.6,27,Card,4,4.7,384.27
11853,27-01-2027,1267,Beauty,West,2,53.17,13,Wallet,4,1.9,92.52
11854,28-01-2027,1748,Clothing,South,6,517.76,31,Card,4,3.6,2143.53
11855,29-01-2027,1820,Home,West,6,523.05,32,Card,6,2.2,2134.04
11856,30-01-2027,1454,Electronics,West,1,291.17,1,COD,5,4.4,288.26
11857,31-01-2027,1905,Clothing,North,6,315.81,35,Card,2,3.2,1231.66
11858,01-02-2027,1684,Electronics,North,2,503.95,25,Card,9,1.6,755.92
11859,02-02-2027,1400,Electronics,East,3,447.06,18,COD,11,2.1,1099.77
11860,03-02-2027,1921,Electronics,North,3,170.11,14,COD,6,2.3,438.88
11861,04-02-2027,1980,Home,North,2,24.88,18,COD,10,4.5,40.8
11862,05-02-2027,1475,Home,East,6,295.62,11,COD,6,4.1,1578.61
11863,06-02-2027,1701,Clothing,West,6,517.46,22,COD,9,4.3,2421.71
11864,07-02-2027,1633,Clothing,East,6,539.06,3,COD,1,1.2,3137.33
11865,08-02-2027,1557,Beauty,East,7,574.39,22,COD,7,3.3,3136.17
11866,09-02-2027,1575,Electronics,East,4,529.54,10,COD,3,5,1906.34
11867,10-02-2027,1129,Electronics,South,5,354.33,1,Card,4,4.1,1753.93
11868,11-02-2027,1821,Electronics,West,2,275.09,19,Card,1,1.5,445.65
11869,12-02-2027,1362,Home,South,2,468.29,20,Card,3,3.7,749.26
11870,13-02-2027,1704,Beauty,South,7,447.8,15,Card,7,4,2664.41
11871,14-02-2027,1818,Electronics,North,2,329.81,3,COD,6,3.1,639.83
11872,15-02-2027,1692,Beauty,East,2,66.09,31,Card,1,1.3,91.2
11873,16-02-2027,1291,Home,East,7,556.76,21,Card,9,1.1,3078.88
11874,17-02-2027,1370,Electronics,South,2,281.53,4,Card,4,4.8,540.54
11875,18-02-2027,1793,Clothing,North,6,227.55,18,Card,7,2,1119.55
11876,19-02-2027,1028,Clothing,North,7,383.3,17,COD,4,2.5,2226.97
11877,20-02-2027,1148,Beauty,North,4,409.2,2,COD,7,4.2,1604.06
11878,21-02-2027,1778,Electronics,West,1,138.25,21,COD,5,3.8,109.22
11879,22-02-2027,1295,Home,South,6,504.61,28,Card,1,4.9,2179.92
11880,23-02-2027,1010,Electronics,West,6,184.61,26,Wallet,4,1.4,819.67
11881,24-02-2027,1511,Home,North,5,124.21,7,Wallet,3,3.8,577.58
11882,25-02-2027,1675,Clothing,North,7,252.74,30,COD,6,1.3,1238.43
11883,26-02-2027,1112,Clothing,North,1,442.38,12,Wallet,6,1,389.29
11884,27-02-2027,1186,Home,East,2,579.79,33,COD,1,1.5,776.92
11885,28-02-2027,1806,Home,South,1,488.43,3,Wallet,11,3.5,473.78
11886,01-03-2027,1743,Beauty,East,4,565.1,17,Wallet,2,3.7,1876.13
11887,02-03-2027,1226,Electronics,West,3,97.25,21,Wallet,2,2.8,230.48
11888,03-03-2027,1309,Home,East,6,56.64,9,COD,10,1.2,309.25
11889,04-03-2027,1097,Electronics,South,7,341.26,27,COD,4,3.5,1743.84
11890,05-03-2027,1054,Clothing,East,7,184.82,22,COD,9,1.3,1009.12
11891,06-03-2027,1622,Clothing,North,1,499.41,1,Card,11,1.6,494.42
11892,07-03-2027,1663,Clothing,West,5,408.11,21,Card,2,3.1,1612.03
11893,08-03-2027,1757,Clothing,West,4,582.88,17,Wallet,11,2.4,1935.16
11894,09-03-2027,1405,Beauty,North,3,164.05,7,Card,8,2.9,457.7
11895,10-03-2027,1068,Electronics,North,4,299.18,35,COD,11,3.5,777.87
11896,11-03-2027,1311,Home,North,7,308.23,31,Card,1,1.6,1488.75
11897,12-03-2027,1288,Clothing,South,2,154.92,10,Card,8,4.6,278.86
11898,13-03-2027,1761,Electronics,East,3,360.2,19,Wallet,3,3.2,875.29
11899,14-03-2027,1547,Electronics,West,7,274.32,11,Wallet,5,1.1,1709.01
11900,15-03-2027,1750,Beauty,East,5,276.33,27,COD,1,3.5,1008.6
11901,16-03-2027,1147,Beauty,North,3,227.2,33,Card,1,2.9,456.67
11902,17-03-2027,1466,Beauty,North,7,24.9,13,COD,6,3.8,151.64
11903,18-03-2027,1738,Beauty,East,5,320.43,28,Card,3,4.1,1153.55
11904,19-03-2027,1243,Electronics,West,2,211.12,17,Card,8,4.8,350.46
11905,20-03-2027,1490,Clothing,South,5,15.77,14,Card,4,5,67.81
11906,21-03-2027,1848,Home,East,4,195.15,33,COD,6,3.2,523
11907,22-03-2027,1957,Clothing,North,1,178,18,Card,10,3.2,145.96
11908,23-03-2027,1506,Clothing,North,4,245.17,16,COD,9,1.1,823.77
11909,24-03-2027,1364,Clothing,South,7,92.13,24,Card,8,4.5,490.13
11910,25-03-2027,1481,Clothing,East,7,312,9,Card,4,1.1,1987.44
11911,26-03-2027,1200,Clothing,South,6,420.08,11,Card,10,3.5,2243.23
11912,27-03-2027,1153,Electronics,South,4,383.66,33,Wallet,8,1.4,1028.21
11913,28-03-2027,1449,Clothing,West,3,485.2,24,COD,7,2.1,1106.26
11914,29-03-2027,1500,Clothing,West,2,279.42,29,Card,5,1.6,396.78
11915,30-03-2027,1072,Clothing,North,6,318.67,9,COD,7,1.5,1739.94
11916,31-03-2027,1712,Electronics,East,6,489.09,19,Wallet,7,1.3,2376.98
11917,01-04-2027,1295,Home,West,6,265.21,34,COD,10,2.3,1050.23
11918,02-04-2027,1016,Electronics,North,7,425.44,11,COD,2,2.7,2650.49
11919,03-04-2027,1640,Clothing,East,1,269.24,6,Card,7,2.9,253.09
11920,04-04-2027,1216,Home,North,5,259.38,18,COD,3,2.8,1063.46
11921,05-04-2027,1060,Clothing,West,3,459.72,14,COD,8,3.1,1186.08
11922,06-04-2027,1938,Electronics,North,7,117.28,6,COD,8,4.4,771.7
11923,07-04-2027,1615,Home,East,2,213.07,31,Wallet,9,3.5,294.04
11924,08-04-2027,1041,Clothing,East,7,146.14,35,Card,11,1.1,664.94
11925,09-04-2027,1024,Home,North,1,225.08,20,Card,4,1.7,180.06
11926,10-04-2027,1038,Home,East,7,149.77,27,Wallet,10,2.4,765.32
11927,11-04-2027,1802,Clothing,North,7,353.95,30,COD,3,4.8,1734.36
11928,12-04-2027,1130,Clothing,East,4,481.93,25,Card,9,1.3,1445.79
11929,13-04-2027,1497,Electronics,North,2,475.17,2,Card,9,3.8,931.33
11930,14-04-2027,1228,Electronics,North,6,228.23,6,Wallet,2,1.1,1287.22
11931,15-04-2027,1107,Clothing,North,2,593.42,2,Card,6,2.5,1163.1
11932,16-04-2027,1171,Clothing,South,2,362.4,0,Card,3,4.1,724.8
11933,17-04-2027,1434,Clothing,East,4,248.65,11,Card,5,2.4,885.19
11934,18-04-2027,1477,Electronics,West,5,503.79,14,Wallet,2,2.7,2166.3
11935,19-04-2027,1101,Electronics,North,7,441.98,8,Wallet,4,4.6,2846.35
11936,20-04-2027,1865,Clothing,South,3,453.33,2,COD,11,1.3,1332.79
11937,21-04-2027,1523,Electronics,West,6,129.74,19,COD,3,3.1,630.54
11938,22-04-2027,1274,Home,North,5,288.97,10,Card,2,2.5,1300.37
11939,23-04-2027,1612,Electronics,West,1,519.17,28,Card,6,4.9,373.8
11940,24-04-2027,1043,Clothing,South,7,309.86,0,Wallet,11,4.2,2169.02
11941,25-04-2027,1954,Beauty,West,6,414.82,29,Card,3,1.5,1767.13
11942,26-04-2027,1816,Electronics,North,3,358.94,33,COD,4,4.7,721.47
11943,27-04-2027,1956,Clothing,West,7,507.78,25,COD,6,1.8,2665.84
11944,28-04-2027,1016,Electronics,West,1,181.47,26,Card,5,1.3,134.29
11945,29-04-2027,1329,Clothing,North,4,351.65,33,COD,4,3.2,942.42
11946,30-04-2027,1568,Clothing,South,5,87.09,7,COD,4,3.9,404.97
11947,01-05-2027,1822,Clothing,South,7,418.77,35,COD,2,3.9,1905.4
11948,02-05-2027,1496,Clothing,West,6,443.2,27,Card,10,3.1,1941.22
11949,03-05-2027,1814,Beauty,East,2,40.06,25,Card,4,3,60.09
11950,04-05-2027,1011,Electronics,West,3,410.34,13,COD,8,4.9,1070.99
11951,05-05-2027,1317,Electronics,East,7,257.59,19,Wallet,5,4.3,1460.54
11952,06-05-2027,1591,Beauty,West,6,87.6,23,Card,11,3.8,404.71
11953,07-05-2027,1215,Clothing,South,2,260.65,22,Wallet,10,1.8,406.61
11954,08-05-2027,1338,Beauty,West,6,128.63,25,COD,10,4.3,578.84
11955,09-05-2027,1775,Clothing,West,7,258.1,3,Wallet,8,4,1752.5
11956,10-05-2027,1990,Home,East,1,239.84,12,Card,6,5,211.06
11957,11-05-2027,1660,Clothing,South,2,446.96,15,Card,10,1.5,759.83
11958,12-05-2027,1080,Home,East,2,467.92,9,Card,5,3.9,851.61
11959,13-05-2027,1726,Beauty,West,6,370.11,6,Card,4,4.9,2087.42
11960,14-05-2027,1484,Clothing,North,4,28.27,5,Wallet,10,2.9,107.43
11961,15-05-2027,1373,Electronics,West,7,559.65,13,Card,9,3.9,3408.27
11962,16-05-2027,1975,Electronics,West,4,416.45,17,COD,10,4.9,1382.61
11963,17-05-2027,1709,Electronics,East,5,35,2,Card,5,3.2,171.5
11964,18-05-2027,1199,Electronics,North,1,494.02,33,COD,10,3.8,330.99
11965,19-05-2027,1536,Electronics,North,4,132.16,27,Card,11,1.1,385.91
11966,20-05-2027,1465,Clothing,East,6,353.84,26,Card,6,3.1,1571.05
11967,21-05-2027,1088,Clothing,South,7,287.98,6,Card,7,2,1894.91
11968,22-05-2027,1267,Clothing,North,4,260.61,21,COD,11,1.5,823.53
11969,23-05-2027,1654,Clothing,North,5,535.48,19,Card,11,3.8,2168.69
11970,24-05-2027,1570,Electronics,East,3,270.86,34,Card,1,1.2,536.3
11971,25-05-2027,1921,Electronics,South,5,59.08,26,Card,9,4.6,218.6
11972,26-05-2027,1488,Electronics,South,2,568.78,20,Wallet,8,3.1,910.05
11973,27-05-2027,1876,Clothing,West,7,553.51,30,COD,11,3.6,2712.2
11974,28-05-2027,1537,Electronics,West,2,415.39,5,COD,5,2,789.24
11975,29-05-2027,1046,Electronics,East,4,288.72,1,COD,3,1.7,1143.33
11976,30-05-2027,1287,Clothing,South,4,69.32,24,Card,5,2,210.73
11977,31-05-2027,1777,Home,East,5,477.59,3,COD,5,1.9,2316.31
11978,01-06-2027,1015,Electronics,West,5,59.15,4,Card,9,4.5,283.92
11979,02-06-2027,1710,Clothing,East,6,55.13,26,Card,7,4.1,244.78
11980,03-06-2027,1400,Home,East,1,329.37,9,COD,2,4.4,299.73
11981,04-06-2027,1918,Home,North,6,108.68,22,COD,5,3.9,508.62
11982,05-06-2027,1793,Beauty,North,2,19.52,32,Card,9,3.6,26.55
11983,06-06-2027,1980,Electronics,North,6,262.52,11,Card,11,3.1,1401.86
11984,07-06-2027,1085,Electronics,West,5,95.27,8,COD,2,2.1,438.24
11985,08-06-2027,1249,Beauty,East,7,108.9,4,COD,8,3.8,731.81
11986,09-06-2027,1390,Clothing,North,6,59.99,5,Card,3,1.5,341.94
11987,10-06-2027,1781,Clothing,North,3,134.98,2,Card,4,3,396.84
11988,11-06-2027,1334,Home,North,1,433.56,3,Wallet,2,1.8,420.55
11989,12-06-2027,1628,Home,West,5,488.22,15,COD,9,3,2074.94
11990,13-06-2027,1518,Beauty,West,7,279.73,11,Wallet,6,2.2,1742.72
11991,14-06-2027,1136,Beauty,East,4,311.33,25,Card,9,1.2,933.99
11992,15-06-2027,1882,Home,East,6,34.1,30,COD,11,3,143.22
11993,16-06-2027,1687,Electronics,East,5,55.55,27,Card,8,1.7,202.76
11994,17-06-2027,1839,Beauty,North,4,165.68,19,COD,9,1.6,536.8
11995,18-06-2027,1497,Electronics,South,4,333.18,4,Card,5,2.5,1279.41
11996,19-06-2027,1826,Electronics,West,2,447.64,25,Card,6,2.4,671.46
11997,20-06-2027,1726,Beauty,North,2,368.93,13,Card,7,4.5,641.94
11998,21-06-2027,1476,Electronics,North,7,244.39,3,COD,5,3.3,1659.41
11999,22-06-2027,1593,Electronics,East,5,84.22,29,COD,1,4.4,298.98
12000,23-06-2027,1222,Electronics,East,7,471.75,12,COD,9,1.6,2905.98
12001,24-06-2027,1989,Beauty,North,5,227.81,8,Wallet,2,2.4,1047.93
12002,25-06-2027,1371,Clothing,West,3,445.59,31,COD,7,3.2,922.37
12003,26-06-2027,1934,Home,West,1,315.09,32,COD,8,1.6,214.26
12004,27-06-2027,1994,Electronics,North,1,447.12,12,Wallet,8,1.5,393.47
12005,28-06-2027,1401,Home,South,5,545.76,12,COD,1,3.6,2401.34
12006,29-06-2027,1442,Home,South,2,553.8,20,Card,10,3.6,886.08
12007,30-06-2027,1489,Electronics,West,6,328.04,26,Wallet,7,1.9,1456.5
12008,01-07-2027,1614,Clothing,East,7,314.23,2,Card,9,1.9,2155.62
12009,02-07-2027,1272,Electronics,South,3,170.42,21,COD,11,4,403.9
12010,03-07-2027,1525,Beauty,South,1,562.44,33,Card,11,1.5,376.83
12011,04-07-2027,1158,Clothing,East,5,282.88,9,COD,3,4.7,1287.1
12012,05-07-2027,1151,Beauty,South,2,89.64,32,COD,8,4.8,121.91
12013,06-07-2027,1994,Electronics,North,2,268.13,33,Card,8,4.5,359.29
12014,07-07-2027,1619,Home,South,2,89.33,9,COD,9,1.8,162.58
12015,08-07-2027,1187,Home,East,7,308.98,26,COD,8,1.1,1600.52
12016,09-07-2027,1812,Home,North,6,343.35,8,Card,5,4.7,1895.29
12017,10-07-2027,1097,Beauty,South,4,212.59,26,Card,5,2.4,629.27
12018,11-07-2027,1130,Clothing,West,7,56.92,28,Card,3,2.2,286.88
12019,12-07-2027,1804,Electronics,North,6,566.95,9,Wallet,6,2,3095.55
12020,13-07-2027,1170,Home,North,2,467.41,25,COD,10,2,701.12
12021,14-07-2027,1935,Home,West,5,505.75,28,Wallet,3,3.9,1820.7
12022,15-07-2027,1985,Clothing,West,3,229.62,13,Card,2,4.6,599.31
12023,16-07-2027,1182,Electronics,South,6,460.09,6,Card,7,4.1,2594.91
12024,17-07-2027,1982,Clothing,South,5,298.94,3,Card,10,3.7,1449.86
12025,18-07-2027,1363,Electronics,East,7,132.63,20,Card,3,2.2,742.73
12026,19-07-2027,1038,Clothing,East,7,87.79,34,COD,4,3.2,405.59
12027,20-07-2027,1526,Clothing,North,2,216.85,29,Wallet,11,1.9,307.93
12028,21-07-2027,1887,Home,West,3,95.47,15,Card,10,1.4,243.45
12029,22-07-2027,1496,Electronics,West,1,598.99,19,Wallet,8,1.5,485.18
12030,23-07-2027,1515,Clothing,East,1,43.78,10,Card,1,3.4,39.4
12031,24-07-2027,1348,Electronics,North,7,273.07,6,Wallet,9,1.2,1796.8
12032,25-07-2027,1981,Electronics,North,5,279.47,17,Card,6,4.9,1159.8
12033,26-07-2027,1920,Home,East,3,190.87,16,Wallet,2,5,480.99
12034,27-07-2027,1396,Beauty,East,5,349.24,18,Card,3,1.6,1431.88
12035,28-07-2027,1721,Clothing,East,3,102.74,33,Wallet,5,2.7,206.51
12036,29-07-2027,1160,Home,South,3,473.59,21,Card,11,4.1,1122.41
12037,30-07-2027,1015,Beauty,North,7,209.48,21,Card,6,4.8,1158.42
12038,31-07-2027,1492,Home,North,5,360.94,4,COD,9,4.6,1732.51
12039,01-08-2027,1425,Electronics,North,7,433.65,35,Card,2,2,1973.11
12040,02-08-2027,1107,Beauty,East,3,535.09,27,COD,5,1.3,1171.85
12041,03-08-2027,1893,Clothing,East,6,503.94,31,Wallet,7,2.2,2086.31
12042,04-08-2027,1449,Electronics,East,2,370.86,15,COD,11,2.7,630.46
12043,05-08-2027,1310,Electronics,East,3,242.21,18,COD,11,2.4,595.84
12044,06-08-2027,1738,Clothing,West,6,309.37,18,Card,7,4.1,1522.1
12045,07-08-2027,1169,Electronics,East,3,464.71,7,COD,4,2,1296.54
12046,08-08-2027,1545,Electronics,South,6,528.36,24,COD,3,4.4,2409.32
12047,09-08-2027,1413,Electronics,West,5,75.71,32,Wallet,8,1.9,257.41
12048,10-08-2027,1250,Home,West,1,240.14,6,Card,2,2.4,225.73
12049,11-08-2027,1758,Beauty,East,4,469.03,3,COD,5,2.8,1819.84
12050,12-08-2027,1780,Electronics,North,3,267.52,26,Card,10,2.2,593.89
12051,13-08-2027,1140,Beauty,East,4,209.35,10,Card,5,4.1,753.66
12052,14-08-2027,1273,Beauty,North,3,255.62,22,Card,1,2.6,598.15
12053,15-08-2027,1415,Home,East,5,367.66,24,Card,7,4.5,1397.11
12054,16-08-2027,1607,Electronics,East,5,599.89,11,Card,4,4.9,2669.51
12055,17-08-2027,1738,Home,North,6,303.4,29,Card,10,4.4,1292.48
12056,18-08-2027,1890,Beauty,North,3,136.97,19,Wallet,2,3.1,332.84
12057,19-08-2027,1038,Home,North,5,110.27,30,Card,8,3,385.94
12058,20-08-2027,1813,Electronics,North,5,39.77,27,Wallet,4,1.9,145.16
12059,21-08-2027,1028,Clothing,South,3,341.91,30,Card,1,3.4,718.01
12060,22-08-2027,1957,Clothing,North,6,333.57,1,Card,8,4.8,1981.41
12061,23-08-2027,1476,Clothing,East,6,135.06,9,COD,11,1.3,737.43
12062,24-08-2027,1317,Electronics,East,6,421.77,3,COD,7,4,2454.7
12063,25-08-2027,1244,Electronics,South,6,448.55,15,COD,3,4.5,2287.6
12064,26-08-2027,1747,Home,North,1,166.57,31,COD,3,4.9,114.93
12065,27-08-2027,1696,Beauty,East,3,216.3,16,Card,7,2.3,545.08
12066,28-08-2027,1271,Electronics,South,7,594.43,30,COD,2,2.4,2912.71
12067,29-08-2027,1439,Beauty,East,1,233.94,11,COD,5,1.9,208.21
12068,30-08-2027,1747,Electronics,South,5,460.07,12,Card,7,4.2,2024.31
12069,31-08-2027,1238,Home,South,1,279.84,31,Wallet,6,1.6,193.09
12070,01-09-2027,1376,Home,West,7,479.11,15,COD,10,2.1,2850.7
12071,02-09-2027,1265,Home,West,7,464.88,28,Card,7,2.2,2343
12072,03-09-2027,1925,Beauty,North,7,405.64,8,Wallet,2,2.5,2612.32
12073,04-09-2027,1920,Electronics,West,6,515.05,33,Wallet,7,2.7,2070.5
12074,05-09-2027,1358,Beauty,South,5,564.44,20,COD,2,3.2,2257.76
12075,06-09-2027,1339,Electronics,East,1,354.29,27,Card,7,4.8,258.63
12076,07-09-2027,1388,Home,East,1,153.92,3,Wallet,8,2,149.3
12077,08-09-2027,1576,Home,North,3,248.2,17,Card,10,4.1,618.02
12078,09-09-2027,1989,Home,West,1,458.61,32,Card,8,3.7,311.85
12079,10-09-2027,1688,Electronics,North,5,395.77,31,Card,5,1.5,1365.41
12080,11-09-2027,1002,Beauty,South,6,119.01,2,COD,7,4.2,699.78
12081,12-09-2027,1428,Electronics,West,3,44.98,11,Wallet,11,1.4,120.1
12082,13-09-2027,1141,Electronics,North,1,414.53,16,COD,8,4,348.21
12083,14-09-2027,1375,Home,East,3,161.88,6,Wallet,4,3.9,456.5
12084,15-09-2027,1669,Clothing,East,4,307.31,26,Card,2,3.8,909.64
12085,16-09-2027,1323,Home,North,3,451.85,6,Card,7,2.1,1274.22
12086,17-09-2027,1145,Clothing,North,7,344.16,12,COD,1,3.3,2120.03
12087,18-09-2027,1957,Electronics,North,6,63.73,23,Wallet,2,4,294.43
12088,19-09-2027,1292,Home,South,7,123.56,17,COD,10,3.6,717.88
12089,20-09-2027,1664,Clothing,South,4,143.31,26,Card,7,4.2,424.2
12090,21-09-2027,1431,Electronics,East,7,165.85,34,Card,10,3.8,766.23
12091,22-09-2027,1704,Home,South,4,345.76,4,Card,1,2.1,1327.72
12092,23-09-2027,1948,Clothing,South,3,309.82,25,Card,7,1.6,697.1
12093,24-09-2027,1974,Clothing,West,5,133.85,8,Card,5,3.5,615.71
12094,25-09-2027,1584,Clothing,South,6,54.52,15,Wallet,11,4,278.05
12095,26-09-2027,1398,Home,West,5,115.29,1,COD,3,1.6,570.69
12096,27-09-2027,1816,Home,South,6,590.86,5,COD,11,1.7,3367.9
12097,28-09-2027,1888,Home,East,6,289.1,11,Card,2,1,1543.79
12098,29-09-2027,1343,Electronics,North,7,522.4,12,Card,7,3.1,3217.98
12099,30-09-2027,1963,Home,East,7,511.52,31,COD,9,3.2,2470.64
12100,01-10-2027,1139,Home,South,5,314.24,26,Wallet,9,3,1162.69
12101,02-10-2027,1186,Home,North,2,428.41,34,COD,10,2.3,565.5
12102,03-10-2027,1804,Clothing,North,4,127.76,21,Wallet,10,2.7,403.72
12103,04-10-2027,1060,Beauty,North,7,417.71,8,Wallet,8,4.1,2690.05
12104,05-10-2027,1996,Home,West,7,174.34,11,Card,2,1.7,1086.14
12105,06-10-2027,1938,Electronics,East,7,501.76,11,Card,1,1.8,3125.96
12106,07-10-2027,1379,Clothing,West,3,63.98,11,COD,8,3.7,170.83
12107,08-10-2027,1709,Beauty,North,5,467.29,24,Card,2,4.5,1775.7
12108,09-10-2027,1806,Electronics,East,5,73.46,19,Card,4,2.4,297.51
12109,10-10-2027,1439,Beauty,East,7,530.5,13,Card,4,4.7,3230.74
12110,11-10-2027,1318,Home,South,3,192.96,5,Card,2,1.2,549.94
12111,12-10-2027,1301,Clothing,West,7,397.82,1,Wallet,4,1.5,2756.89
12112,13-10-2027,1343,Electronics,West,4,300.19,8,Card,7,2.8,1104.7
12113,14-10-2027,1010,Electronics,South,3,229.29,4,Card,6,3.9,660.36
12114,15-10-2027,1061,Beauty,West,7,392.58,27,COD,10,2.5,2006.08
12115,16-10-2027,1844,Electronics,North,6,569.3,4,COD,6,3.2,3279.17
12116,17-10-2027,1225,Home,North,2,39.14,25,COD,4,1.1,58.71
12117,18-10-2027,1152,Clothing,West,6,552.53,13,Wallet,2,2.8,2884.21
12118,19-10-2027,1710,Electronics,South,2,371.31,3,COD,5,2,720.34
12119,20-10-2027,1563,Electronics,East,3,487.28,28,COD,11,3.1,1052.52
12120,21-10-2027,1771,Clothing,West,6,239.57,20,Card,3,3.1,1149.94
12121,22-10-2027,1570,Beauty,East,4,291.03,8,COD,3,4,1070.99
12122,23-10-2027,1583,Clothing,South,6,523.28,31,COD,4,3.2,2166.38
12123,24-10-2027,1659,Clothing,East,5,257.69,2,Wallet,11,3.5,1262.68
12124,25-10-2027,1860,Electronics,South,2,327.78,7,Wallet,11,3.1,609.67
12125,26-10-2027,1574,Clothing,South,2,26.81,26,COD,5,5,39.68
12126,27-10-2027,1309,Clothing,North,7,107.78,25,COD,11,4.2,565.84
12127,28-10-2027,1884,Beauty,North,4,390.39,10,Card,2,4,1405.4
12128,29-10-2027,1242,Clothing,South,2,434.43,2,Card,6,3.5,851.48
12129,30-10-2027,1492,Clothing,West,2,355.82,30,Card,6,3.1,498.15
12130,31-10-2027,1365,Electronics,North,7,98.84,11,Card,8,2.4,615.77
12131,01-11-2027,1329,Beauty,South,4,275.56,7,Card,2,4.1,1025.08
12132,02-11-2027,1106,Electronics,East,6,222.73,18,Card,8,1.8,1095.83
12133,03-11-2027,1225,Electronics,East,3,304.96,32,COD,8,1.1,622.12
12134,04-11-2027,1824,Home,West,6,524.14,2,COD,4,3.8,3081.94
12135,05-11-2027,1217,Clothing,East,5,468.88,27,COD,7,1.6,1711.41
12136,06-11-2027,1936,Clothing,East,5,64.13,20,COD,7,4.6,256.52
12137,07-11-2027,1752,Clothing,South,2,535.83,15,Card,1,4.1,910.91
12138,08-11-2027,1505,Home,East,5,290.98,26,Wallet,1,3.4,1076.63
12139,09-11-2027,1258,Electronics,East,3,450.16,34,Card,8,2.3,891.32
12140,10-11-2027,1887,Home,East,2,96.92,8,Wallet,11,3.6,178.33
12141,11-11-2027,1773,Clothing,East,7,407.37,5,Card,1,2.9,2709.01
12142,12-11-2027,1516,Clothing,South,5,153.25,32,COD,3,2.2,521.05
12143,13-11-2027,1772,Clothing,East,7,271.45,23,Card,6,4.8,1463.12
12144,14-11-2027,1053,Electronics,West,1,24.86,15,Card,8,1.6,21.13
12145,15-11-2027,1046,Home,North,1,103.69,20,Card,5,4,82.95
12146,16-11-2027,1726,Clothing,West,1,68.87,26,COD,5,4.2,50.96
12147,17-11-2027,1688,Electronics,North,7,155.25,27,Card,4,4.8,793.33
12148,18-11-2027,1520,Clothing,West,1,73.51,32,COD,4,3.2,49.99
12149,19-11-2027,1098,Beauty,North,6,419.77,15,Card,7,3.1,2140.83
12150,20-11-2027,1019,Clothing,North,1,31.99,10,Card,6,4.7,28.79
12151,21-11-2027,1889,Beauty,North,2,376.38,22,Wallet,8,4.2,587.15
12152,22-11-2027,1752,Electronics,North,4,97.31,15,Wallet,11,4.1,330.85
12153,23-11-2027,1572,Electronics,South,6,567.92,21,COD,6,4.2,2691.94
12154,24-11-2027,1890,Electronics,West,4,560.86,15,Card,11,3,1906.92
12155,25-11-2027,1489,Clothing,North,2,146.92,5,Card,10,1.2,279.15
12156,26-11-2027,1418,Electronics,West,2,374.44,16,Wallet,7,1.8,629.06
12157,27-11-2027,1689,Electronics,East,3,31.38,24,Card,10,3.6,71.55
12158,28-11-2027,1849,Beauty,North,6,560.1,28,Wallet,10,2.6,2419.63
12159,29-11-2027,1061,Home,West,4,320.95,17,Card,5,3.4,1065.55
12160,30-11-2027,1144,Home,South,1,40.29,6,Wallet,6,3.2,37.87
12161,01-12-2027,1215,Electronics,West,2,215.36,15,Card,1,2.8,366.11
12162,02-12-2027,1002,Electronics,North,1,59.96,28,Card,3,1.9,43.17
12163,03-12-2027,1159,Electronics,East,4,244.87,14,COD,8,3.9,842.35
12164,04-12-2027,1738,Home,West,7,406.91,24,Wallet,3,4.6,2164.76
12165,05-12-2027,1997,Beauty,East,6,289.89,18,Wallet,1,4.1,1426.26
12166,06-12-2027,1780,Clothing,South,5,239.48,8,COD,3,1.5,1101.61
12167,07-12-2027,1119,Electronics,West,7,84.71,28,COD,4,3.2,426.94
12168,08-12-2027,1892,Clothing,West,7,158.29,3,COD,8,4.3,1074.79
12169,09-12-2027,1088,Electronics,South,5,73.58,18,COD,9,3.4,301.68
12170,10-12-2027,1328,Clothing,South,2,487.39,7,Wallet,4,2.8,906.55
12171,11-12-2027,1579,Clothing,South,3,94.12,2,COD,7,2.1,276.71
12172,12-12-2027,1909,Home,North,1,363.29,18,COD,1,2.3,297.9
12173,13-12-2027,1356,Electronics,North,2,215.5,17,COD,9,2,357.73
12174,14-12-2027,1609,Electronics,West,3,147.2,25,COD,11,1.8,331.2
12175,15-12-2027,1266,Beauty,West,1,389.09,26,Wallet,4,3.4,287.93
12176,16-12-2027,1616,Electronics,West,4,282.35,25,Card,9,3,847.05
12177,17-12-2027,1951,Electronics,East,7,249.09,14,Card,3,3.9,1499.52
12178,18-12-2027,1322,Electronics,South,7,361.82,22,COD,11,2.2,1975.54
12179,19-12-2027,1634,Electronics,West,5,302.39,20,Card,5,2.8,1209.56
12180,20-12-2027,1987,Clothing,South,3,192.54,15,COD,1,3.7,490.98
12181,21-12-2027,1540,Home,North,1,342.05,21,Wallet,11,4.9,270.22
12182,22-12-2027,1648,Electronics,South,2,406.66,33,COD,3,2.4,544.92
12183,23-12-2027,1194,Clothing,East,1,30.62,7,Wallet,5,2.2,28.48
12184,24-12-2027,1920,Home,East,2,287.53,32,Card,6,2.8,391.04
12185,25-12-2027,1737,Clothing,South,7,48.74,2,Wallet,8,3.9,334.36
12186,26-12-2027,1331,Beauty,East,5,124.05,11,COD,1,4.8,552.02
12187,27-12-2027,1169,Beauty,East,5,342.9,10,Card,3,3.1,1543.05
12188,28-12-2027,1520,Electronics,North,1,521.72,22,COD,1,4.2,406.94
12189,29-12-2027,1462,Home,West,1,531.44,5,Wallet,5,2.9,504.87
12190,30-12-2027,1039,Clothing,East,2,55.92,31,Card,8,1.2,77.17
12191,31-12-2027,1536,Beauty,West,2,260.18,29,COD,4,4.6,369.46
12192,01-01-2028,1260,Clothing,South,3,356.06,23,Wallet,11,2.2,822.5
12193,02-01-2028,1394,Beauty,South,7,101.04,16,Card,9,1.6,594.12
12194,03-01-2028,1954,Home,East,3,462.78,33,COD,6,5,930.19
12195,04-01-2028,1225,Electronics,South,3,450.38,29,COD,6,2.4,959.31
12196,05-01-2028,1983,Clothing,North,1,543.45,17,Card,11,1.5,451.06
12197,06-01-2028,1123,Beauty,East,6,19.96,25,COD,5,2.2,89.82
12198,07-01-2028,1974,Beauty,East,6,141.76,20,Card,10,3.1,680.45
12199,08-01-2028,1037,Electronics,East,6,498.9,21,COD,5,1.4,2364.79
12200,09-01-2028,1327,Home,South,6,407.29,12,Card,11,2.4,2150.49
12201,10-01-2028,1250,Electronics,South,3,538.22,16,Card,7,3.7,1356.31
12202,11-01-2028,1900,Electronics,East,1,48.45,3,COD,8,4.7,47
12203,12-01-2028,1175,Clothing,West,6,364.22,13,Card,7,2.6,1901.23
12204,13-01-2028,1601,Electronics,South,5,347.89,24,Card,1,3.3,1321.98
12205,14-01-2028,1913,Home,South,4,35.87,33,Wallet,1,3.5,96.13
12206,15-01-2028,1453,Electronics,East,5,315.41,34,Wallet,10,1.3,1040.85
12207,16-01-2028,1036,Home,West,1,371.57,19,Wallet,6,2.4,300.97
12208,17-01-2028,1315,Electronics,East,1,126.91,21,COD,3,3.7,100.26
12209,18-01-2028,1687,Electronics,South,4,174.9,7,Wallet,9,3.9,650.63
12210,19-01-2028,1972,Electronics,East,2,389.6,24,Wallet,11,2.4,592.19
12211,20-01-2028,1795,Electronics,East,2,288.96,2,Card,7,1,566.36
12212,21-01-2028,1964,Electronics,East,2,516.94,10,Card,2,1,930.49
12213,22-01-2028,1972,Electronics,West,3,215.29,23,Card,3,3.2,497.32
12214,23-01-2028,1592,Clothing,East,2,171,11,COD,8,3.2,304.38
12215,24-01-2028,1113,Electronics,South,7,591.15,2,Wallet,1,3.2,4055.29
12216,25-01-2028,1039,Clothing,East,3,548.01,29,COD,5,3.9,1167.26
12217,26-01-2028,1300,Clothing,West,3,31.96,11,COD,10,4.7,85.33
12218,27-01-2028,1223,Beauty,North,2,465.88,2,Card,1,5,913.12
12219,28-01-2028,1317,Beauty,West,2,79.55,3,Card,9,3.8,154.33
12220,29-01-2028,1348,Clothing,East,4,31.08,9,COD,7,3.1,113.13
12221,30-01-2028,1114,Electronics,North,6,175.11,6,Wallet,5,1.6,987.62
12222,31-01-2028,1697,Electronics,East,4,172.57,27,Card,6,2.5,503.9
12223,01-02-2028,1322,Beauty,West,3,494.3,11,Wallet,11,3.3,1319.78
12224,02-02-2028,1567,Electronics,North,4,430.74,28,Card,3,5,1240.53
12225,03-02-2028,1039,Electronics,North,3,589.24,6,COD,3,1.5,1661.66
12226,04-02-2028,1865,Electronics,East,1,431.24,17,COD,7,4.2,357.93
12227,05-02-2028,1039,Electronics,East,3,259.68,24,Wallet,7,5,592.07
12228,06-02-2028,1858,Electronics,West,3,423.87,23,Card,7,4.2,979.14
12229,07-02-2028,1972,Home,East,4,599.68,21,Card,2,4.1,1894.99
12230,08-02-2028,1748,Electronics,North,6,430.43,32,Card,2,2,1756.15
12231,09-02-2028,1288,Clothing,South,1,460.58,8,Wallet,11,1,423.73
12232,10-02-2028,1261,Electronics,South,5,563.94,17,Card,5,1.9,2340.35
12233,11-02-2028,1215,Electronics,West,5,81.49,31,Card,4,4.2,281.14
12234,12-02-2028,1146,Beauty,East,6,427.3,3,COD,7,1.4,2486.89
12235,13-02-2028,1335,Electronics,West,5,512.72,2,COD,3,2.2,2512.33
12236,14-02-2028,1167,Home,South,1,573.31,8,Wallet,5,3.3,527.45
12237,15-02-2028,1091,Clothing,South,2,138.42,22,Wallet,2,3.3,215.94
12238,16-02-2028,1352,Electronics,East,1,309.8,9,COD,1,3.2,281.92
12239,17-02-2028,1570,Beauty,North,4,413.12,7,Wallet,9,4.9,1536.81
12240,18-02-2028,1570,Electronics,East,7,159.77,16,COD,4,1,939.45
12241,19-02-2028,1815,Beauty,South,3,366.28,21,Card,8,3,868.08
12242,20-02-2028,1680,Electronics,North,3,165.68,9,Wallet,7,3,452.31
12243,21-02-2028,1780,Beauty,West,4,210.07,11,COD,1,2.2,747.85
12244,22-02-2028,1362,Electronics,South,4,273.29,21,Card,10,3.1,863.6
12245,23-02-2028,1556,Clothing,West,7,324.58,33,COD,11,3.7,1522.28
12246,24-02-2028,1344,Home,North,7,277.88,24,Card,7,3.7,1478.32
12247,25-02-2028,1692,Beauty,West,3,303.52,27,Card,2,1.4,664.71
12248,26-02-2028,1169,Beauty,South,7,189.67,13,COD,3,4.2,1155.09
12249,27-02-2028,1355,Home,East,7,107.99,10,Wallet,1,4.7,680.34
12250,28-02-2028,1190,Beauty,West,7,42.7,16,COD,7,1.5,251.08
12251,29-02-2028,1666,Electronics,South,6,129.65,28,Card,3,2.7,560.09
12252,01-03-2028,1421,Electronics,South,2,355.44,16,Wallet,6,3,597.14
12253,02-03-2028,1699,Electronics,North,7,474.88,30,Card,7,1.5,2326.91
12254,03-03-2028,1006,Clothing,South,2,114.01,35,Card,3,3,148.21
12255,04-03-2028,1132,Clothing,East,2,78.5,3,Card,2,1.8,152.29
12256,05-03-2028,1746,Clothing,East,4,453.33,2,Card,9,4.7,1777.05
12257,06-03-2028,1556,Electronics,West,7,193.52,5,Card,9,2.8,1286.91
12258,07-03-2028,1825,Home,West,3,571.63,13,COD,7,5,1491.95
12259,08-03-2028,1760,Electronics,West,6,432.88,5,Wallet,5,1.2,2467.42
12260,09-03-2028,1030,Electronics,West,3,206.15,30,Wallet,4,1.5,432.92
12261,10-03-2028,1534,Clothing,East,7,184.38,1,Wallet,4,2.8,1277.75
12262,11-03-2028,1425,Home,North,3,321.36,11,COD,1,4.5,858.03
12263,12-03-2028,1393,Home,West,7,61.3,6,COD,4,3.2,403.35
12264,13-03-2028,1671,Clothing,North,6,83.84,33,Wallet,7,3.9,337.04
12265,14-03-2028,1362,Electronics,South,1,117.88,23,COD,5,2.7,90.77
12266,15-03-2028,1436,Clothing,South,6,468.21,32,COD,9,1.2,1910.3
12267,16-03-2028,1669,Electronics,West,1,315.61,34,COD,4,3.6,208.3
12268,17-03-2028,1550,Clothing,South,5,21.18,17,Card,11,3.5,87.9
12269,18-03-2028,1926,Clothing,North,1,409.01,8,COD,3,1.3,376.29
12270,19-03-2028,1081,Electronics,North,2,262.86,7,COD,6,1.7,488.92
12271,20-03-2028,1355,Electronics,South,2,313.85,8,COD,4,2.9,577.48
12272,21-03-2028,1257,Beauty,West,6,140.26,25,Card,11,2.8,631.17
12273,22-03-2028,1717,Beauty,North,2,337.79,1,COD,2,4,668.82
12274,23-03-2028,1588,Clothing,North,2,587.8,2,Wallet,5,2.5,1152.09
12275,24-03-2028,1988,Electronics,East,5,57.97,21,Wallet,4,3.7,228.98
12276,25-03-2028,1523,Electronics,West,2,181.09,22,Card,5,3.8,282.5
12277,26-03-2028,1294,Clothing,East,4,157.15,23,Card,9,3.6,484.02
12278,27-03-2028,1961,Beauty,South,4,160.4,13,COD,4,3.4,558.19
12279,28-03-2028,1223,Electronics,South,4,236.54,28,Card,6,4.2,681.24
12280,29-03-2028,1524,Home,East,1,493.59,19,Card,4,3.6,399.81
12281,30-03-2028,1045,Electronics,West,6,549.02,4,Card,1,4.3,3162.36
12282,31-03-2028,1666,Beauty,North,6,133.3,28,Wallet,2,3.5,575.86
12283,01-04-2028,1112,Clothing,South,3,332.63,33,COD,6,1.6,668.59
12284,02-04-2028,1232,Home,West,5,387.59,2,COD,8,2.2,1899.19
12285,03-04-2028,1016,Electronics,West,4,320.27,14,COD,9,2.3,1101.73
12286,04-04-2028,1359,Clothing,South,4,268.93,17,COD,4,1.4,892.85
12287,05-04-2028,1222,Electronics,South,2,127.31,5,Card,6,3.8,241.89
12288,06-04-2028,1865,Electronics,West,4,300.61,30,COD,3,3.4,841.71
12289,07-04-2028,1699,Beauty,North,2,249.71,10,Card,9,3.4,449.48
12290,08-04-2028,1447,Beauty,East,2,480.4,27,COD,8,2.9,701.38
12291,09-04-2028,1855,Beauty,South,3,461.71,23,Card,1,3.2,1066.55
12292,10-04-2028,1364,Clothing,East,1,93.39,21,COD,2,1,73.78
12293,11-04-2028,1674,Home,West,2,66.78,7,COD,10,1.4,124.21
12294,12-04-2028,1325,Electronics,East,2,546.27,8,Card,9,3.7,1005.14
12295,13-04-2028,1466,Electronics,North,6,328.27,2,Card,10,2,1930.23
12296,14-04-2028,1413,Electronics,West,3,516.81,8,Card,3,1.4,1426.4
12297,15-04-2028,1454,Clothing,North,2,49.02,12,COD,3,2.3,86.28
12298,16-04-2028,1585,Clothing,West,5,323.01,29,Card,10,2,1146.69
12299,17-04-2028,1232,Electronics,North,1,330.56,13,Card,9,1.1,287.59
12300,18-04-2028,1223,Clothing,West,5,518.51,26,COD,3,2.6,1918.49
12301,19-04-2028,1993,Home,North,4,72.1,15,COD,10,1.1,245.14
12302,20-04-2028,1830,Clothing,West,1,155.66,27,Card,11,1,113.63
12303,21-04-2028,1411,Electronics,North,4,252.82,34,COD,5,4.2,667.44
12304,22-04-2028,1571,Electronics,West,6,521.52,8,Wallet,6,2.3,2878.79
12305,23-04-2028,1334,Electronics,North,7,564.25,30,Wallet,3,3.3,2764.82
12306,24-04-2028,1221,Electronics,South,7,595.74,22,Card,10,2.2,3252.74
12307,25-04-2028,1036,Clothing,East,7,576.13,29,Wallet,8,4.7,2863.37
12308,26-04-2028,1988,Clothing,West,2,18.48,23,COD,2,3.9,28.46
12309,27-04-2028,1277,Home,North,3,42.91,15,Wallet,6,2.5,109.42
12310,28-04-2028,1195,Clothing,South,5,101.35,8,COD,2,1.8,466.21
12311,29-04-2028,1915,Home,West,4,219.08,2,COD,9,1.6,858.79
12312,30-04-2028,1863,Electronics,West,2,500.5,19,COD,6,4,810.81
12313,01-05-2028,1483,Clothing,West,7,537.2,35,COD,9,2.8,2444.26
12314,02-05-2028,1241,Home,East,5,124.3,26,COD,4,1.9,459.91
12315,03-05-2028,1323,Electronics,North,5,377.5,11,Card,3,4.7,1679.88
12316,04-05-2028,1730,Electronics,North,6,551.66,29,Card,2,2.6,2350.07
12317,05-05-2028,1191,Beauty,West,6,286.28,27,Card,8,3.2,1253.91
12318,06-05-2028,1016,Electronics,West,7,75.57,10,Wallet,4,4.4,476.09
12319,07-05-2028,1523,Home,West,4,282.82,1,COD,2,4.3,1119.97
12320,08-05-2028,1917,Electronics,South,7,234.84,4,COD,11,3.6,1578.12
12321,09-05-2028,1400,Home,West,7,352.93,31,COD,9,4.6,1704.65
12322,10-05-2028,1905,Electronics,East,2,271.62,29,Card,8,4.8,385.7
12323,11-05-2028,1885,Electronics,North,3,25.15,10,Card,5,4.7,67.9
12324,12-05-2028,1704,Clothing,East,7,596.49,10,COD,8,2.4,3757.89
12325,13-05-2028,1021,Electronics,West,4,332.97,28,Wallet,5,2.6,958.95
12326,14-05-2028,1473,Clothing,South,5,292.07,33,Card,7,2,978.43
12327,15-05-2028,1119,Electronics,West,5,573.45,27,Card,5,4.3,2093.09
12328,16-05-2028,1209,Electronics,West,1,106.18,21,Card,5,1.5,83.88
12329,17-05-2028,1305,Electronics,West,7,125.7,8,Card,4,2.4,809.51
12330,18-05-2028,1269,Electronics,West,2,487.69,18,Card,5,1,799.81
12331,19-05-2028,1703,Beauty,West,1,167.59,8,COD,7,3.4,154.18
12332,20-05-2028,1686,Electronics,North,6,482.55,28,Card,3,3.6,2084.62
12333,21-05-2028,1284,Clothing,East,3,173.85,14,Card,4,2,448.53
12334,22-05-2028,1715,Electronics,South,4,34.41,29,COD,8,3.9,97.72
12335,23-05-2028,1675,Electronics,West,7,317.45,13,Wallet,6,2.5,1933.27
12336,24-05-2028,1762,Beauty,South,5,130.06,29,Card,8,2.2,461.71
12337,25-05-2028,1226,Electronics,North,2,458.34,12,COD,11,4.8,806.68
12338,26-05-2028,1947,Beauty,East,5,390.1,15,Card,2,3.4,1657.92
12339,27-05-2028,1380,Electronics,West,7,555.31,22,Wallet,9,2,3031.99
12340,28-05-2028,1459,Home,North,6,473.05,2,COD,7,4.9,2781.53
12341,29-05-2028,1006,Clothing,North,1,120.75,33,Wallet,5,2.6,80.9
12342,30-05-2028,1028,Beauty,East,7,483.09,20,Card,11,3.6,2705.3
12343,31-05-2028,1906,Clothing,West,1,390.42,18,COD,7,3.9,320.14
12344,01-06-2028,1032,Clothing,East,4,406.34,29,COD,2,2.7,1154.01
12345,02-06-2028,1645,Electronics,East,2,501.87,30,Card,11,3.1,702.62
12346,03-06-2028,1878,Electronics,South,6,350.69,18,Card,4,2,1725.39
12347,04-06-2028,1078,Beauty,South,2,287.61,32,COD,7,2.9,391.15
12348,05-06-2028,1927,Electronics,East,4,387.44,2,COD,2,2.2,1518.76
12349,06-06-2028,1946,Clothing,South,6,189.31,4,Card,8,3.2,1090.43
12350,07-06-2028,1458,Home,North,6,121.82,21,COD,10,3.7,577.43
12351,08-06-2028,1569,Electronics,East,1,375.7,12,Card,10,3.5,330.62
12352,09-06-2028,1982,Beauty,West,1,151.8,16,Card,11,4.1,127.51
12353,10-06-2028,1537,Home,West,1,61.75,11,COD,5,1.2,54.96
12354,11-06-2028,1481,Clothing,North,5,15.32,14,Card,5,1.3,65.88
12355,12-06-2028,1429,Beauty,West,3,370.87,29,Card,8,1.8,789.95
12356,13-06-2028,1737,Electronics,West,7,226.86,21,Card,1,4.9,1254.54
12357,14-06-2028,1284,Electronics,East,1,455.1,35,COD,6,4.2,295.82
12358,15-06-2028,1515,Clothing,North,3,234.48,28,COD,2,4.7,506.48
12359,16-06-2028,1976,Electronics,East,3,299.31,10,Wallet,1,2.1,808.14
12360,17-06-2028,1098,Home,North,2,253.14,9,Card,7,3.3,460.71
12361,18-06-2028,1396,Beauty,East,4,395.59,12,COD,4,3.2,1392.48
12362,19-06-2028,1488,Clothing,East,5,223.34,30,Card,1,3.3,781.69
12363,20-06-2028,1038,Electronics,South,3,578.8,1,COD,10,3.9,1719.04
12364,21-06-2028,1270,Beauty,West,7,562.65,8,COD,11,2.6,3623.47
12365,22-06-2028,1886,Clothing,North,5,511.1,32,Card,11,3.7,1737.74
12366,23-06-2028,1796,Clothing,West,2,553.38,22,COD,6,4.2,863.27
12367,24-06-2028,1156,Clothing,South,1,277.75,8,Card,10,2.2,255.53
12368,25-06-2028,1074,Beauty,North,6,328.81,8,Card,6,4.8,1815.03
12369,26-06-2028,1883,Clothing,South,3,449.12,30,Card,3,3.1,943.15
12370,27-06-2028,1799,Home,West,4,422.25,31,COD,6,3.9,1165.41
12371,28-06-2028,1129,Home,East,6,536.05,9,COD,10,3.9,2926.83
12372,29-06-2028,1686,Electronics,South,2,434.05,15,Card,9,3.3,737.88
12373,30-06-2028,1973,Clothing,South,5,598.76,29,Card,6,2.3,2125.6
12374,01-07-2028,1083,Home,East,7,218.88,27,Card,1,3.7,1118.48
12375,02-07-2028,1021,Clothing,West,1,502.3,28,Card,10,1.3,361.66
12376,03-07-2028,1458,Home,South,5,423.12,18,COD,6,4.9,1734.79
12377,04-07-2028,1538,Beauty,West,4,419.46,32,COD,8,1.7,1140.93
12378,05-07-2028,1706,Clothing,East,3,205.61,11,Card,7,2.1,548.98
12379,06-07-2028,1848,Home,North,4,474.58,5,Card,8,4.8,1803.4
12380,07-07-2028,1381,Home,South,5,541.72,25,Wallet,11,1.7,2031.45
12381,08-07-2028,1747,Home,West,5,142.85,19,Card,8,1.7,578.54
12382,09-07-2028,1439,Clothing,East,6,380.92,30,Card,9,4.2,1599.86
12383,10-07-2028,1603,Electronics,East,4,244.4,3,COD,3,2,948.27
12384,11-07-2028,1988,Clothing,South,4,593.89,30,COD,7,1.4,1662.89
12385,12-07-2028,1020,Home,North,4,295.12,10,COD,6,1.9,1062.43
12386,13-07-2028,1302,Clothing,South,1,148.57,23,Wallet,2,4.6,114.4
12387,14-07-2028,1975,Home,West,7,238.39,1,Card,5,2.1,1652.04
12388,15-07-2028,1868,Clothing,East,5,397.5,21,COD,3,3.8,1570.12
12389,16-07-2028,1954,Clothing,North,2,59.51,25,Card,11,2.6,89.26
12390,17-07-2028,1083,Electronics,West,1,368.11,13,COD,5,2,320.26
12391,18-07-2028,1773,Home,South,1,559.77,8,Wallet,11,1.6,514.99
12392,19-07-2028,1658,Clothing,East,1,512.46,19,COD,9,4.9,415.09
12393,20-07-2028,1952,Electronics,South,6,54.59,29,COD,8,3.1,232.55
12394,21-07-2028,1452,Electronics,North,7,596.13,11,Wallet,9,1.5,3713.89
12395,22-07-2028,1386,Home,North,7,423.76,9,Card,9,1.8,2699.35
12396,23-07-2028,1506,Clothing,North,2,109.93,10,COD,11,2.6,197.87
12397,24-07-2028,1256,Electronics,North,4,22.26,33,Wallet,8,3.2,59.66
12398,25-07-2028,1569,Beauty,North,6,115.2,13,COD,8,1.7,601.34
12399,26-07-2028,1891,Home,South,5,505.33,0,Card,11,2.1,2526.65
12400,27-07-2028,1933,Beauty,North,3,27.66,27,Card,11,4.1,60.58
12401,28-07-2028,1526,Clothing,North,6,151.39,24,Card,6,2.7,690.34
12402,29-07-2028,1161,Clothing,East,3,458.02,4,Card,6,1,1319.1
12403,30-07-2028,1956,Beauty,North,5,357.87,34,COD,6,1.2,1180.97
12404,31-07-2028,1162,Clothing,East,2,472.9,21,Card,10,2.8,747.18
12405,01-08-2028,1831,Home,East,7,451.5,18,Card,6,1.2,2591.61
12406,02-08-2028,1792,Electronics,East,3,44.6,13,Card,11,1.7,116.41
12407,03-08-2028,1791,Clothing,South,1,537.12,31,COD,9,3.9,370.61
12408,04-08-2028,1523,Electronics,South,6,147.81,9,COD,10,2.9,807.04
12409,05-08-2028,1785,Electronics,West,3,338.73,10,COD,1,2.9,914.57
12410,06-08-2028,1270,Electronics,West,5,391.91,4,Card,10,3.4,1881.17
12411,07-08-2028,1491,Electronics,East,7,113.65,27,Card,6,4.2,580.75
12412,08-08-2028,1207,Beauty,South,1,586.1,21,Card,8,1.6,463.02
12413,09-08-2028,1538,Electronics,North,3,300.57,21,Card,1,1.7,712.35
12414,10-08-2028,1583,Home,West,7,48.72,8,Card,11,1.5,313.76
12415,11-08-2028,1059,Home,South,5,563.3,23,COD,11,4.7,2168.7
12416,12-08-2028,1429,Clothing,North,2,357.97,27,Card,6,3.3,522.64
12417,13-08-2028,1984,Electronics,North,5,424.03,13,Wallet,9,1.4,1844.53
12418,14-08-2028,1656,Home,South,2,322.23,28,COD,6,1.9,464.01
12419,15-08-2028,1604,Clothing,West,7,503.32,12,Card,2,3.9,3100.45
12420,16-08-2028,1308,Home,South,7,34.38,27,COD,1,1.1,175.68
12421,17-08-2028,1519,Home,West,1,172,1,COD,4,3.9,170.28
12422,18-08-2028,1590,Beauty,East,5,289.74,19,COD,6,4.6,1173.45
12423,19-08-2028,1026,Clothing,South,4,59.81,34,Wallet,10,1.2,157.9
12424,20-08-2028,1685,Electronics,South,6,427.96,34,Card,10,1.7,1694.72
12425,21-08-2028,1561,Clothing,West,4,245.29,10,Wallet,9,1,883.04
12426,22-08-2028,1198,Electronics,West,4,174.51,15,Card,5,1.4,593.33
12427,23-08-2028,1386,Beauty,South,4,16.98,2,Wallet,7,3.5,66.56
12428,24-08-2028,1348,Electronics,North,6,436.1,31,Card,6,1.2,1805.45
12429,25-08-2028,1959,Electronics,North,4,502.78,20,Card,6,2.7,1608.9
12430,26-08-2028,1939,Home,North,2,246.1,13,COD,9,3,428.21
12431,27-08-2028,1692,Clothing,East,5,345.07,4,Card,5,4.6,1656.34
12432,28-08-2028,1535,Clothing,East,7,148.2,33,Card,2,2.9,695.06
12433,29-08-2028,1827,Clothing,West,1,378.99,19,Card,8,1.6,306.98
12434,30-08-2028,1377,Beauty,East,4,22.1,10,COD,11,2.2,79.56
12435,31-08-2028,1898,Electronics,North,7,300.86,12,Wallet,3,3.7,1853.3
12436,01-09-2028,1915,Beauty,South,4,391.86,9,COD,9,1.4,1426.37
12437,02-09-2028,1557,Electronics,East,1,552.14,21,Wallet,5,1.9,436.19
12438,03-09-2028,1526,Home,East,1,238.08,33,COD,1,5,159.51
12439,04-09-2028,1152,Home,North,4,462.64,30,Card,4,1,1295.39
12440,05-09-2028,1733,Electronics,East,2,364.65,16,Card,9,1.6,612.61
12441,06-09-2028,1205,Clothing,West,7,557.3,29,COD,1,4.4,2769.78
12442,07-09-2028,1454,Electronics,South,1,248.05,15,Card,8,1.4,210.84
12443,08-09-2028,1272,Home,North,5,201.67,9,Card,8,1.1,917.6
12444,09-09-2028,1893,Clothing,West,7,533.98,34,COD,9,1.5,2466.99
12445,10-09-2028,1235,Clothing,North,5,43.81,11,COD,9,3.8,194.95
12446,11-09-2028,1851,Electronics,West,7,94.79,11,Card,6,5,590.54
12447,12-09-2028,1739,Electronics,South,2,63.21,35,Wallet,5,3.4,82.17
12448,13-09-2028,1520,Electronics,South,6,508.22,5,COD,7,1.5,2896.85
12449,14-09-2028,1677,Electronics,West,3,21.21,27,COD,9,1.7,46.45
12450,15-09-2028,1943,Clothing,West,2,519.07,33,Wallet,5,3.2,695.55
12451,16-09-2028,1955,Beauty,West,4,278.99,18,Card,3,3.9,915.09
12452,17-09-2028,1830,Home,West,3,17.35,0,COD,9,3.7,52.05
12453,18-09-2028,1725,Clothing,West,4,249.96,13,Wallet,10,3.3,869.86
12454,19-09-2028,1500,Beauty,West,5,124.28,4,COD,1,4.9,596.54
12455,20-09-2028,1116,Home,South,1,380.27,15,COD,1,1.8,323.23
12456,21-09-2028,1385,Beauty,West,7,412.42,28,Card,10,1.7,2078.6
12457,22-09-2028,1343,Clothing,East,4,300.2,15,COD,11,4.4,1020.68
12458,23-09-2028,1583,Electronics,South,5,38.7,15,Card,4,2.2,164.48
12459,24-09-2028,1394,Electronics,North,2,398.84,19,Wallet,2,2.3,646.12
12460,25-09-2028,1063,Home,South,4,507.59,20,Wallet,7,3.2,1624.29
12461,26-09-2028,1716,Electronics,North,5,436.39,30,Wallet,2,2.5,1527.36
12462,27-09-2028,1720,Electronics,North,1,500.53,11,COD,7,2.2,445.47
12463,28-09-2028,1071,Clothing,East,7,132.3,29,Card,8,4.7,657.53
12464,29-09-2028,1788,Clothing,West,4,535,20,Card,11,1.5,1712
12465,30-09-2028,1273,Clothing,West,6,203.48,11,Wallet,8,2.6,1086.58
12466,01-10-2028,1989,Electronics,South,5,22.84,10,Card,3,1,102.78
12467,02-10-2028,1319,Clothing,West,4,508.38,13,Card,9,4.2,1769.16
12468,03-10-2028,1337,Clothing,East,1,565.97,22,COD,10,1.7,441.46
12469,04-10-2028,1365,Beauty,South,7,398.5,8,Card,10,4.1,2566.34
12470,05-10-2028,1494,Home,South,4,150.39,32,COD,10,1.6,409.06
12471,06-10-2028,1606,Beauty,South,4,162.27,20,COD,6,2.7,519.26
12472,07-10-2028,1165,Home,West,7,287.96,32,COD,4,3.9,1370.69
12473,08-10-2028,1543,Clothing,West,6,540.23,2,Wallet,8,2.1,3176.55
12474,09-10-2028,1010,Electronics,West,5,102.51,12,Card,4,2.3,451.04
12475,10-10-2028,1300,Home,South,3,498.19,1,Card,4,3.7,1479.62
12476,11-10-2028,1728,Clothing,South,7,185.41,10,Card,11,1.8,1168.08
12477,12-10-2028,1800,Clothing,North,4,488.02,30,Wallet,8,4.8,1366.46
12478,13-10-2028,1101,Clothing,North,3,553.36,1,Card,4,1.8,1643.48
12479,14-10-2028,1424,Clothing,West,2,265.08,15,Card,1,4,450.64
12480,15-10-2028,1391,Electronics,South,4,228.55,4,COD,6,4.2,877.63
12481,16-10-2028,1778,Clothing,West,3,484.3,15,Card,8,2.5,1234.97
12482,17-10-2028,1213,Electronics,West,2,324.75,29,Wallet,3,1.6,461.14
12483,18-10-2028,1690,Home,North,6,415.4,22,Wallet,2,1.7,1944.07
12484,19-10-2028,1087,Electronics,East,5,379.36,26,COD,6,4.9,1403.63
12485,20-10-2028,1552,Electronics,West,4,104.44,12,COD,1,3.9,367.63
12486,21-10-2028,1400,Clothing,East,5,509.2,33,Card,11,2.8,1705.82
12487,22-10-2028,1587,Home,East,2,129.53,25,COD,5,2,194.3
12488,23-10-2028,1888,Clothing,South,5,560.39,15,COD,6,1.1,2381.66
12489,24-10-2028,1045,Electronics,South,5,161.58,15,Card,8,3.7,686.72
12490,25-10-2028,1671,Clothing,West,7,444.32,32,Card,7,4.8,2114.96
12491,26-10-2028,1462,Electronics,North,1,181.52,20,Wallet,6,1.4,145.22
12492,27-10-2028,1591,Beauty,North,2,200.9,25,Card,2,4,301.35
12493,28-10-2028,1309,Beauty,West,5,196.35,15,COD,8,1.6,834.49
12494,29-10-2028,1085,Clothing,West,3,452.52,8,Card,8,4.2,1248.96
12495,30-10-2028,1091,Electronics,North,2,340.74,25,Card,11,2.5,511.11
12496,31-10-2028,1659,Home,East,1,531.53,21,Wallet,5,3.8,419.91
12497,01-11-2028,1672,Electronics,West,4,194.81,18,Card,3,4.7,638.98
12498,02-11-2028,1713,Clothing,East,6,419.82,22,COD,11,3.5,1964.76
12499,03-11-2028,1935,Electronics,West,5,455.47,7,Card,8,4.7,2117.94
12500,04-11-2028,1927,Beauty,West,3,103.62,28,Card,5,1.9,223.82
12501,05-11-2028,1241,Electronics,East,1,249.34,33,Wallet,3,4.9,167.06
12502,06-11-2028,1864,Clothing,East,2,297.45,31,COD,9,4.5,410.48
12503,07-11-2028,1001,Home,North,6,223.08,11,Wallet,9,1.4,1191.25
12504,08-11-2028,1224,Clothing,West,6,203.44,14,Wallet,7,2.7,1049.75
12505,09-11-2028,1800,Electronics,South,5,416.56,28,Wallet,8,4.7,1499.62
12506,10-11-2028,1744,Beauty,South,1,141.28,21,Wallet,5,1.3,111.61
12507,11-11-2028,1972,Clothing,West,1,429.99,19,Card,5,2.8,348.29
12508,12-11-2028,1925,Clothing,West,3,562,32,Wallet,5,3.9,1146.48
12509,13-11-2028,1928,Electronics,West,4,345.64,19,Card,2,1.1,1119.87
12510,14-11-2028,1588,Clothing,East,4,372.69,18,Card,3,4,1222.42
12511,15-11-2028,1115,Clothing,South,7,55.33,1,Card,8,2.4,383.44
12512,16-11-2028,1665,Electronics,South,4,520.72,2,Card,6,2,2041.22
12513,17-11-2028,1917,Electronics,South,7,181.99,0,COD,9,3.3,1273.93
12514,18-11-2028,1102,Home,West,6,374.8,32,Card,7,3.2,1529.18
12515,19-11-2028,1193,Electronics,East,6,587.78,14,Card,6,4.5,3032.94
12516,20-11-2028,1165,Electronics,West,2,363.37,16,COD,11,3.7,610.46
12517,21-11-2028,1870,Clothing,North,6,438.96,30,Card,4,2.7,1843.63
12518,22-11-2028,1089,Home,North,6,275.51,21,COD,7,3.6,1305.92
12519,23-11-2028,1685,Electronics,South,1,50.31,21,Card,4,4,39.74
12520,24-11-2028,1121,Clothing,West,2,481.6,10,Card,7,4.7,866.88
12521,25-11-2028,1142,Electronics,North,1,35.47,29,Card,5,3.8,25.18
12522,26-11-2028,1993,Electronics,North,3,424.88,6,Card,2,3.2,1198.16
12523,27-11-2028,1105,Electronics,West,7,28.41,2,COD,7,2.5,194.89
12524,28-11-2028,1886,Home,East,7,519.45,7,COD,8,4.6,3381.62
12525,29-11-2028,1427,Electronics,West,3,107.22,9,Card,10,4.2,292.71
12526,30-11-2028,1304,Electronics,West,7,315.85,10,Card,11,1.3,1989.86
12527,01-12-2028,1871,Clothing,East,2,364.33,23,Card,2,3.8,561.07
12528,02-12-2028,1970,Home,South,2,282.66,8,Wallet,6,3.2,520.09
12529,03-12-2028,1316,Electronics,South,6,214.35,24,Card,4,1.4,977.44
12530,04-12-2028,1962,Clothing,South,7,288.67,3,Wallet,5,3.3,1960.07
12531,05-12-2028,1634,Electronics,East,3,197.18,5,COD,1,1.8,561.96
12532,06-12-2028,1901,Clothing,North,5,271.3,18,Card,6,3.8,1112.33
12533,07-12-2028,1008,Clothing,East,4,224.96,32,Wallet,11,2.1,611.89
12534,08-12-2028,1773,Clothing,West,6,346.23,30,COD,8,1.6,1454.17
12535,09-12-2028,1072,Electronics,East,4,154.19,34,COD,2,1.3,407.06
12536,10-12-2028,1358,Electronics,North,3,593.36,23,Card,1,3,1370.66
12537,11-12-2028,1222,Electronics,North,7,308.01,24,COD,9,1.8,1638.61
12538,12-12-2028,1415,Clothing,West,7,128.58,22,Card,2,4.4,702.05
12539,13-12-2028,1552,Electronics,South,4,294.08,22,Card,8,1,917.53
12540,14-12-2028,1369,Home,North,5,521.85,5,Wallet,5,4.4,2478.79
12541,15-12-2028,1715,Beauty,North,7,27.76,19,Wallet,2,3.1,157.4
12542,16-12-2028,1263,Beauty,North,5,412.54,14,Card,5,4.7,1773.92
12543,17-12-2028,1839,Beauty,West,1,335.56,15,COD,9,1.8,285.23
12544,18-12-2028,1689,Clothing,North,2,114.19,18,COD,6,1.4,187.27
12545,19-12-2028,1859,Home,South,4,493.22,4,Card,3,3.5,1893.96
12546,20-12-2028,1317,Electronics,West,7,230.8,13,Card,8,3.8,1405.57
12547,21-12-2028,1083,Clothing,South,5,186.87,2,Card,1,2.5,915.66
12548,22-12-2028,1317,Clothing,North,7,499.45,34,COD,9,1.1,2307.46
12549,23-12-2028,1110,Clothing,North,2,388.54,4,Wallet,9,2.6,746
12550,24-12-2028,1250,Home,South,2,540.48,9,Card,4,1.9,983.67
12551,25-12-2028,1382,Electronics,West,1,383.48,31,COD,8,2.4,264.6
12552,26-12-2028,1006,Electronics,West,2,448.38,17,COD,11,3,744.31
12553,27-12-2028,1458,Beauty,South,2,504.32,5,COD,11,3.8,958.21
12554,28-12-2028,1083,Electronics,North,6,47.02,13,Card,3,4.9,245.44
12555,29-12-2028,1207,Clothing,East,3,468.99,4,COD,6,1.6,1350.69
12556,30-12-2028,1899,Beauty,South,7,374.02,7,Wallet,10,3.7,2434.87
12557,31-12-2028,1389,Clothing,South,1,55.66,2,Card,10,1.9,54.55
12558,01-01-2029,1313,Clothing,South,1,312.52,15,Card,8,1.9,265.64
12559,02-01-2029,1021,Electronics,North,4,63.24,28,Wallet,11,3.5,182.13
12560,03-01-2029,1409,Electronics,West,2,445.53,21,Card,9,4.1,703.94
12561,04-01-2029,1894,Beauty,North,4,334.7,21,Wallet,8,4.9,1057.65
12562,05-01-2029,1514,Clothing,South,6,572.84,7,Card,9,4.1,3196.45
12563,06-01-2029,1126,Clothing,North,5,122.13,12,Card,4,1.6,537.37
12564,07-01-2029,1808,Electronics,North,2,369.53,30,Card,10,1.9,517.34
12565,08-01-2029,1699,Electronics,South,5,138.78,3,Card,1,4,673.08
12566,09-01-2029,1873,Beauty,North,3,374.23,30,Card,7,3.1,785.88
12567,10-01-2029,1013,Clothing,East,6,437.75,17,COD,11,2.2,2180
12568,11-01-2029,1970,Clothing,North,2,437.55,29,Card,10,2.9,621.32
12569,12-01-2029,1977,Electronics,North,4,491.82,11,Wallet,4,4.7,1750.88
12570,13-01-2029,1011,Home,West,4,514.33,12,COD,1,4,1810.44
12571,14-01-2029,1086,Beauty,West,2,60.2,26,COD,3,2.8,89.1
12572,15-01-2029,1523,Clothing,South,7,215.81,27,Card,7,4.9,1102.79
12573,16-01-2029,1908,Electronics,South,4,416.97,8,COD,11,4.2,1534.45
12574,17-01-2029,1536,Clothing,West,7,306.67,34,COD,3,1,1416.82
12575,18-01-2029,1300,Home,East,2,126.55,3,Card,1,1.4,245.51
12576,19-01-2029,1242,Clothing,North,1,338.34,2,Wallet,7,3.2,331.57
12577,20-01-2029,1121,Beauty,East,4,253.35,21,Card,8,2.4,800.59
12578,21-01-2029,1146,Clothing,East,7,243.17,25,Card,5,4.3,1276.64
12579,22-01-2029,1566,Beauty,West,2,488.71,34,COD,6,4.6,645.1
12580,23-01-2029,1749,Clothing,South,2,253.45,14,COD,3,2,435.93
12581,24-01-2029,1355,Electronics,North,7,30.48,1,Card,5,4.1,211.23
12582,25-01-2029,1684,Electronics,South,4,48.97,21,Wallet,3,3.1,154.75
12583,26-01-2029,1903,Electronics,East,1,515.9,10,COD,2,2.6,464.31
12584,27-01-2029,1732,Beauty,East,4,576.95,15,COD,7,4.1,1961.63
12585,28-01-2029,1630,Home,South,2,417.72,17,Card,10,3.3,693.42
12586,29-01-2029,1308,Home,South,1,228.16,2,Wallet,11,3.5,223.6
12587,30-01-2029,1694,Electronics,West,5,564.08,17,Card,7,1.2,2340.93
12588,31-01-2029,1287,Electronics,South,3,402.74,15,COD,8,3.3,1026.99
12589,01-02-2029,1306,Home,South,4,508.94,25,Card,1,2.2,1526.82
12590,02-02-2029,1811,Clothing,West,6,463.02,23,COD,2,3,2139.15
12591,03-02-2029,1593,Electronics,South,2,236.8,6,Card,2,1.9,445.18
12592,04-02-2029,1965,Clothing,East,1,295.04,7,Card,3,3.5,274.39
12593,05-02-2029,1913,Electronics,South,7,123.89,9,Wallet,7,1.6,789.18
12594,06-02-2029,1722,Electronics,North,7,185.83,6,Card,7,1.5,1222.76
12595,07-02-2029,1661,Clothing,East,7,470.2,23,Card,7,1.8,2534.38
12596,08-02-2029,1548,Electronics,West,1,537.98,35,COD,1,4.3,349.69
12597,09-02-2029,1351,Beauty,East,5,438.81,23,COD,2,1.1,1689.42
12598,10-02-2029,1311,Electronics,West,4,287.13,21,Card,8,3.9,907.33
12599,11-02-2029,1872,Electronics,North,6,65.61,14,Card,9,1.2,338.55
12600,12-02-2029,1058,Electronics,North,7,48.31,11,Wallet,10,3.4,300.97
12601,13-02-2029,1642,Home,East,1,233.98,32,COD,7,4.1,159.11
12602,14-02-2029,1923,Clothing,South,7,286.34,34,Card,1,1.9,1322.89
12603,15-02-2029,1713,Clothing,East,5,371.34,17,Wallet,4,1.8,1541.06
12604,16-02-2029,1754,Electronics,East,2,18.8,10,COD,10,2.2,33.84
12605,17-02-2029,1034,Electronics,North,7,593.99,27,Card,8,3.8,3035.29
12606,18-02-2029,1444,Clothing,West,5,227.9,5,Card,5,2,1082.52
12607,19-02-2029,1092,Home,East,4,511.14,27,Card,1,3,1492.53
12608,20-02-2029,1949,Beauty,South,7,327.96,29,Wallet,7,1.5,1629.96
12609,21-02-2029,1958,Electronics,North,5,91.31,4,Card,6,2.8,438.29
12610,22-02-2029,1206,Clothing,East,1,481.58,34,Card,9,3.5,317.84
12611,23-02-2029,1352,Beauty,East,1,430.25,34,Wallet,4,1.3,283.96
12612,24-02-2029,1902,Clothing,South,3,323.55,33,Card,4,4.3,650.34
12613,25-02-2029,1331,Home,East,5,316.01,17,COD,8,4.7,1311.44
12614,26-02-2029,1816,Electronics,East,2,66.18,9,Card,4,1.8,120.45
12615,27-02-2029,1861,Beauty,East,7,398.67,20,COD,3,4,2232.55
12616,28-02-2029,1724,Home,East,6,548.08,15,Card,7,2.3,2795.21
12617,01-03-2029,1158,Beauty,South,6,69.55,7,Card,5,3.7,388.09
12618,02-03-2029,1953,Home,East,4,169.15,15,COD,9,2.2,575.11
12619,03-03-2029,1956,Clothing,East,3,542.85,23,COD,5,4.4,1253.98
12620,04-03-2029,1023,Beauty,East,5,181.34,2,COD,9,2.4,888.57
12621,05-03-2029,1403,Electronics,North,2,397.56,12,COD,6,4.4,699.71
12622,06-03-2029,1804,Electronics,South,3,327.87,1,COD,6,4.1,973.77
12623,07-03-2029,1515,Home,North,1,363.85,26,COD,11,1.8,269.25
12624,08-03-2029,1731,Home,North,4,258.24,22,COD,6,1.6,805.71
12625,09-03-2029,1363,Beauty,South,7,190.5,2,COD,7,4.1,1306.83
12626,10-03-2029,1381,Electronics,North,7,43.39,34,COD,11,2.6,200.46
12627,11-03-2029,1531,Home,North,7,450.4,1,COD,4,4.8,3121.27
12628,12-03-2029,1955,Home,North,5,451.46,21,Card,4,4.8,1783.27
12629,13-03-2029,1151,Electronics,South,6,407.37,27,Card,9,3.8,1784.28
12630,14-03-2029,1561,Clothing,East,2,391.53,28,Card,7,3,563.8
12631,15-03-2029,1688,Electronics,West,7,157.57,1,Wallet,11,1.8,1091.96
12632,16-03-2029,1946,Electronics,West,7,28.07,32,COD,10,4.5,133.61
12633,17-03-2029,1607,Beauty,South,1,488.1,32,COD,6,1.3,331.91
12634,18-03-2029,1616,Clothing,West,3,302.32,20,Card,1,2.5,725.57
12635,19-03-2029,1419,Home,South,7,194.5,17,Card,7,2.3,1130.04
12636,20-03-2029,1249,Beauty,South,4,74.63,2,Wallet,6,4.8,292.55
12637,21-03-2029,1116,Clothing,West,3,51.69,20,Wallet,4,1.5,124.06
12638,22-03-2029,1865,Home,North,6,219.09,14,Card,8,4.6,1130.5
12639,23-03-2029,1511,Clothing,East,3,485.77,27,COD,7,2.8,1063.84
12640,24-03-2029,1739,Beauty,West,2,552.45,14,Card,8,1.2,950.21
12641,25-03-2029,1577,Electronics,West,1,539.6,24,Card,9,3.9,410.1
12642,26-03-2029,1334,Beauty,West,5,553.2,4,COD,1,1.4,2655.36
12643,27-03-2029,1417,Electronics,West,2,546.02,5,COD,3,1.9,1037.44
12644,28-03-2029,1931,Electronics,South,6,323.43,5,COD,2,4.2,1843.55
12645,29-03-2029,1773,Home,South,4,143.36,2,Card,3,1.6,561.97
12646,30-03-2029,1294,Clothing,East,6,481.86,19,Card,11,2.3,2341.84
12647,31-03-2029,1937,Clothing,East,6,140.02,28,Card,11,2.4,604.89
12648,01-04-2029,1754,Clothing,West,3,171.32,21,Card,2,3.4,406.03
12649,02-04-2029,1370,Home,West,4,151.45,20,COD,11,4.2,484.64
12650,03-04-2029,1185,Electronics,West,2,316.26,24,Card,6,1.9,480.72
12651,04-04-2029,1245,Electronics,East,6,203.27,12,Card,9,1.8,1073.27
12652,05-04-2029,1636,Electronics,West,2,105.18,13,Card,2,1.9,183.01
12653,06-04-2029,1267,Clothing,North,7,280.11,11,COD,4,2.5,1745.09
12654,07-04-2029,1642,Electronics,East,7,526.24,25,COD,5,3.1,2762.76
12655,08-04-2029,1236,Clothing,North,7,348.77,6,COD,5,1.1,2294.91
12656,09-04-2029,1529,Clothing,West,5,528.83,0,Card,1,4.1,2644.15
12657,10-04-2029,1551,Electronics,South,3,129.59,21,Card,6,4.7,307.13
12658,11-04-2029,1020,Clothing,North,2,112.68,33,Card,5,4.4,150.99
12659,12-04-2029,1910,Beauty,East,7,351.71,21,Card,6,1.1,1944.96
12660,13-04-2029,1736,Electronics,North,7,286.05,27,Card,4,3.1,1461.72
12661,14-04-2029,1866,Clothing,East,4,401.2,24,Card,11,4.3,1219.65
12662,15-04-2029,1793,Home,West,6,479.86,17,COD,6,2.4,2389.7
12663,16-04-2029,1519,Clothing,North,7,454.51,25,Wallet,9,4.6,2386.18
12664,17-04-2029,1099,Home,South,5,566.22,29,Card,1,4.5,2010.08
12665,18-04-2029,1751,Clothing,North,4,247.98,8,Wallet,6,1.6,912.57
12666,19-04-2029,1477,Clothing,South,3,135.74,12,Card,1,3,358.35
12667,20-04-2029,1598,Electronics,East,5,337.28,8,COD,7,1.1,1551.49
12668,21-04-2029,1297,Home,West,5,79.78,16,COD,4,2.1,335.08
12669,22-04-2029,1939,Home,West,5,183.98,31,Wallet,6,4.2,634.73
12670,23-04-2029,1525,Electronics,South,6,136.61,12,Card,7,4.9,721.3
12671,24-04-2029,1333,Clothing,East,7,246.99,13,Card,11,4.7,1504.17
12672,25-04-2029,1001,Beauty,West,1,80.06,30,Card,5,1.2,56.04
12673,26-04-2029,1374,Clothing,East,5,33.63,18,Card,9,4.7,137.88
12674,27-04-2029,1292,Clothing,South,4,399.22,19,Wallet,8,4.3,1293.47
12675,28-04-2029,1836,Beauty,South,4,372,30,COD,3,4.5,1041.6
12676,29-04-2029,1933,Home,North,3,429.39,17,COD,1,4.7,1069.18
12677,30-04-2029,1552,Clothing,West,2,401.33,24,COD,11,3,610.02
12678,01-05-2029,1317,Home,West,2,81.86,3,Wallet,10,1.8,158.81
12679,02-05-2029,1501,Beauty,North,1,185.28,6,Card,8,1.1,174.16
12680,03-05-2029,1827,Clothing,South,6,90.77,14,Card,4,1.1,468.37
12681,04-05-2029,1380,Clothing,South,7,508.14,17,Wallet,7,3.6,2952.29
12682,05-05-2029,1622,Clothing,South,6,451.94,34,Card,4,2.3,1789.68
12683,06-05-2029,1013,Beauty,South,7,132.89,34,Card,7,3,613.95
12684,07-05-2029,1503,Home,East,5,214.67,30,Card,1,1.5,751.34
12685,08-05-2029,1230,Electronics,West,7,580.47,11,COD,1,4.9,3616.33
12686,09-05-2029,1984,Beauty,West,1,362.58,34,COD,2,1.5,239.3
12687,10-05-2029,1083,Clothing,South,3,483.68,24,Card,5,2.8,1102.79
12688,11-05-2029,1129,Electronics,South,3,169.79,14,COD,11,2.8,438.06
12689,12-05-2029,1742,Clothing,South,2,137.88,25,COD,10,1,206.82
12690,13-05-2029,1837,Clothing,West,3,473.59,1,Wallet,6,3.7,1406.56
12691,14-05-2029,1144,Beauty,West,5,416.24,5,COD,2,3.2,1977.14
12692,15-05-2029,1890,Electronics,South,4,413.37,29,COD,1,3,1173.97
12693,16-05-2029,1856,Home,East,3,338.29,23,COD,9,4.3,781.45
12694,17-05-2029,1027,Clothing,North,1,344.69,13,Card,7,2,299.88
12695,18-05-2029,1065,Electronics,North,5,445.38,18,Card,8,4.4,1826.06
12696,19-05-2029,1162,Beauty,North,3,172.95,32,COD,6,4.5,352.82
12697,20-05-2029,1228,Clothing,West,6,221.37,22,Card,9,4.3,1036.01
12698,21-05-2029,1260,Electronics,West,7,524.91,14,Card,8,2.4,3159.96
12699,22-05-2029,1448,Clothing,North,3,195.69,4,COD,4,1.7,563.59
12700,23-05-2029,1423,Beauty,North,6,334.59,10,Card,5,2.9,1806.79
12701,24-05-2029,1459,Electronics,East,5,426.04,34,Card,2,2,1405.93
12702,25-05-2029,1951,Electronics,West,3,599.96,15,COD,1,1.2,1529.9
12703,26-05-2029,1675,Electronics,West,6,269.65,17,COD,6,2.1,1342.86
12704,27-05-2029,1300,Electronics,North,4,265.43,17,Wallet,3,2.9,881.23
12705,28-05-2029,1918,Home,East,2,507.91,31,COD,11,1.5,700.92
12706,29-05-2029,1302,Clothing,East,5,486.22,21,COD,4,4.8,1920.57
12707,30-05-2029,1286,Electronics,North,6,442.68,24,Card,1,3.6,2018.62
12708,31-05-2029,1394,Electronics,North,1,285.99,14,Card,6,1.5,245.95
12709,01-06-2029,1009,Electronics,West,3,204.5,1,Card,8,4.2,607.36
12710,02-06-2029,1706,Beauty,North,6,371.11,33,COD,10,4.7,1491.86
12711,03-06-2029,1629,Electronics,South,7,527.59,33,COD,4,2.1,2474.4
12712,04-06-2029,1269,Beauty,East,6,532.01,33,COD,10,1.6,2138.68
12713,05-06-2029,1591,Clothing,North,6,78.47,33,COD,8,2.3,315.45
12714,06-06-2029,1969,Electronics,South,7,265.58,29,Card,11,4.3,1319.93
12715,07-06-2029,1604,Beauty,East,2,286.86,24,COD,10,1.7,436.03
12716,08-06-2029,1777,Clothing,South,7,586.9,30,Card,3,4.1,2875.81
12717,09-06-2029,1843,Home,South,7,411.63,21,Card,11,3.9,2276.31
12718,10-06-2029,1861,Beauty,North,1,253.24,5,COD,7,3.6,240.58
12719,11-06-2029,1360,Electronics,East,7,30.24,14,Wallet,3,2.7,182.04
12720,12-06-2029,1256,Electronics,South,1,345.75,34,Wallet,6,2.5,228.19
12721,13-06-2029,1132,Home,West,4,71.2,12,Wallet,4,1.3,250.62
12722,14-06-2029,1275,Electronics,East,7,503.15,30,Card,6,2.4,2465.43
12723,15-06-2029,1775,Electronics,West,2,455.22,3,Card,7,3.4,883.13
12724,16-06-2029,1682,Electronics,North,7,284.4,12,Card,8,4.6,1751.9
12725,17-06-2029,1971,Electronics,West,6,266.09,12,Card,6,4.3,1404.96
12726,18-06-2029,1512,Home,East,5,539.94,2,Card,4,1.1,2645.71
12727,19-06-2029,1312,Electronics,South,2,183.75,4,COD,9,1.6,352.8
12728,20-06-2029,1575,Clothing,South,7,160.68,7,COD,7,4.4,1046.03
12729,21-06-2029,1885,Clothing,East,2,564.43,29,Wallet,9,4.8,801.49
12730,22-06-2029,1979,Clothing,South,1,488.41,2,Wallet,3,1.2,478.64
12731,23-06-2029,1283,Electronics,West,4,495.07,10,Card,5,3.8,1782.25
12732,24-06-2029,1120,Home,South,4,129.19,0,Wallet,1,2.5,516.76
12733,25-06-2029,1106,Electronics,South,2,98.83,24,COD,11,2.5,150.22
12734,26-06-2029,1932,Home,West,2,30.23,22,COD,8,3.6,47.16
12735,27-06-2029,1686,Beauty,West,7,153.67,23,COD,1,4.2,828.28
12736,28-06-2029,1996,Clothing,West,3,467.9,13,Card,1,2.1,1221.22
12737,29-06-2029,1203,Clothing,North,6,155.42,7,Wallet,7,3.8,867.24
12738,30-06-2029,1164,Clothing,West,1,441.53,25,COD,11,3.5,331.15
12739,01-07-2029,1304,Clothing,West,6,162.37,28,Wallet,8,3.1,701.44
12740,02-07-2029,1496,Beauty,North,5,246.25,5,Wallet,3,3.4,1169.69
12741,03-07-2029,1631,Beauty,South,5,590.15,17,COD,2,1.1,2449.12
12742,04-07-2029,1555,Electronics,West,4,158.21,9,Card,7,1,575.88
12743,05-07-2029,1823,Clothing,East,1,235.18,6,Card,10,3.2,221.07
12744,06-07-2029,1155,Beauty,West,6,191.14,26,Card,5,3.1,848.66
12745,07-07-2029,1366,Beauty,West,4,79.13,19,Card,1,1.3,256.38
12746,08-07-2029,1718,Clothing,North,5,301.59,8,Wallet,2,3,1387.31
12747,09-07-2029,1901,Clothing,East,2,236.53,11,Card,3,4,421.02
12748,10-07-2029,1619,Electronics,South,1,421.51,34,Wallet,6,3.2,278.2
12749,11-07-2029,1250,Beauty,South,1,493.29,30,COD,1,3.1,345.3
12750,12-07-2029,1956,Electronics,East,6,333.39,31,Card,8,3.9,1380.23
12751,13-07-2029,1915,Clothing,West,7,33.83,16,COD,2,1.7,198.92
12752,14-07-2029,1881,Electronics,North,3,377.07,22,COD,5,2.8,882.34
12753,15-07-2029,1333,Electronics,East,6,47.4,13,COD,8,1.6,247.43
12754,16-07-2029,1641,Clothing,East,2,375.57,3,COD,5,3.1,728.61
12755,17-07-2029,1968,Beauty,South,7,415.74,14,Card,8,3.4,2502.75
12756,18-07-2029,1510,Electronics,North,7,130.69,21,COD,6,1.5,722.72
12757,19-07-2029,1292,Clothing,East,7,494.32,10,COD,7,1.3,3114.22
12758,20-07-2029,1019,Electronics,North,2,547.98,30,COD,8,1.7,767.17
12759,21-07-2029,1281,Electronics,West,4,490.66,5,Wallet,3,3.3,1864.51
12760,22-07-2029,1796,Clothing,South,1,193.49,13,Card,5,1.8,168.34
12761,23-07-2029,1000,Clothing,West,4,358.19,4,Card,10,2.1,1375.45
12762,24-07-2029,1118,Electronics,North,2,550.17,14,COD,7,3.8,946.29
12763,25-07-2029,1034,Electronics,West,3,202.59,1,Wallet,9,2,601.69
12764,26-07-2029,1197,Electronics,South,1,494.72,10,Card,6,2.6,445.25
12765,27-07-2029,1484,Electronics,North,2,20.54,14,Card,10,4.7,35.33
12766,28-07-2029,1756,Beauty,East,3,17.13,17,Card,1,4.3,42.65
12767,29-07-2029,1058,Beauty,West,6,459.43,19,Card,11,2,2232.83
12768,30-07-2029,1836,Electronics,South,5,460.45,10,Card,8,3.4,2072.02
12769,31-07-2029,1160,Clothing,East,7,476.55,18,Card,6,3.7,2735.4
12770,01-08-2029,1690,Beauty,South,2,559.07,18,COD,1,4.6,916.87
12771,02-08-2029,1205,Electronics,North,5,83.98,11,Card,4,3.2,373.71
12772,03-08-2029,1011,Home,North,4,150.71,29,Card,6,3.2,428.02
12773,04-08-2029,1489,Beauty,West,5,543.68,19,Card,10,4.6,2201.9
12774,05-08-2029,1275,Electronics,South,2,118.68,12,Wallet,1,1.2,208.88
12775,06-08-2029,1692,Electronics,South,5,414.1,33,COD,10,3.5,1387.24
12776,07-08-2029,1241,Beauty,South,7,325.32,30,Wallet,5,2.7,1594.07
12777,08-08-2029,1215,Clothing,North,1,63.67,34,COD,3,4.6,42.02
12778,09-08-2029,1250,Electronics,West,2,181.88,24,Card,7,4.8,276.46
12779,10-08-2029,1810,Electronics,South,3,319.42,13,Card,8,1.7,833.69
12780,11-08-2029,1125,Clothing,South,5,513.62,10,COD,3,2.1,2311.29
12781,12-08-2029,1993,Home,East,1,428.91,23,COD,10,2.1,330.26
12782,13-08-2029,1216,Home,South,7,378.8,34,COD,3,1.4,1750.06
12783,14-08-2029,1305,Beauty,West,4,305.18,22,COD,11,2.9,952.16
12784,15-08-2029,1796,Electronics,East,4,189.73,31,COD,3,3.1,523.65
12785,16-08-2029,1184,Clothing,East,7,84.76,12,Card,11,3.3,522.12
12786,17-08-2029,1038,Clothing,East,5,254.31,14,Wallet,6,3.7,1093.53
12787,18-08-2029,1222,Clothing,North,4,31.68,32,COD,6,1.3,86.17
12788,19-08-2029,1183,Electronics,East,3,138.47,26,Card,3,3.5,307.4
12789,20-08-2029,1494,Beauty,South,2,268,34,COD,6,4.7,353.76
12790,21-08-2029,1426,Beauty,North,1,259.88,27,COD,9,2.8,189.71
12791,22-08-2029,1177,Clothing,North,6,40.91,16,Card,11,1.4,206.19
12792,23-08-2029,1918,Clothing,North,5,359.6,19,Card,8,1.3,1456.38
12793,24-08-2029,1427,Electronics,North,4,336.57,32,Card,11,2.1,915.47
12794,25-08-2029,1293,Clothing,North,2,60.69,19,Card,7,4,98.32
12795,26-08-2029,1851,Home,North,6,566.75,9,Card,7,2,3094.46
12796,27-08-2029,1150,Clothing,North,3,73.14,15,Card,8,4.3,186.51
12797,28-08-2029,1383,Beauty,East,4,515.08,18,Card,7,4.3,1689.46
12798,29-08-2029,1637,Clothing,West,4,15.18,3,Card,3,2.8,58.9
12799,30-08-2029,1812,Clothing,South,1,531.13,26,Wallet,8,2.2,393.04
12800,31-08-2029,1307,Home,South,3,26.54,4,Card,8,3.4,76.44
12801,01-09-2029,1335,Electronics,East,3,458.32,14,Card,1,4.2,1182.47
12802,02-09-2029,1945,Clothing,East,5,226.59,28,Card,10,1.3,815.72
12803,03-09-2029,1745,Electronics,North,6,446.86,16,COD,5,4.8,2252.17
12804,04-09-2029,1891,Clothing,West,1,250.02,29,Card,5,3.6,177.51
12805,05-09-2029,1374,Home,North,5,56.48,12,Card,1,2.6,248.51
12806,06-09-2029,1007,Clothing,East,1,463.99,34,Card,6,3,306.23
12807,07-09-2029,1340,Home,North,3,56.68,7,Wallet,6,2.5,158.14
12808,08-09-2029,1128,Clothing,South,1,554.44,1,COD,4,2.7,548.9
12809,09-09-2029,1775,Electronics,South,1,44.82,31,Card,6,3.4,30.93
12810,10-09-2029,1668,Home,North,1,295.41,26,Card,6,1.2,218.6
12811,11-09-2029,1351,Electronics,West,2,437.98,8,Card,1,1.7,805.88
12812,12-09-2029,1357,Electronics,North,2,245.05,34,Card,5,1.9,323.47
12813,13-09-2029,1516,Clothing,North,6,142.08,18,COD,2,2.6,699.03
12814,14-09-2029,1494,Electronics,West,6,459.07,33,COD,7,2.5,1845.46
12815,15-09-2029,1085,Electronics,West,7,473.81,18,COD,9,3.9,2719.67
12816,16-09-2029,1174,Clothing,West,3,554.78,17,Card,9,2,1381.4
12817,17-09-2029,1801,Clothing,South,1,235.06,16,COD,11,1.2,197.45
12818,18-09-2029,1192,Clothing,North,3,311.16,12,Card,9,1.2,821.46
12819,19-09-2029,1310,Beauty,East,2,227.43,19,Card,11,1,368.44
12820,20-09-2029,1118,Clothing,West,1,165.39,16,COD,7,1.2,138.93
12821,21-09-2029,1217,Beauty,West,5,454.35,1,Card,7,4.4,2249.03
12822,22-09-2029,1426,Electronics,North,2,213.7,9,COD,1,3.8,388.93
12823,23-09-2029,1969,Clothing,East,2,265.47,7,Wallet,11,5,493.77
12824,24-09-2029,1413,Beauty,North,2,251.15,30,Card,11,1.1,351.61
12825,25-09-2029,1113,Clothing,North,7,431.91,21,Wallet,6,4.4,2388.46
12826,26-09-2029,1977,Home,West,1,551.91,27,Card,5,3.8,402.89
12827,27-09-2029,1144,Clothing,West,6,405.05,33,Card,8,3.6,1628.3
12828,28-09-2029,1537,Electronics,South,4,290.88,23,COD,8,2.4,895.91
12829,29-09-2029,1647,Clothing,East,5,470.83,34,COD,11,2.5,1553.74
12830,30-09-2029,1302,Clothing,East,5,389.97,11,Card,4,4.4,1735.37
12831,01-10-2029,1743,Beauty,West,3,50.46,7,COD,1,3.9,140.78
12832,02-10-2029,1880,Electronics,West,1,70.96,14,Wallet,6,3.7,61.03
12833,03-10-2029,1587,Beauty,West,6,37.18,16,Card,10,1.1,187.39
12834,04-10-2029,1986,Beauty,East,2,282.24,31,Wallet,1,1.7,389.49
12835,05-10-2029,1839,Electronics,South,4,498.12,20,COD,5,4.9,1593.98
12836,06-10-2029,1344,Electronics,East,1,198.15,10,Wallet,5,2.8,178.34
12837,07-10-2029,1813,Beauty,West,1,239.73,26,Card,3,4.1,177.4
12838,08-10-2029,1963,Beauty,West,7,547.04,18,COD,5,2.6,3140.01
12839,09-10-2029,1800,Clothing,South,6,504.59,6,Card,6,4.1,2845.89
12840,10-10-2029,1000,Electronics,North,4,404.05,20,Wallet,5,1.5,1292.96
12841,11-10-2029,1146,Clothing,North,2,171.08,32,COD,1,1.2,232.67
12842,12-10-2029,1286,Home,East,1,83.47,29,Card,7,2.9,59.26
12843,13-10-2029,1975,Electronics,North,5,24.39,21,Card,3,3.4,96.34
12844,14-10-2029,1653,Home,North,5,77.6,13,Wallet,7,2.3,337.56
12845,15-10-2029,1052,Electronics,East,4,186.17,3,COD,5,3.9,722.34
12846,16-10-2029,1303,Electronics,West,2,337.8,16,Card,3,3,567.5
12847,17-10-2029,1068,Clothing,North,4,52.44,26,Card,11,4.7,155.22
12848,18-10-2029,1360,Clothing,West,1,94.69,13,Wallet,6,1.3,82.38
12849,19-10-2029,1601,Electronics,East,7,120.93,8,Card,1,1.3,778.79
12850,20-10-2029,1957,Clothing,West,7,384.71,33,Card,6,4.6,1804.29
12851,21-10-2029,1219,Electronics,West,5,375.24,29,Wallet,4,3.7,1332.1
12852,22-10-2029,1961,Electronics,East,7,337.2,22,Card,4,3.7,1841.11
12853,23-10-2029,1703,Electronics,West,3,161.54,5,Card,5,1.1,460.39
12854,24-10-2029,1965,Beauty,North,4,232.11,5,Card,9,4.8,882.02
12855,25-10-2029,1574,Clothing,North,7,71.56,4,Wallet,1,4.1,480.88
12856,26-10-2029,1584,Clothing,North,3,147.48,22,Card,3,4.1,345.1
12857,27-10-2029,1160,Clothing,North,3,540.16,4,COD,11,4.6,1555.66
12858,28-10-2029,1680,Beauty,West,6,588.12,29,Wallet,4,3.3,2505.39
12859,29-10-2029,1088,Electronics,North,5,393.88,35,Card,2,2.6,1280.11
12860,30-10-2029,1687,Home,West,4,551.34,13,Wallet,9,2.9,1918.66
12861,31-10-2029,1780,Home,South,3,391,16,Card,11,4.1,985.32
12862,01-11-2029,1584,Clothing,West,1,34.42,25,COD,7,4.1,25.82
12863,02-11-2029,1756,Electronics,North,7,598.11,33,Card,1,3.4,2805.14
12864,03-11-2029,1588,Home,South,6,72.89,31,COD,9,1.9,301.76
12865,04-11-2029,1158,Electronics,East,2,414.35,2,Card,6,4.3,812.13
12866,05-11-2029,1488,Clothing,West,7,162.91,6,Card,2,3.6,1071.95
12867,06-11-2029,1970,Home,North,7,244.31,26,Wallet,1,1.9,1265.53
12868,07-11-2029,1323,Electronics,North,7,392.87,24,Card,6,2.9,2090.07
12869,08-11-2029,1609,Home,North,6,270.35,5,Wallet,7,5,1541
12870,09-11-2029,1380,Electronics,East,2,161.57,18,Card,10,2.3,264.97
12871,10-11-2029,1101,Home,South,5,210.65,27,Card,6,1.5,768.87
12872,11-11-2029,1493,Clothing,South,4,214.81,8,Wallet,7,1.1,790.5
12873,12-11-2029,1643,Electronics,North,4,576.2,30,Card,6,1.7,1613.36
12874,13-11-2029,1613,Electronics,West,2,482.19,2,Wallet,8,1.7,945.09
12875,14-11-2029,1018,Beauty,North,7,283.25,27,COD,2,4.4,1447.41
12876,15-11-2029,1453,Electronics,North,1,131.9,22,Card,9,1.6,102.88
12877,16-11-2029,1481,Electronics,West,2,489.44,11,COD,9,4.5,871.2
12878,17-11-2029,1593,Electronics,North,2,106.95,25,Card,11,1.3,160.43
12879,18-11-2029,1396,Clothing,East,4,138.12,27,Card,9,4.6,403.31
12880,19-11-2029,1278,Clothing,North,3,229.12,33,COD,7,2,460.53
12881,20-11-2029,1850,Electronics,East,1,530,13,Card,9,3.4,461.1
12882,21-11-2029,1364,Electronics,North,4,92.1,24,Card,1,1.6,279.98
12883,22-11-2029,1330,Electronics,South,6,86.51,21,Wallet,3,2.6,410.06
12884,23-11-2029,1640,Electronics,West,2,303.98,18,Wallet,2,1.3,498.53
12885,24-11-2029,1343,Clothing,South,3,176.7,31,COD,11,3.3,365.77
12886,25-11-2029,1821,Home,North,1,347.71,0,COD,1,2.4,347.71
12887,26-11-2029,1454,Electronics,North,5,279.21,10,COD,5,4.4,1256.44
12888,27-11-2029,1600,Clothing,East,1,269.45,19,COD,1,1.7,218.25
12889,28-11-2029,1724,Clothing,North,1,80.5,6,Card,3,2.1,75.67
12890,29-11-2029,1654,Beauty,North,7,97.51,32,Wallet,6,1.7,464.15
12891,30-11-2029,1064,Beauty,North,2,495.33,23,Card,6,3.3,762.81
12892,01-12-2029,1075,Home,South,2,533.24,17,COD,3,1.4,885.18
12893,02-12-2029,1710,Electronics,East,5,152.29,29,Wallet,4,1.8,540.63
12894,03-12-2029,1142,Electronics,South,5,81.37,16,COD,7,3.7,341.75
12895,04-12-2029,1916,Electronics,East,5,46.25,20,Wallet,6,1.3,185
12896,05-12-2029,1914,Electronics,South,4,370.85,0,Card,11,4,1483.4
12897,06-12-2029,1827,Clothing,North,4,433.48,13,Card,2,1.4,1508.51
12898,07-12-2029,1604,Home,South,2,233.09,5,Wallet,9,3.3,442.87
12899,08-12-2029,1472,Beauty,South,2,412.61,24,Card,6,5,627.17
12900,09-12-2029,1416,Home,East,5,432.08,17,COD,2,1.7,1793.13
12901,10-12-2029,1304,Clothing,East,4,562.18,11,Card,7,2,2001.36
12902,11-12-2029,1735,Home,South,3,52.95,16,COD,11,4.6,133.43
12903,12-12-2029,1496,Electronics,East,4,127.49,7,COD,11,3.5,474.26
12904,13-12-2029,1290,Electronics,East,2,55.09,32,Card,10,3,74.92
12905,14-12-2029,1939,Home,East,4,522.78,2,COD,10,3.3,2049.3
12906,15-12-2029,1101,Electronics,West,2,478.66,30,COD,4,2.2,670.12
12907,16-12-2029,1985,Clothing,East,5,351.17,18,Card,1,4.4,1439.8
12908,17-12-2029,1266,Electronics,West,7,63.94,22,COD,10,4,349.11
12909,18-12-2029,1866,Home,West,5,174.89,11,COD,9,3.6,778.26
12910,19-12-2029,1967,Home,East,5,189.17,34,Card,11,4.7,624.26
12911,20-12-2029,1621,Electronics,South,3,343.03,10,COD,10,3.3,926.18
12912,21-12-2029,1973,Home,East,7,165.96,21,Card,8,3,917.76
12913,22-12-2029,1841,Electronics,North,3,57.68,35,Card,5,4.9,112.48
12914,23-12-2029,1961,Clothing,South,2,442.5,31,COD,3,1.8,610.65
12915,24-12-2029,1941,Home,West,1,189.96,19,COD,4,1.6,153.87
12916,25-12-2029,1776,Home,West,6,279.64,35,Wallet,3,1.6,1090.6
12917,26-12-2029,1002,Beauty,South,3,89.68,25,Card,10,5,201.78
12918,27-12-2029,1084,Electronics,South,2,484.49,7,Card,8,3.6,901.15
12919,28-12-2029,1793,Home,East,7,345.84,14,Card,5,2.2,2081.96
12920,29-12-2029,1327,Clothing,West,4,542.43,12,COD,11,2,1909.35
12921,30-12-2029,1815,Beauty,North,7,304.85,12,Card,8,1.2,1877.88
12922,31-12-2029,1449,Electronics,East,5,565.73,27,COD,1,1.5,2064.91
12923,01-01-2030,1453,Home,South,5,536.74,20,Card,9,4.6,2146.96
12924,02-01-2030,1923,Clothing,West,5,352.23,1,Wallet,11,4,1743.54
12925,03-01-2030,1628,Electronics,South,2,561.33,31,COD,10,4.8,774.64
12926,04-01-2030,1220,Clothing,South,5,204.01,10,Wallet,3,2.7,918.04
12927,05-01-2030,1153,Electronics,South,3,228.9,35,Card,1,3.4,446.36
12928,06-01-2030,1664,Clothing,East,4,41.6,33,COD,3,2.9,111.49
12929,07-01-2030,1011,Beauty,North,5,359.68,33,COD,2,4.5,1204.93
12930,08-01-2030,1132,Clothing,North,2,437.33,28,COD,7,5,629.76
12931,09-01-2030,1993,Clothing,West,4,467.51,8,Card,10,4.7,1720.44
12932,10-01-2030,1303,Clothing,South,5,102.64,19,Wallet,4,3.4,415.69
12933,11-01-2030,1292,Electronics,North,1,274.83,8,Card,7,1.2,252.84
12934,12-01-2030,1974,Electronics,South,5,118.46,9,Card,3,3.5,538.99
12935,13-01-2030,1299,Clothing,West,6,402.34,21,COD,6,1.4,1907.09
12936,14-01-2030,1739,Electronics,South,7,107.4,1,COD,7,1.6,744.28
12937,15-01-2030,1782,Electronics,North,3,543.94,34,COD,7,1.8,1077
12938,16-01-2030,1042,Clothing,South,4,149.92,32,Card,5,2.5,407.78
12939,17-01-2030,1943,Electronics,North,3,185.47,13,Card,6,3.4,484.08
12940,18-01-2030,1342,Electronics,West,1,512.78,18,COD,3,2.3,420.48
12941,19-01-2030,1325,Clothing,South,1,283.2,16,Card,4,2.8,237.89
12942,20-01-2030,1813,Electronics,North,6,29.04,31,Wallet,11,1.2,120.23
12943,21-01-2030,1497,Beauty,West,3,304.33,24,Wallet,6,3.5,693.87
12944,22-01-2030,1363,Beauty,South,4,64.46,10,COD,3,3.6,232.06
12945,23-01-2030,1890,Home,West,1,591.43,16,Card,7,1.4,496.8
12946,24-01-2030,1426,Electronics,North,1,359.05,15,Wallet,3,4.1,305.19
12947,25-01-2030,1020,Home,South,5,165.07,34,Card,9,3.6,544.73
12948,26-01-2030,1406,Home,South,6,344.77,6,Card,4,3,1944.5
12949,27-01-2030,1618,Home,South,7,59.97,3,Card,2,3.2,407.2
12950,28-01-2030,1335,Electronics,West,2,482.94,31,Card,6,3,666.46
12951,29-01-2030,1814,Clothing,West,7,556.32,31,Wallet,9,1.2,2687.03
12952,30-01-2030,1116,Home,North,7,526.55,31,COD,10,3.9,2543.24
12953,31-01-2030,1123,Clothing,East,1,214.93,18,Wallet,10,3,176.24
12954,01-02-2030,1398,Clothing,South,4,205.57,23,Card,2,1.7,633.16
12955,02-02-2030,1792,Clothing,South,4,35.53,20,COD,4,3.7,113.7
12956,03-02-2030,1803,Clothing,North,5,396.07,2,Wallet,5,3.8,1940.74
12957,04-02-2030,1714,Electronics,South,4,327.92,21,Wallet,9,1.9,1036.23
12958,05-02-2030,1050,Clothing,West,5,283.72,0,COD,7,4.2,1418.6
12959,06-02-2030,1782,Electronics,West,1,545.96,11,Card,5,2.8,485.9
12960,07-02-2030,1323,Clothing,South,1,113.21,33,COD,6,1.7,75.85
12961,08-02-2030,1788,Electronics,South,7,20.65,11,Card,9,3.6,128.65
12962,09-02-2030,1140,Clothing,West,1,57.89,33,COD,4,3.4,38.79
12963,10-02-2030,1469,Electronics,South,1,145.67,9,COD,2,1.7,132.56
12964,11-02-2030,1786,Home,West,2,34.47,11,COD,5,4.5,61.36
12965,12-02-2030,1801,Home,East,6,309.16,22,COD,7,4.4,1446.87
12966,13-02-2030,1333,Electronics,East,7,198.74,27,COD,4,4.3,1015.56
12967,14-02-2030,1892,Electronics,South,7,120.58,18,Card,1,2.6,692.13
12968,15-02-2030,1963,Electronics,South,6,453.8,31,COD,8,4.3,1878.73
12969,16-02-2030,1372,Beauty,South,2,134.6,1,COD,5,4.4,266.51
12970,17-02-2030,1563,Clothing,West,1,417.25,32,Card,10,5,283.73
12971,18-02-2030,1493,Clothing,East,4,219.32,7,Card,2,4.8,815.87
12972,19-02-2030,1538,Electronics,East,5,314.42,31,Card,3,2.5,1084.75
12973,20-02-2030,1668,Clothing,North,7,561.31,14,Card,10,1.8,3379.09
12974,21-02-2030,1750,Beauty,North,6,36.85,29,Wallet,10,2.2,156.98
12975,22-02-2030,1155,Home,South,3,307.65,24,Card,5,3,701.44
12976,23-02-2030,1290,Clothing,West,5,514.84,6,COD,11,4.2,2419.75
12977,24-02-2030,1647,Electronics,South,3,358.96,32,COD,4,3.9,732.28
12978,25-02-2030,1143,Electronics,East,3,176.97,9,Card,9,4.2,483.13
12979,26-02-2030,1105,Electronics,South,7,247.64,9,Wallet,9,2.5,1577.47
12980,27-02-2030,1419,Electronics,South,1,412.96,28,Card,8,2,297.33
12981,28-02-2030,1669,Electronics,East,3,536.12,4,Wallet,2,1.1,1544.03
12982,01-03-2030,1657,Electronics,East,1,39.02,8,Card,5,3.5,35.9
12983,02-03-2030,1001,Clothing,East,2,56.85,18,Card,8,4.2,93.23
12984,03-03-2030,1944,Beauty,East,4,205.16,29,Card,8,4.6,582.65
12985,04-03-2030,1588,Clothing,North,3,151.18,5,Card,7,2.9,430.86
12986,05-03-2030,1643,Home,West,7,169.98,19,Wallet,4,4.7,963.79
12987,06-03-2030,1089,Home,West,4,144.44,25,Card,3,1.8,433.32
12988,07-03-2030,1344,Electronics,East,1,129.56,30,COD,8,3.1,90.69
12989,08-03-2030,1349,Home,West,3,91.42,33,Card,8,1.9,183.75
12990,09-03-2030,1458,Electronics,West,5,561.36,27,Wallet,10,1.8,2048.96
12991,10-03-2030,1262,Clothing,West,7,99.35,23,COD,5,4.8,535.5
12992,11-03-2030,1350,Electronics,West,2,134.58,15,COD,3,4.3,228.79
12993,12-03-2030,1107,Beauty,East,6,159.07,4,Card,5,1,916.24
12994,13-03-2030,1585,Electronics,South,2,560.81,25,COD,4,2.1,841.21
12995,14-03-2030,1038,Electronics,South,3,457.09,35,Card,8,1.8,891.33
12996,15-03-2030,1908,Beauty,South,7,476.97,26,Card,2,1.6,2470.7
12997,16-03-2030,1158,Electronics,North,2,76.28,1,COD,11,3.8,151.03
12998,17-03-2030,1582,Home,West,6,504.24,17,Wallet,8,3.3,2511.12
12999,18-03-2030,1958,Home,East,5,253.79,22,Wallet,10,2.8,989.78
13000,19-03-2030,1311,Home,East,4,168.75,24,COD,6,1.8,513
13001,20-03-2030,1240,Beauty,North,5,351.81,25,COD,4,2.1,1319.29
13002,21-03-2030,1937,Beauty,East,2,495.98,20,Wallet,11,2.4,793.57
13003,22-03-2030,1444,Electronics,South,6,470.51,8,COD,3,4.1,2597.22
13004,23-03-2030,1297,Home,North,4,535.65,33,Card,10,5,1435.54
13005,24-03-2030,1951,Clothing,East,7,557.96,24,Wallet,5,1.7,2968.35
13006,25-03-2030,1035,Clothing,North,6,154.3,8,Card,6,2.4,851.74
13007,26-03-2030,1083,Electronics,North,5,262.96,11,Card,1,2.1,1170.17
13008,27-03-2030,1451,Home,East,1,23.56,32,COD,1,1.2,16.02
13009,28-03-2030,1885,Beauty,South,1,529.4,31,Card,11,1.9,365.29
13010,29-03-2030,1774,Beauty,East,4,105.42,14,Card,10,4.6,362.64
13011,30-03-2030,1821,Clothing,West,4,518.96,1,Card,3,4.4,2055.08
13012,31-03-2030,1384,Electronics,West,4,207.69,2,COD,2,1.7,814.14
13013,01-04-2030,1171,Clothing,East,1,230.36,10,Wallet,1,2.5,207.32
13014,02-04-2030,1375,Home,South,5,37.89,22,Card,11,2.2,147.77
13015,03-04-2030,1684,Home,West,4,206.22,20,Card,8,1.6,659.9
13016,04-04-2030,1361,Clothing,West,1,534.69,22,Card,1,3.5,417.06
13017,05-04-2030,1558,Electronics,East,4,29.95,25,COD,10,3.2,89.85
13018,06-04-2030,1890,Clothing,East,4,252.7,1,COD,8,2.7,1000.69
13019,07-04-2030,1140,Clothing,East,6,33.37,4,COD,5,4.4,192.21
13020,08-04-2030,1886,Beauty,North,4,231.99,13,Card,4,3.5,807.33
13021,09-04-2030,1917,Clothing,North,1,115.99,5,COD,8,2,110.19
13022,10-04-2030,1117,Electronics,North,5,162.55,3,COD,8,2.5,788.37
13023,11-04-2030,1276,Clothing,East,1,528.4,22,Card,11,1.6,412.15
13024,12-04-2030,1725,Electronics,South,1,270.09,29,Card,8,3.4,191.76
13025,13-04-2030,1219,Beauty,West,4,175.17,26,Card,3,3.3,518.5
13026,14-04-2030,1904,Clothing,North,6,359.76,29,Wallet,8,4.5,1532.58
13027,15-04-2030,1025,Clothing,South,3,98.13,23,Wallet,1,4.4,226.68
13028,16-04-2030,1520,Clothing,East,7,166.74,26,COD,4,4.3,863.71
13029,17-04-2030,1782,Home,North,3,334.56,10,Wallet,5,3.2,903.31
13030,18-04-2030,1009,Home,East,3,153.95,35,COD,6,3.6,300.2
13031,19-04-2030,1983,Home,South,1,412.29,6,Wallet,5,4.1,387.55
13032,20-04-2030,1377,Electronics,North,4,302.52,8,Card,5,1.4,1113.27
13033,21-04-2030,1632,Electronics,North,7,466.61,10,COD,5,2.2,2939.64
13034,22-04-2030,1636,Electronics,North,3,569.72,34,COD,9,1.7,1128.05
13035,23-04-2030,1681,Home,North,2,82.75,35,COD,10,3,107.58
13036,24-04-2030,1583,Electronics,South,2,210.78,28,Card,10,4.4,303.52
13037,25-04-2030,1151,Clothing,North,2,201.94,22,Card,3,1.9,315.03
13038,26-04-2030,1719,Beauty,West,5,103.44,18,Card,2,3.9,424.1
13039,27-04-2030,1048,Beauty,West,4,489.03,34,Card,10,2.6,1291.04
13040,28-04-2030,1153,Clothing,East,1,459.53,24,Card,2,4.6,349.24
13041,29-04-2030,1858,Clothing,North,1,298.39,33,COD,8,3.5,199.92
13042,30-04-2030,1292,Electronics,West,4,329.6,11,Wallet,5,4.9,1173.38
13043,01-05-2030,1579,Home,West,6,49.83,12,COD,5,2,263.1
13044,02-05-2030,1049,Home,West,7,339.97,30,Wallet,6,4.7,1665.85
13045,03-05-2030,1663,Electronics,South,6,477.93,5,Wallet,9,2.4,2724.2
13046,04-05-2030,1530,Clothing,North,5,350.69,33,Card,7,3.5,1174.81
13047,05-05-2030,1611,Home,South,4,170.2,18,Card,5,1.7,558.26
13048,06-05-2030,1059,Beauty,South,6,405.52,32,Card,5,4,1654.52
13049,07-05-2030,1166,Electronics,West,7,226.47,12,Wallet,10,4.9,1395.06
13050,08-05-2030,1201,Clothing,West,5,333.75,25,Card,9,4.1,1251.56
13051,09-05-2030,1856,Electronics,East,3,300.23,17,COD,9,3.5,747.57
13052,10-05-2030,1145,Electronics,North,3,237.99,22,Card,2,2.8,556.9
13053,11-05-2030,1914,Beauty,North,5,435.54,18,Wallet,7,2.4,1785.71
13054,12-05-2030,1675,Home,West,4,532.07,34,Card,10,2.7,1404.66
13055,13-05-2030,1969,Home,West,3,18.05,24,Wallet,1,2.3,41.15
13056,14-05-2030,1992,Electronics,North,4,561.17,9,Card,4,4.3,2042.66
13057,15-05-2030,1438,Home,East,6,314.24,32,Card,2,4.6,1282.1
13058,16-05-2030,1241,Clothing,West,3,424.93,10,COD,10,4.8,1147.31
13059,17-05-2030,1580,Electronics,East,7,515.54,13,Wallet,9,2.7,3139.64
13060,18-05-2030,1686,Clothing,South,7,288.26,4,COD,6,3.2,1937.11
13061,19-05-2030,1560,Electronics,West,6,503.46,31,Wallet,4,3.3,2084.32
13062,20-05-2030,1482,Home,South,7,118.91,10,COD,3,3.6,749.13
13063,21-05-2030,1107,Clothing,West,4,108.11,9,COD,4,1,393.52
13064,22-05-2030,1225,Electronics,South,4,399.62,32,Card,2,4.4,1086.97
13065,23-05-2030,1672,Electronics,West,7,524.03,28,Card,5,2.1,2641.11
13066,24-05-2030,1630,Electronics,East,2,537.07,5,Card,9,2.9,1020.43
13067,25-05-2030,1660,Electronics,East,5,391.59,27,Wallet,6,4.4,1429.3
13068,26-05-2030,1976,Clothing,East,1,322.41,32,Wallet,2,5,219.24
13069,27-05-2030,1661,Home,South,5,208.86,3,COD,6,4.2,1012.97
13070,28-05-2030,1431,Electronics,East,7,588.3,29,Card,9,1.1,2923.85
13071,29-05-2030,1804,Electronics,South,4,202.02,19,Card,4,2.5,654.54
13072,30-05-2030,1654,Clothing,West,4,450.35,23,Wallet,1,2,1387.08
13073,31-05-2030,1418,Home,South,5,326.21,17,Card,2,4.9,1353.77
13074,01-06-2030,1987,Electronics,West,4,370.98,24,Wallet,5,2.1,1127.78
13075,02-06-2030,1454,Electronics,North,6,245.19,1,Card,10,4.8,1456.43
13076,03-06-2030,1159,Clothing,North,3,579.42,27,Card,7,4.8,1268.93
13077,04-06-2030,1522,Electronics,North,4,349.43,1,Wallet,8,4.4,1383.74
13078,05-06-2030,1649,Electronics,South,7,563.61,16,Card,3,1.4,3314.03
13079,06-06-2030,1968,Home,North,7,19.44,5,Card,9,1,129.28
13080,07-06-2030,1589,Clothing,North,5,350.01,29,Wallet,2,4.2,1242.54
13081,08-06-2030,1076,Clothing,North,5,434.55,11,COD,4,4.4,1933.75
13082,09-06-2030,1508,Home,West,5,450.87,16,COD,4,4.8,1893.65
13083,10-06-2030,1440,Home,East,7,544.41,15,COD,6,1.9,3239.24
13084,11-06-2030,1253,Electronics,South,2,17.57,27,Card,10,3.9,25.65
13085,12-06-2030,1920,Clothing,North,7,15.19,17,Card,6,3.1,88.25
13086,13-06-2030,1769,Electronics,West,6,291.27,28,COD,3,2.3,1258.29
13087,14-06-2030,1319,Electronics,East,7,32.14,3,Card,9,3.4,218.23
13088,15-06-2030,1802,Home,East,6,585.1,7,Card,11,3.2,3264.86
13089,16-06-2030,1262,Beauty,East,7,144.91,19,COD,5,2.2,821.64
13090,17-06-2030,1596,Beauty,West,7,291.51,33,Card,2,2.1,1367.18
13091,18-06-2030,1657,Clothing,North,2,50.77,3,COD,6,2.9,98.49
13092,19-06-2030,1834,Electronics,East,6,320.4,2,Card,3,2.9,1883.95
13093,20-06-2030,1553,Electronics,West,2,237.27,5,Card,8,2.2,450.81
13094,21-06-2030,1373,Home,West,6,41.13,22,Card,3,2.1,192.49
13095,22-06-2030,1636,Clothing,South,2,211.05,14,Wallet,5,4.8,363.01
13096,23-06-2030,1166,Clothing,West,2,243.99,29,Card,4,4.4,346.47
13097,24-06-2030,1936,Home,East,6,594.1,3,COD,4,4.3,3457.66
13098,25-06-2030,1752,Home,East,2,136.61,7,COD,2,1.9,254.09
13099,26-06-2030,1458,Home,West,7,333.7,11,Card,8,1.8,2078.95
13100,27-06-2030,1998,Electronics,East,6,592.58,22,COD,3,4.2,2773.27
13101,28-06-2030,1279,Home,West,2,478.33,24,Wallet,4,1.7,727.06
13102,29-06-2030,1699,Beauty,East,7,596.12,4,COD,6,3,4005.93
13103,30-06-2030,1301,Electronics,South,7,581.45,33,Card,9,1.9,2727
13104,01-07-2030,1530,Clothing,North,5,301.38,12,COD,4,2.5,1326.07
13105,02-07-2030,1579,Electronics,South,1,422.38,25,COD,3,4.4,316.78
13106,03-07-2030,1217,Beauty,South,6,79.61,18,Card,5,4.6,391.68
13107,04-07-2030,1101,Electronics,North,2,273.07,8,Card,9,5,502.45
13108,05-07-2030,1553,Clothing,East,5,488.28,30,Card,1,4.8,1708.98
13109,06-07-2030,1287,Electronics,North,1,310.62,29,Card,5,3.7,220.54
13110,07-07-2030,1166,Home,West,2,426.08,14,Card,11,2.7,732.86
13111,08-07-2030,1620,Electronics,North,1,451.26,21,COD,4,1.2,356.5
13112,09-07-2030,1035,Electronics,South,6,163.28,9,Card,5,3.4,891.51
13113,10-07-2030,1743,Clothing,North,7,527.28,24,Wallet,7,1.8,2805.13
13114,11-07-2030,1740,Beauty,East,7,284,11,COD,7,4.4,1769.32
13115,12-07-2030,1352,Electronics,South,1,137.96,30,Wallet,7,3.2,96.57
13116,13-07-2030,1675,Electronics,West,7,521.27,8,COD,1,3.9,3356.98
13117,14-07-2030,1898,Home,East,3,259.42,1,Card,9,3.7,770.48
13118,15-07-2030,1072,Clothing,South,4,453.93,9,COD,7,2.4,1652.31
13119,16-07-2030,1647,Beauty,West,7,335.6,7,Wallet,4,4,2184.76
13120,17-07-2030,1352,Electronics,East,3,238.39,18,Card,4,4.4,586.44
13121,18-07-2030,1890,Clothing,West,6,488.78,7,Card,2,4,2727.39
13122,19-07-2030,1069,Electronics,North,6,356.91,27,Card,6,4.1,1563.27
13123,20-07-2030,1424,Electronics,North,1,243.48,8,Card,10,2.4,224
13124,21-07-2030,1998,Home,West,7,79.11,25,Card,3,4.8,415.33
13125,22-07-2030,1707,Clothing,North,7,538.84,20,Card,1,2.7,3017.5
13126,23-07-2030,1780,Home,West,7,35.75,35,Card,5,4.6,162.66
13127,24-07-2030,1560,Electronics,East,5,519.96,35,COD,6,4.4,1689.87
13128,25-07-2030,1827,Clothing,South,2,225.58,30,Card,11,1.5,315.81
13129,26-07-2030,1641,Clothing,West,4,389.01,27,COD,5,4.9,1135.91
13130,27-07-2030,1955,Beauty,South,7,554.49,14,COD,5,5,3338.03
13131,28-07-2030,1516,Electronics,South,2,103.75,26,COD,10,3.4,153.55
13132,29-07-2030,1427,Electronics,West,5,346.67,33,Card,11,4.1,1161.34
13133,30-07-2030,1538,Clothing,North,6,462.19,1,COD,8,4.7,2745.41
13134,31-07-2030,1159,Clothing,East,4,458.19,19,Card,10,1.1,1484.54
13135,01-08-2030,1148,Electronics,South,3,322.49,8,Card,1,4.7,890.07
13136,02-08-2030,1775,Beauty,East,6,380.47,20,COD,8,3.5,1826.26
13137,03-08-2030,1229,Electronics,South,6,458.15,16,Card,11,4.3,2309.08
13138,04-08-2030,1711,Beauty,West,1,507,20,Card,7,3.2,405.6
13139,05-08-2030,1561,Electronics,North,5,460.66,19,Card,1,3.1,1865.67
13140,06-08-2030,1066,Home,East,1,222.09,34,Card,9,4.6,146.58
13141,07-08-2030,1811,Beauty,South,1,598.08,19,Card,4,3,484.44
13142,08-08-2030,1380,Electronics,West,2,269.18,30,Wallet,7,2.9,376.85
13143,09-08-2030,1057,Beauty,West,6,29.31,11,Card,3,3.4,156.52
13144,10-08-2030,1258,Clothing,South,5,227.13,15,COD,8,3.1,965.3
13145,11-08-2030,1341,Beauty,South,1,89.75,16,COD,4,2.8,75.39
13146,12-08-2030,1837,Home,South,3,86.04,10,COD,2,1.7,232.31
13147,13-08-2030,1129,Electronics,North,4,179.7,13,Wallet,2,2.6,625.36
13148,14-08-2030,1726,Electronics,South,7,46.22,21,Wallet,8,2.1,255.6
13149,15-08-2030,1171,Electronics,South,5,417.78,20,COD,8,2.6,1671.12
13150,16-08-2030,1769,Electronics,North,2,58.28,22,Wallet,1,3.4,90.92
13151,17-08-2030,1613,Electronics,West,5,133.92,12,Card,6,3.4,589.25
13152,18-08-2030,1208,Electronics,South,6,69.35,11,COD,9,2,370.33
13153,19-08-2030,1802,Clothing,East,2,51.95,21,Wallet,9,1.3,82.08
13154,20-08-2030,1353,Home,West,4,171.63,5,COD,2,4,652.19
13155,21-08-2030,1470,Electronics,East,3,349.56,9,Wallet,8,3.1,954.3
13156,22-08-2030,1797,Electronics,South,1,579.34,1,Card,8,2.8,573.55
13157,23-08-2030,1115,Clothing,North,5,527.2,3,Card,4,1.5,2556.92
13158,24-08-2030,1263,Electronics,North,2,527.42,9,Wallet,4,2.7,959.9
13159,25-08-2030,1661,Electronics,North,4,118,1,Card,5,4.3,467.28
13160,26-08-2030,1811,Electronics,South,1,169.97,9,COD,11,3.3,154.67
13161,27-08-2030,1441,Beauty,South,7,59.69,23,Card,10,1.4,321.73
13162,28-08-2030,1547,Home,East,4,470.4,2,COD,7,2.3,1843.97
13163,29-08-2030,1452,Clothing,North,3,55.84,15,Wallet,1,4.9,142.39
13164,30-08-2030,1844,Home,South,1,340.67,32,Card,11,3.2,231.66
13165,31-08-2030,1476,Clothing,West,1,160.01,28,Card,9,2.1,115.21
13166,01-09-2030,1286,Home,South,7,157.42,11,Card,3,4.7,980.73
13167,02-09-2030,1302,Home,South,1,594.57,32,Wallet,11,2.3,404.31
13168,03-09-2030,1310,Clothing,West,2,457.72,12,COD,4,3.9,805.59
13169,04-09-2030,1207,Electronics,North,1,504.61,3,Card,7,1.6,489.47
13170,05-09-2030,1617,Electronics,West,4,349.61,35,Card,5,1.6,908.99
13171,06-09-2030,1445,Clothing,North,2,524.54,30,Wallet,5,3.2,734.36
13172,07-09-2030,1669,Beauty,West,1,392.61,16,Wallet,1,2,329.79
13173,08-09-2030,1632,Clothing,East,4,568.51,23,Card,2,1.2,1751.01
13174,09-09-2030,1054,Home,North,4,179.58,23,Card,5,4.7,553.11
13175,10-09-2030,1911,Beauty,South,5,363.26,7,COD,2,1.2,1689.16
13176,11-09-2030,1011,Electronics,East,4,418.73,7,COD,1,3.9,1557.68
13177,12-09-2030,1656,Home,North,7,244.87,16,Wallet,10,2.3,1439.84
13178,13-09-2030,1399,Home,North,6,529.63,32,COD,3,4.7,2160.89
13179,14-09-2030,1907,Beauty,North,3,588.18,0,COD,11,4.9,1764.54
13180,15-09-2030,1647,Beauty,West,1,303.86,27,COD,1,2.3,221.82
13181,16-09-2030,1979,Home,North,7,243.52,2,Wallet,10,3.4,1670.55
13182,17-09-2030,1514,Electronics,South,1,291.08,17,Card,8,4.1,241.6
13183,18-09-2030,1655,Home,North,1,513.85,22,Card,8,1.5,400.8
13184,19-09-2030,1541,Electronics,South,4,392.6,24,Card,8,3.8,1193.5
13185,20-09-2030,1236,Home,South,4,41.19,2,Wallet,7,4.6,161.46
13186,21-09-2030,1278,Beauty,South,1,332.17,15,COD,7,1.7,282.34
13187,22-09-2030,1347,Clothing,East,6,25.12,20,Card,2,4.4,120.58
13188,23-09-2030,1626,Clothing,South,2,470.44,2,COD,9,1.5,922.06
13189,24-09-2030,1103,Clothing,West,2,207.06,5,Card,7,3.3,393.41
13190,25-09-2030,1629,Clothing,North,3,291.12,23,Card,5,2.4,672.49
13191,26-09-2030,1516,Electronics,West,5,482.23,18,Card,4,2.9,1977.14
13192,27-09-2030,1979,Home,East,7,42.17,6,COD,8,2.2,277.48
13193,28-09-2030,1871,Beauty,North,3,107.75,19,COD,5,2,261.83
13194,29-09-2030,1247,Beauty,South,1,247.81,32,Wallet,6,4,168.51
13195,30-09-2030,1363,Electronics,North,7,149.51,1,Wallet,4,1.9,1036.1
13196,01-10-2030,1320,Beauty,East,1,212.67,22,Card,2,2.6,165.88
13197,02-10-2030,1632,Home,East,1,598.93,3,COD,7,2.1,580.96
13198,03-10-2030,1285,Electronics,West,5,497.87,0,Card,2,2,2489.35
13199,04-10-2030,1148,Electronics,North,4,532.08,5,Card,11,3.5,2021.9
13200,05-10-2030,1083,Electronics,North,5,563.18,15,Card,7,1.2,2393.51
13201,06-10-2030,1965,Beauty,North,3,214.45,28,Card,7,4.2,463.21
13202,07-10-2030,1405,Clothing,West,4,188.79,10,Card,1,3.2,679.64
13203,08-10-2030,1977,Home,East,4,151.93,22,Card,10,4.3,474.02
13204,09-10-2030,1455,Electronics,South,3,500.62,14,COD,10,1.9,1291.6
13205,10-10-2030,1742,Home,North,4,412.54,8,Card,3,3.8,1518.15
13206,11-10-2030,1799,Electronics,West,7,153.16,18,COD,3,2.7,879.14
13207,12-10-2030,1160,Clothing,West,2,235.54,28,Card,11,1.3,339.18
13208,13-10-2030,1783,Clothing,South,3,311.43,29,Card,6,4,663.35
13209,14-10-2030,1459,Electronics,East,3,323.96,30,Card,11,4,680.32
13210,15-10-2030,1549,Home,North,2,534.91,12,Card,3,2.1,941.44
13211,16-10-2030,1499,Electronics,North,5,237.63,28,Card,9,4.7,855.47
13212,17-10-2030,1737,Home,West,5,546.49,7,COD,5,4.1,2541.18
13213,18-10-2030,1508,Clothing,East,5,273.2,26,COD,6,2.2,1010.84
13214,19-10-2030,1653,Clothing,North,4,451.63,33,Card,6,2,1210.37
13215,20-10-2030,1803,Electronics,South,2,559.2,0,Card,8,2.8,1118.4
13216,21-10-2030,1480,Electronics,East,7,545.93,15,Wallet,10,2.2,3248.28
13217,22-10-2030,1662,Beauty,East,3,48.32,23,Card,11,1.9,111.62
13218,23-10-2030,1113,Electronics,West,3,135.34,25,Card,3,2.6,304.52
13219,24-10-2030,1748,Home,West,3,293.99,6,COD,9,1.1,829.05
13220,25-10-2030,1577,Beauty,North,4,267.46,34,COD,7,2.6,706.09
13221,26-10-2030,1360,Electronics,West,4,389.92,22,COD,11,1.9,1216.55
13222,27-10-2030,1340,Electronics,East,6,567.65,6,COD,6,2.1,3201.55
13223,28-10-2030,1769,Home,North,7,80.76,1,Card,11,1.3,559.67
13224,29-10-2030,1986,Beauty,North,5,279.34,27,Card,1,3.4,1019.59
13225,30-10-2030,1760,Beauty,East,6,127.56,3,Card,4,2.9,742.4
13226,31-10-2030,1968,Clothing,North,6,538.05,5,COD,5,4,3066.88
13227,01-11-2030,1448,Home,South,4,579.28,20,Wallet,2,4.9,1853.7
13228,02-11-2030,1842,Electronics,South,5,295.04,21,Card,1,1.5,1165.41
13229,03-11-2030,1834,Beauty,North,5,75.85,24,Card,2,2.1,288.23
13230,04-11-2030,1179,Beauty,West,3,474.4,14,Card,8,3.7,1223.95
13231,05-11-2030,1701,Electronics,South,4,422.83,27,Card,10,1.9,1234.66
13232,06-11-2030,1406,Electronics,North,5,222.48,34,Card,6,1.1,734.18
13233,07-11-2030,1665,Electronics,South,6,534.13,9,COD,10,1.4,2916.35
13234,08-11-2030,1195,Electronics,West,2,585.86,25,Wallet,2,2.7,878.79
13235,09-11-2030,1465,Home,East,2,341.34,32,Card,9,2.7,464.22
13236,10-11-2030,1310,Clothing,North,4,345.95,24,Card,8,4.9,1051.69
13237,11-11-2030,1261,Electronics,North,3,189.05,24,Card,4,2.9,431.03
13238,12-11-2030,1418,Electronics,North,3,356.94,8,Card,11,3.7,985.15
13239,13-11-2030,1405,Beauty,North,5,272.19,19,Card,10,3,1102.37
13240,14-11-2030,1938,Clothing,North,7,191.78,20,COD,7,2.1,1073.97
13241,15-11-2030,1142,Clothing,North,4,54.3,25,Card,3,1.4,162.9
13242,16-11-2030,1341,Electronics,West,7,162.83,35,Wallet,6,4.4,740.88
13243,17-11-2030,1315,Beauty,East,2,130.74,1,COD,3,1.6,258.87
13244,18-11-2030,1100,Home,West,6,332.09,2,COD,10,1.4,1952.69
13245,19-11-2030,1243,Electronics,West,5,366.98,3,Card,3,1.9,1779.85
13246,20-11-2030,1489,Electronics,East,6,371.01,26,COD,11,1,1647.28
13247,21-11-2030,1011,Electronics,West,7,242.09,5,COD,9,1.3,1609.9
13248,22-11-2030,1238,Electronics,South,5,261.42,22,Card,6,3.5,1019.54
13249,23-11-2030,1560,Clothing,West,1,503.03,11,Card,8,2,447.7
13250,24-11-2030,1041,Beauty,North,6,293.6,16,Wallet,4,2.4,1479.74
13251,25-11-2030,1677,Clothing,South,4,592.85,8,Card,4,4.3,2181.69
13252,26-11-2030,1593,Home,South,6,272.18,30,Card,8,4.1,1143.16
13253,27-11-2030,1428,Clothing,East,6,395,21,Card,7,3,1872.3
13254,28-11-2030,1802,Home,West,5,44.46,33,Card,5,3.5,148.94
13255,29-11-2030,1157,Home,West,2,397.2,20,Card,2,1.3,635.52
13256,30-11-2030,1215,Electronics,South,7,513.08,4,Card,6,4,3447.9
13257,01-12-2030,1669,Clothing,West,1,566.34,6,COD,1,3.1,532.36
13258,02-12-2030,1461,Clothing,West,6,598.43,35,Card,7,3.3,2333.88
13259,03-12-2030,1133,Electronics,East,7,180.07,25,COD,9,3.7,945.37
13260,04-12-2030,1066,Clothing,South,7,351.59,2,COD,5,3,2411.91
13261,05-12-2030,1847,Clothing,North,2,278.67,25,Card,5,3.1,418
13262,06-12-2030,1006,Beauty,South,3,344.83,14,COD,7,3,889.66
13263,07-12-2030,1947,Clothing,East,1,107.11,11,COD,5,3,95.33
13264,08-12-2030,1525,Home,East,1,515.85,5,COD,10,4,490.06
13265,09-12-2030,1072,Clothing,East,7,547.1,29,COD,4,2.7,2719.09
13266,10-12-2030,1398,Home,West,5,278.05,2,COD,1,1,1362.44
13267,11-12-2030,1404,Clothing,South,6,179.05,10,Card,6,3.4,966.87
13268,12-12-2030,1674,Beauty,West,3,97.39,11,COD,9,4.8,260.03
13269,13-12-2030,1577,Clothing,West,5,415,6,Card,4,2,1950.5
13270,14-12-2030,1858,Clothing,South,4,197.66,18,COD,10,4.3,648.32
13271,15-12-2030,1129,Clothing,East,2,547.08,0,Card,11,2.8,1094.16
13272,16-12-2030,1930,Clothing,North,2,407.54,11,Wallet,4,3.6,725.42
13273,17-12-2030,1465,Electronics,North,5,392.73,33,COD,5,4.6,1315.65
13274,18-12-2030,1205,Electronics,South,7,342.25,11,COD,6,4.1,2132.22
13275,19-12-2030,1787,Electronics,South,2,41.78,13,COD,3,4.5,72.7
13276,20-12-2030,1977,Beauty,East,6,560.17,17,Wallet,9,1,2789.65
13277,21-12-2030,1767,Electronics,South,2,382.34,20,COD,1,1.7,611.74
13278,22-12-2030,1265,Electronics,South,6,596.53,28,Card,11,2.7,2577.01
13279,23-12-2030,1536,Home,East,4,329.35,7,Wallet,6,4.4,1225.18
13280,24-12-2030,1961,Electronics,East,3,430.41,31,COD,6,4.4,890.95
13281,25-12-2030,1792,Clothing,West,1,47.88,27,COD,8,1.7,34.95
13282,26-12-2030,1252,Electronics,South,5,384.57,25,Wallet,5,1.6,1442.14
13283,27-12-2030,1821,Beauty,North,5,462.32,3,Card,9,4.3,2242.25
13284,28-12-2030,1288,Beauty,South,6,470.43,1,Card,9,3.2,2794.35
13285,29-12-2030,1163,Beauty,North,4,465.52,21,COD,2,3.5,1471.04
13286,30-12-2030,1094,Clothing,North,4,147.38,30,COD,5,4.2,412.66
13287,31-12-2030,1781,Home,North,7,585.61,20,Card,7,1.8,3279.42
13288,01-01-2031,1832,Electronics,West,1,597.18,7,COD,2,1.5,555.38
13289,02-01-2031,1109,Electronics,East,3,59.22,3,COD,7,4.4,172.33
13290,03-01-2031,1335,Electronics,East,5,562.82,24,COD,9,1.4,2138.72
13291,04-01-2031,1821,Clothing,West,6,184.33,25,Wallet,8,1.4,829.48
13292,05-01-2031,1237,Clothing,East,4,418.23,6,Card,10,2.1,1572.54
13293,06-01-2031,1380,Clothing,West,5,212.79,1,COD,9,2.3,1053.31
13294,07-01-2031,1435,Electronics,South,6,581.14,14,COD,4,2,2998.68
13295,08-01-2031,1898,Clothing,West,2,74.38,20,Card,8,4,119.01
13296,09-01-2031,1482,Home,East,5,306.18,25,Card,9,4.9,1148.18
13297,10-01-2031,1936,Clothing,East,3,265.41,28,Card,10,1.8,573.29
13298,11-01-2031,1901,Home,South,6,205.72,21,COD,2,4.1,975.11
13299,12-01-2031,1024,Electronics,West,3,392.64,4,Card,10,1.2,1130.8
13300,13-01-2031,1652,Home,South,5,91.67,24,Card,3,1.5,348.35
13301,14-01-2031,1116,Clothing,North,2,434.25,34,Card,1,3.1,573.21
13302,15-01-2031,1481,Electronics,West,3,588.65,32,COD,1,5,1200.85
13303,16-01-2031,1391,Electronics,South,4,485.67,31,COD,10,4.8,1340.45
13304,17-01-2031,1916,Clothing,South,6,518.11,11,COD,6,1.4,2766.71
13305,18-01-2031,1993,Home,East,5,225.39,26,Card,1,2,833.94
13306,19-01-2031,1963,Clothing,West,2,205.06,30,COD,5,4.8,287.08
13307,20-01-2031,1536,Electronics,North,4,317.47,24,COD,6,1.6,965.11
13308,21-01-2031,1078,Beauty,North,5,41.75,9,Card,9,4,189.96
13309,22-01-2031,1579,Home,West,7,568.03,33,Card,6,1,2664.06
13310,23-01-2031,1172,Clothing,West,2,99.11,16,Wallet,4,3.5,166.5
13311,24-01-2031,1955,Clothing,South,4,543.26,5,COD,1,3,2064.39
13312,25-01-2031,1011,Electronics,East,3,63.9,4,COD,6,2.9,184.03
13313,26-01-2031,1799,Clothing,East,5,496.24,23,Card,7,4.3,1910.52
13314,27-01-2031,1127,Clothing,East,5,103.9,15,Wallet,5,1.3,441.58
13315,28-01-2031,1607,Beauty,West,3,37.31,3,COD,6,2.5,108.57
13316,29-01-2031,1091,Clothing,East,7,435.9,26,Wallet,10,2.8,2257.96
13317,30-01-2031,1652,Clothing,South,1,178.96,28,Wallet,8,1.5,128.85
13318,31-01-2031,1542,Clothing,West,4,432.98,25,Wallet,1,1.3,1298.94
13319,01-02-2031,1845,Beauty,West,3,339.72,7,Wallet,8,1.7,947.82
13320,02-02-2031,1531,Home,East,5,78.65,24,Card,11,2,298.87
13321,03-02-2031,1657,Clothing,North,4,560.3,0,Wallet,2,4.9,2241.2
13322,04-02-2031,1988,Home,North,7,279.6,11,Card,2,2.9,1741.91
13323,05-02-2031,1827,Clothing,South,4,444.65,14,Wallet,8,3,1529.6
13324,06-02-2031,1446,Clothing,East,1,308.1,29,Card,2,3.8,218.75
13325,07-02-2031,1389,Electronics,East,5,368.55,14,COD,8,3.7,1584.76
13326,08-02-2031,1671,Clothing,West,2,192.12,0,Card,5,3,384.24
13327,09-02-2031,1860,Electronics,West,1,132.21,12,COD,9,2.4,116.34
13328,10-02-2031,1042,Beauty,East,1,332.4,17,Card,9,2.3,275.89
13329,11-02-2031,1253,Electronics,West,2,272.53,33,Card,8,1.2,365.19
13330,12-02-2031,1129,Beauty,East,2,243.22,33,Wallet,9,4.6,325.91
13331,13-02-2031,1059,Clothing,South,7,408.45,6,COD,7,4.1,2687.6
13332,14-02-2031,1662,Clothing,West,7,418.95,6,Card,8,3.5,2756.69
13333,15-02-2031,1466,Clothing,East,1,41.86,6,Card,6,2.6,39.35
13334,16-02-2031,1286,Electronics,West,4,213.17,28,Card,9,3.3,613.93
13335,17-02-2031,1516,Clothing,South,3,255.88,0,COD,2,2.9,767.64
13336,18-02-2031,1466,Electronics,West,3,71.68,4,Wallet,3,2.1,206.44
13337,19-02-2031,1929,Clothing,East,1,153,19,COD,2,2.2,123.93
13338,20-02-2031,1777,Clothing,West,4,45.21,9,Card,6,4.5,164.56
13339,21-02-2031,1344,Home,West,2,597.8,3,Card,3,3.5,1159.73
13340,22-02-2031,1641,Electronics,East,6,445.89,13,Wallet,11,1,2327.55
13341,23-02-2031,1381,Electronics,North,1,66.16,10,Card,1,2.3,59.54
13342,24-02-2031,1778,Clothing,West,5,26.85,18,COD,4,2.4,110.08
13343,25-02-2031,1689,Beauty,West,4,435.78,34,Card,5,3.8,1150.46
13344,26-02-2031,1252,Home,South,5,271.93,4,COD,11,3.8,1305.26
13345,27-02-2031,1926,Clothing,North,5,475.28,13,Wallet,4,2.9,2067.47
13346,28-02-2031,1055,Clothing,South,1,555.23,33,Card,6,4.8,372
13347,01-03-2031,1462,Electronics,East,4,365.59,31,COD,3,4.5,1009.03
13348,02-03-2031,1456,Beauty,East,5,124.46,14,COD,10,4.5,535.18
13349,03-03-2031,1982,Home,South,7,472.58,24,Card,6,2.4,2514.13
13350,04-03-2031,1082,Electronics,West,7,574.15,3,Card,10,2.7,3898.48
13351,05-03-2031,1904,Clothing,North,4,354.44,25,COD,1,2.7,1063.32
13352,06-03-2031,1098,Electronics,South,3,413.97,34,Card,6,2.8,819.66
13353,07-03-2031,1148,Beauty,South,6,212.42,19,Wallet,8,4.6,1032.36
13354,08-03-2031,1328,Electronics,East,5,238.19,17,Card,10,2,988.49
13355,09-03-2031,1155,Clothing,West,5,444.77,7,Card,8,4.2,2068.18
13356,10-03-2031,1189,Electronics,North,4,557.75,22,Card,1,3.1,1740.18
13357,11-03-2031,1493,Home,South,7,382.96,21,Card,7,2,2117.77
13358,12-03-2031,1882,Home,North,6,477.06,23,COD,10,3.1,2204.02
13359,13-03-2031,1262,Home,North,3,115.41,1,Card,10,1.8,342.77
13360,14-03-2031,1079,Clothing,South,5,139,19,COD,4,1.4,562.95
13361,15-03-2031,1399,Beauty,North,1,326.24,21,Wallet,6,4.4,257.73
13362,16-03-2031,1763,Electronics,East,7,118.28,7,COD,6,3.8,770
13363,17-03-2031,1608,Electronics,West,4,386.47,7,Card,5,1.8,1437.67
13364,18-03-2031,1259,Electronics,West,4,185.62,10,Wallet,10,4.8,668.23
13365,19-03-2031,1771,Beauty,West,7,478.05,25,Card,9,1.1,2509.76
13366,20-03-2031,1614,Clothing,East,5,487.74,21,COD,11,2.3,1926.57
13367,21-03-2031,1551,Home,East,3,286.32,30,Card,10,1.1,601.27
13368,22-03-2031,1784,Home,East,5,120.77,10,Card,8,1.6,543.46
13369,23-03-2031,1100,Electronics,West,7,393.36,32,Wallet,6,1.7,1872.39
13370,24-03-2031,1358,Electronics,North,2,595.78,26,Card,4,4.2,881.75
13371,25-03-2031,1379,Electronics,East,5,379.22,14,COD,4,5,1630.65
13372,26-03-2031,1819,Clothing,South,6,35.93,3,Card,9,4.5,209.11
13373,27-03-2031,1220,Electronics,East,7,25.12,9,COD,4,3.5,160.01
13374,28-03-2031,1819,Electronics,South,6,202.41,33,COD,7,3.9,813.69
13375,29-03-2031,1419,Beauty,West,7,129.53,11,Card,6,3.1,806.97
13376,30-03-2031,1123,Beauty,South,2,490.63,12,COD,2,2.7,863.51
13377,31-03-2031,1421,Electronics,East,6,509.21,7,COD,5,3.8,2841.39
13378,01-04-2031,1230,Electronics,East,6,166.29,28,COD,3,4.9,718.37
13379,02-04-2031,1689,Electronics,North,1,205.5,10,COD,9,1.1,184.95
13380,03-04-2031,1062,Home,West,4,153.2,12,COD,10,2.3,539.26
13381,04-04-2031,1484,Home,South,6,546.4,15,Card,1,2.3,2786.64
13382,05-04-2031,1627,Electronics,West,4,309.05,15,COD,10,2.7,1050.77
13383,06-04-2031,1702,Electronics,East,7,398.84,14,COD,4,3.5,2401.02
13384,07-04-2031,1573,Home,North,3,258.06,18,Card,4,3.1,634.83
13385,08-04-2031,1767,Clothing,East,5,384.14,29,Wallet,9,1.1,1363.7
13386,09-04-2031,1482,Electronics,East,1,240.73,29,Card,1,2.6,170.92
13387,10-04-2031,1518,Clothing,East,7,213.71,28,Card,2,3.5,1077.1
13388,11-04-2031,1154,Electronics,South,2,386.17,4,Card,1,3,741.45
13389,12-04-2031,1091,Clothing,East,3,360.77,28,Card,1,4.5,779.26
13390,13-04-2031,1981,Home,West,1,186.71,4,Card,1,2.6,179.24
13391,14-04-2031,1525,Home,West,1,102.37,4,Wallet,3,1.1,98.28
13392,15-04-2031,1454,Clothing,North,7,230.62,33,Card,11,2.1,1081.61
13393,16-04-2031,1740,Beauty,West,2,257.89,29,COD,4,1.5,366.2
13394,17-04-2031,1597,Clothing,East,2,382.78,19,Card,10,2,620.1
13395,18-04-2031,1644,Home,East,4,550,31,COD,2,2.4,1518
13396,19-04-2031,1509,Clothing,West,5,36.17,35,Wallet,1,3.7,117.55
13397,20-04-2031,1182,Beauty,North,7,157.54,21,Card,5,2.3,871.2
13398,21-04-2031,1385,Beauty,North,3,128.32,21,Wallet,6,4.5,304.12
13399,22-04-2031,1573,Electronics,West,5,308.84,26,Wallet,2,2.2,1142.71
13400,23-04-2031,1730,Beauty,South,3,266.37,8,COD,3,1.5,735.18
13401,24-04-2031,1404,Home,South,1,441.49,6,Card,10,1.7,415
13402,25-04-2031,1245,Home,South,6,156.81,27,COD,3,4.7,686.83
13403,26-04-2031,1741,Electronics,South,6,362.78,12,Wallet,2,2.8,1915.48
13404,27-04-2031,1590,Home,West,7,532.06,5,Card,4,2.6,3538.2
13405,28-04-2031,1660,Beauty,North,2,547.75,11,COD,5,1.3,975
13406,29-04-2031,1649,Electronics,East,2,575.89,13,Card,8,3.9,1002.05
13407,30-04-2031,1470,Beauty,East,1,467.36,34,Card,6,3.8,308.46
13408,01-05-2031,1825,Electronics,West,1,545,24,Wallet,9,2.5,414.2
13409,02-05-2031,1887,Electronics,East,3,152.2,19,Card,3,3.8,369.85
13410,03-05-2031,1422,Clothing,South,1,130.58,34,Card,10,2.5,86.18
13411,04-05-2031,1900,Clothing,North,7,18.8,32,COD,9,1.3,89.49
13412,05-05-2031,1064,Clothing,West,3,428.5,18,Card,11,4,1054.11
13413,06-05-2031,1012,Electronics,North,5,563.42,32,Card,11,4.9,1915.63
13414,07-05-2031,1212,Beauty,West,2,124.36,14,COD,4,3.6,213.9
13415,08-05-2031,1985,Electronics,West,2,387.61,8,Card,8,2.1,713.2
13416,09-05-2031,1241,Electronics,West,6,451.68,8,Card,10,2.1,2493.27
13417,10-05-2031,1492,Electronics,West,6,557.65,23,Card,7,4.7,2576.34
13418,11-05-2031,1212,Clothing,North,7,393.41,18,COD,7,2.2,2258.17
13419,12-05-2031,1692,Beauty,East,2,582.62,23,Wallet,9,4.1,897.23
13420,13-05-2031,1337,Home,West,7,216.63,24,Wallet,10,3.6,1152.47
13421,14-05-2031,1996,Home,South,5,219.71,1,Card,2,3.4,1087.56
13422,15-05-2031,1172,Electronics,West,5,332.66,2,COD,5,1.7,1630.03
13423,16-05-2031,1671,Clothing,North,4,239.35,19,Wallet,3,1.1,775.49
13424,17-05-2031,1163,Clothing,West,3,15.83,7,Card,7,3,44.17
13425,18-05-2031,1464,Clothing,South,6,443.09,22,Wallet,3,5,2073.66
13426,19-05-2031,1994,Electronics,North,3,454.75,19,Wallet,5,1.8,1105.04
13427,20-05-2031,1496,Home,West,6,451.98,21,Card,5,3.1,2142.39
13428,21-05-2031,1699,Clothing,South,4,216.84,11,Card,2,3.7,771.95
13429,22-05-2031,1394,Home,North,2,320.54,22,Card,11,2.9,500.04
13430,23-05-2031,1702,Clothing,West,7,225.58,29,Card,1,3,1121.13
13431,24-05-2031,1916,Electronics,South,3,24.38,35,Wallet,6,3.6,47.54
13432,25-05-2031,1307,Clothing,North,6,344.03,29,Wallet,1,4.3,1465.57
13433,26-05-2031,1767,Electronics,West,3,87.4,20,Card,9,2.3,209.76
13434,27-05-2031,1182,Beauty,North,2,61.82,7,COD,10,4.6,114.99
13435,28-05-2031,1628,Clothing,South,7,456.97,24,COD,5,2.9,2431.08
13436,29-05-2031,1793,Electronics,West,1,20.56,33,Card,1,3.6,13.78
13437,30-05-2031,1509,Beauty,West,6,576.02,7,COD,8,1.4,3214.19
13438,31-05-2031,1707,Clothing,West,1,316.42,9,Wallet,1,3,287.94
13439,01-06-2031,1545,Electronics,South,4,590.06,5,Card,4,1.1,2242.23
13440,02-06-2031,1563,Clothing,East,7,48.93,26,Card,7,2.6,253.46
13441,03-06-2031,1623,Electronics,West,5,356.36,14,Card,4,1.2,1532.35
13442,04-06-2031,1763,Home,South,3,219.36,2,Card,5,4.6,644.92
13443,05-06-2031,1593,Home,North,6,508.44,31,Card,7,3.7,2104.94
13444,06-06-2031,1743,Beauty,North,3,226.32,20,Card,4,4.2,543.17
13445,07-06-2031,1226,Clothing,South,4,167.39,12,COD,5,2.9,589.21
13446,08-06-2031,1744,Clothing,East,4,516.67,12,COD,7,4.4,1818.68
13447,09-06-2031,1732,Home,South,3,234.17,10,Card,1,4.5,632.26
13448,10-06-2031,1435,Electronics,North,6,24.85,16,Card,3,2.4,125.24
13449,11-06-2031,1924,Clothing,North,7,243.32,12,Wallet,1,2.5,1498.85
13450,12-06-2031,1421,Clothing,West,2,397.9,19,Wallet,3,3,644.6
13451,13-06-2031,1553,Electronics,East,7,163.8,27,Card,11,1.2,837.02
13452,14-06-2031,1020,Clothing,South,2,267.71,24,Card,2,5,406.92
13453,15-06-2031,1553,Beauty,North,5,48.18,10,Wallet,5,2.4,216.81
13454,16-06-2031,1396,Beauty,North,7,359.03,19,Card,10,2.9,2035.7
13455,17-06-2031,1624,Electronics,North,3,457.43,29,Card,5,4,974.33
13456,18-06-2031,1104,Electronics,South,3,256.79,2,Card,10,2.2,754.96
13457,19-06-2031,1191,Electronics,South,6,260.84,3,Card,9,1.8,1518.09
13458,20-06-2031,1016,Beauty,East,3,66.65,19,Card,8,1.5,161.96
13459,21-06-2031,1119,Electronics,West,6,133.14,22,Card,3,3.1,623.1
13460,22-06-2031,1392,Home,West,3,105.49,7,COD,1,1,294.32
13461,23-06-2031,1424,Electronics,West,4,296.79,26,Wallet,5,3.8,878.5
13462,24-06-2031,1128,Clothing,North,1,324.61,23,Wallet,11,2.8,249.95
13463,25-06-2031,1129,Clothing,West,3,570.13,32,Card,3,3.1,1163.07
13464,26-06-2031,1571,Home,North,1,57.84,6,Card,5,2.1,54.37
13465,27-06-2031,1559,Electronics,East,2,365.92,26,COD,9,1.7,541.56
13466,28-06-2031,1028,Clothing,North,5,323,3,COD,11,3.8,1566.55
13467,29-06-2031,1096,Electronics,East,7,317,20,Card,1,1.8,1775.2
13468,30-06-2031,1009,Home,East,7,525.8,19,Card,1,4.1,2981.29
13469,01-07-2031,1241,Beauty,West,2,135.24,14,Card,9,1.8,232.61
13470,02-07-2031,1825,Electronics,West,3,38.85,30,Card,3,3.5,81.59
13471,03-07-2031,1955,Beauty,North,7,408.28,0,Card,10,3.6,2857.96
13472,04-07-2031,1231,Clothing,South,6,216.92,18,Wallet,5,3,1067.25
13473,05-07-2031,1788,Electronics,West,2,25.29,8,Card,9,5,46.53
13474,06-07-2031,1283,Clothing,West,4,162.05,26,Wallet,11,2.5,479.67
13475,07-07-2031,1714,Electronics,South,1,195.96,2,Wallet,5,4.5,192.04
13476,08-07-2031,1758,Home,South,6,375.85,29,Card,3,1.7,1601.12
13477,09-07-2031,1801,Home,West,7,115.96,29,COD,9,2.3,576.32
13478,10-07-2031,1775,Electronics,South,6,256.64,29,COD,7,1.6,1093.29
13479,11-07-2031,1954,Clothing,North,3,297.25,5,Card,7,3.4,847.16
13480,12-07-2031,1725,Home,East,4,283.65,22,Card,8,3.6,884.99
13481,13-07-2031,1199,Beauty,East,1,584.76,1,COD,11,2.8,578.91
13482,14-07-2031,1944,Clothing,West,4,41.62,30,COD,5,3.9,116.54
13483,15-07-2031,1078,Beauty,West,2,571.32,25,COD,2,4.5,856.98
13484,16-07-2031,1912,Clothing,North,3,355.43,19,COD,11,4.1,863.69
13485,17-07-2031,1955,Clothing,South,6,480.5,26,Card,9,2,2133.42
13486,18-07-2031,1854,Home,West,6,266.78,3,COD,3,2.3,1552.66
13487,19-07-2031,1855,Clothing,East,2,280.5,19,Card,11,2.5,454.41
13488,20-07-2031,1172,Clothing,North,6,529.41,10,COD,2,1.8,2858.81
13489,21-07-2031,1466,Clothing,North,5,539.12,34,Wallet,10,2.4,1779.1
13490,22-07-2031,1580,Home,South,3,154.63,30,COD,10,2,324.72
13491,23-07-2031,1415,Home,West,2,131.56,26,COD,5,5,194.71
13492,24-07-2031,1939,Clothing,West,3,305.3,33,COD,8,4.1,613.65
13493,25-07-2031,1448,Electronics,North,1,541.66,12,COD,3,4.4,476.66
13494,26-07-2031,1086,Clothing,East,3,203.58,32,COD,6,4.7,415.3
13495,27-07-2031,1100,Clothing,West,3,396.43,11,Card,9,3.7,1058.47
13496,28-07-2031,1007,Electronics,East,1,429.27,26,Wallet,2,1.7,317.66
13497,29-07-2031,1844,Home,North,2,470.52,26,Card,8,4,696.37
13498,30-07-2031,1199,Clothing,West,3,344.9,1,Card,10,1.1,1024.35
13499,31-07-2031,1504,Electronics,East,4,250.44,13,Card,7,1.5,871.53
13500,01-08-2031,1086,Electronics,North,3,580.7,1,Card,3,1.1,1724.68
13501,02-08-2031,1042,Electronics,East,2,372.63,35,COD,1,1.5,484.42
13502,03-08-2031,1384,Beauty,West,6,441.21,4,Card,6,4,2541.37
13503,04-08-2031,1620,Electronics,South,7,216.81,19,Wallet,2,4.5,1229.31
13504,05-08-2031,1434,Electronics,East,1,406.92,28,Card,3,2.1,292.98
13505,06-08-2031,1407,Clothing,South,6,165.81,7,Card,5,1.5,925.22
13506,07-08-2031,1482,Electronics,West,2,158.38,17,Card,11,2.1,262.91
13507,08-08-2031,1663,Electronics,South,5,433.11,21,COD,8,3.6,1710.78
13508,09-08-2031,1016,Electronics,North,7,320.02,6,Wallet,2,2.4,2105.73
13509,10-08-2031,1644,Clothing,South,6,414.72,27,COD,6,4.8,1816.47
13510,11-08-2031,1147,Clothing,East,3,172.62,10,Card,1,1.5,466.07
13511,12-08-2031,1276,Clothing,East,7,365.25,7,Wallet,7,5,2377.78
13512,13-08-2031,1231,Clothing,South,3,274.7,20,Card,4,1,659.28
13513,14-08-2031,1825,Beauty,North,1,364.22,14,COD,1,2.8,313.23
13514,15-08-2031,1926,Clothing,West,3,185.16,32,Card,9,2,377.73
13515,16-08-2031,1365,Electronics,South,7,433.54,31,Card,9,3.3,2094
13516,17-08-2031,1227,Electronics,East,4,486.47,17,Card,11,1.4,1615.08
13517,18-08-2031,1650,Clothing,East,4,167.05,13,Card,3,4.5,581.33
13518,19-08-2031,1435,Home,South,6,190.86,11,Wallet,6,1.5,1019.19
13519,20-08-2031,1398,Electronics,South,2,401.78,9,COD,7,3.3,731.24
13520,21-08-2031,1210,Home,South,1,421.92,19,Wallet,4,1.1,341.76
13521,22-08-2031,1390,Electronics,West,5,426.9,28,COD,6,2.2,1536.84
13522,23-08-2031,1498,Clothing,East,6,414.38,11,COD,9,1.6,2212.79
13523,24-08-2031,1539,Home,East,2,244.79,7,COD,10,4.9,455.31
13524,25-08-2031,1562,Electronics,East,1,245.99,17,Wallet,6,1,204.17
13525,26-08-2031,1490,Clothing,West,7,164.07,2,Card,7,2.4,1125.52
13526,27-08-2031,1441,Electronics,North,1,106.75,25,Card,6,2.2,80.06
13527,28-08-2031,1260,Home,East,7,420.16,18,COD,7,3.6,2411.72
13528,29-08-2031,1772,Electronics,East,6,69.52,17,Wallet,1,1.2,346.21
13529,30-08-2031,1349,Beauty,North,2,563.61,11,Wallet,6,4.2,1003.23
13530,31-08-2031,1351,Electronics,West,2,498.61,32,COD,9,2.9,678.11
13531,01-09-2031,1519,Beauty,North,3,516.64,3,Card,11,2.8,1503.42
13532,02-09-2031,1319,Clothing,North,5,545.4,30,Card,3,1.9,1908.9
13533,03-09-2031,1137,Home,North,4,254.03,13,Wallet,6,3,884.02
13534,04-09-2031,1549,Electronics,North,3,510.32,31,Card,4,2.5,1056.36
13535,05-09-2031,1622,Beauty,West,1,107.47,26,Card,7,2,79.53
13536,06-09-2031,1991,Electronics,West,5,27.66,4,Wallet,7,1.7,132.77
13537,07-09-2031,1367,Electronics,North,5,474.16,29,Card,9,3.9,1683.27
13538,08-09-2031,1219,Clothing,South,2,58.76,24,COD,4,1.6,89.32
13539,09-09-2031,1336,Electronics,South,5,593.29,1,COD,8,1.7,2936.79
13540,10-09-2031,1222,Electronics,South,6,409.76,5,Card,8,3.3,2335.63
13541,11-09-2031,1647,Beauty,South,5,455.77,22,Card,8,1.9,1777.5
13542,12-09-2031,1767,Beauty,East,1,158.8,23,Card,8,2.8,122.28
13543,13-09-2031,1359,Clothing,West,6,409.21,26,COD,6,3.2,1816.89
13544,14-09-2031,1920,Beauty,West,6,40.28,25,COD,8,2.1,181.26
13545,15-09-2031,1328,Clothing,North,3,505.13,23,Card,6,2.4,1166.85
13546,16-09-2031,1961,Electronics,East,5,114.23,27,Wallet,10,1.8,416.94
13547,17-09-2031,1462,Home,North,2,422.95,20,Card,2,2.8,676.72
13548,18-09-2031,1945,Home,North,7,146.32,9,Card,3,5,932.06
13549,19-09-2031,1962,Beauty,West,3,55.05,32,Card,6,2.5,112.3
13550,20-09-2031,1560,Electronics,East,2,296.67,1,Card,7,3.6,587.41
13551,21-09-2031,1803,Home,South,5,114.03,13,Wallet,4,3.5,496.03
13552,22-09-2031,1381,Electronics,West,3,441.72,26,Card,1,4.1,980.62
13553,23-09-2031,1835,Electronics,East,5,153.98,15,Card,4,3.8,654.42
13554,24-09-2031,1589,Electronics,East,1,215.35,1,Wallet,6,1,213.2
13555,25-09-2031,1616,Beauty,West,3,346.95,2,COD,8,2.2,1020.03
13556,26-09-2031,1168,Home,West,2,181.71,23,Card,4,4.5,279.83
13557,27-09-2031,1216,Home,North,1,236.12,34,Wallet,10,3.2,155.84
13558,28-09-2031,1377,Clothing,North,4,492.14,19,COD,1,1.4,1594.53
13559,29-09-2031,1118,Electronics,North,2,119.84,18,Card,5,2.1,196.54
13560,30-09-2031,1189,Electronics,South,7,63.09,11,COD,7,2.1,393.05
13561,01-10-2031,1766,Electronics,West,5,207.09,9,Wallet,6,4.5,942.26
13562,02-10-2031,1369,Clothing,East,2,263.26,1,COD,3,3.2,521.25
13563,03-10-2031,1777,Home,West,4,332.46,10,COD,7,3.4,1196.86
13564,04-10-2031,1148,Clothing,East,2,232.87,16,Wallet,4,2.5,391.22
13565,05-10-2031,1675,Electronics,South,1,477.1,7,COD,5,1.2,443.7
13566,06-10-2031,1651,Electronics,West,6,38,3,Card,11,1.3,221.16
13567,07-10-2031,1858,Electronics,East,2,267.58,25,Card,7,2.7,401.37
13568,08-10-2031,1487,Clothing,East,3,238.62,31,COD,2,1.7,493.94
13569,09-10-2031,1769,Beauty,North,7,393.83,33,Card,4,1.4,1847.06
13570,10-10-2031,1373,Clothing,South,4,580.27,22,Wallet,4,2,1810.44
13571,11-10-2031,1780,Home,West,2,313.57,2,Card,6,4,614.6
13572,12-10-2031,1692,Clothing,North,4,592.32,26,COD,11,1.3,1753.27
13573,13-10-2031,1159,Clothing,South,6,191.82,4,COD,7,2.8,1104.88
13574,14-10-2031,1350,Electronics,North,1,33.06,23,COD,4,4.3,25.46
13575,15-10-2031,1911,Beauty,West,3,111.91,27,Card,10,2.1,245.08
13576,16-10-2031,1287,Home,East,5,246.15,25,Card,1,2.2,923.06
13577,17-10-2031,1287,Electronics,West,2,200.06,33,COD,1,4.5,268.08
13578,18-10-2031,1891,Clothing,South,1,71.78,26,Wallet,5,3.6,53.12
13579,19-10-2031,1225,Clothing,West,4,268.11,24,COD,1,4.2,815.05
13580,20-10-2031,1522,Clothing,South,6,212.8,9,Card,3,2.2,1161.89
13581,21-10-2031,1521,Beauty,North,7,86.73,32,Card,9,5,412.83
13582,22-10-2031,1782,Clothing,South,4,188.23,6,Wallet,3,1.6,707.74
13583,23-10-2031,1272,Clothing,East,7,533.57,32,Wallet,3,4.8,2539.79
13584,24-10-2031,1935,Electronics,East,6,191.7,11,Card,9,4.6,1023.68
13585,25-10-2031,1401,Electronics,East,7,432.66,5,COD,5,3.2,2877.19
13586,26-10-2031,1182,Electronics,North,6,373.05,29,Card,8,3.3,1589.19
13587,27-10-2031,1968,Electronics,South,1,264.9,0,COD,10,4.1,264.9
13588,28-10-2031,1664,Home,North,2,154.83,29,Wallet,9,2.2,219.86
13589,29-10-2031,1487,Home,West,5,230.87,9,Card,6,3.1,1050.46
13590,30-10-2031,1826,Electronics,West,2,361.38,31,COD,7,4.6,498.7
13591,31-10-2031,1845,Home,West,3,220.19,24,Card,7,1.3,502.03
13592,01-11-2031,1123,Electronics,West,2,140.71,23,Card,7,4.6,216.69
13593,02-11-2031,1984,Electronics,East,6,83.13,13,COD,4,3.9,433.94
13594,03-11-2031,1625,Electronics,South,6,529.66,2,Card,2,4.1,3114.4
13595,04-11-2031,1789,Clothing,East,3,272.58,29,COD,2,1.3,580.6
13596,05-11-2031,1413,Electronics,South,4,380.75,6,Card,7,1.8,1431.62
13597,06-11-2031,1979,Clothing,South,6,301.89,13,COD,10,4.7,1575.87
13598,07-11-2031,1724,Clothing,North,3,525.45,21,Card,7,1.5,1245.32
13599,08-11-2031,1171,Beauty,West,6,334.96,17,COD,10,3.5,1668.1
13600,09-11-2031,1287,Electronics,South,5,296.26,7,COD,7,4.1,1377.61
13601,10-11-2031,1434,Electronics,West,6,555.89,5,Wallet,8,1.9,3168.57
13602,11-11-2031,1685,Electronics,West,1,436.02,4,Wallet,3,3.8,418.58
13603,12-11-2031,1112,Clothing,West,3,80.26,30,Card,11,1.3,168.55
13604,13-11-2031,1887,Electronics,East,7,118.96,1,Card,5,3,824.39
13605,14-11-2031,1916,Home,West,2,475.47,34,COD,6,2.3,627.62
13606,15-11-2031,1994,Clothing,South,3,503.97,7,COD,8,3.6,1406.08
13607,16-11-2031,1121,Clothing,East,4,333.94,4,Card,8,4.6,1282.33
13608,17-11-2031,1543,Clothing,West,6,339.36,20,Card,10,1.5,1628.93
13609,18-11-2031,1221,Electronics,North,3,384.68,3,COD,3,2.8,1119.42
13610,19-11-2031,1630,Electronics,West,5,271.88,21,Wallet,4,2.7,1073.93
13611,20-11-2031,1038,Electronics,West,3,412.92,30,Wallet,6,2.3,867.13
13612,21-11-2031,1496,Clothing,East,5,78.46,2,Card,4,2.9,384.45
13613,22-11-2031,1779,Electronics,South,6,577.35,28,Card,10,4.5,2494.15
13614,23-11-2031,1232,Electronics,West,2,453.84,14,Card,4,4.9,780.6
13615,24-11-2031,1942,Beauty,East,6,384.24,6,COD,5,1,2167.11
13616,25-11-2031,1529,Electronics,East,4,200.05,6,COD,10,4,752.19
13617,26-11-2031,1148,Home,South,1,109.16,32,COD,7,3.5,74.23
13618,27-11-2031,1396,Home,East,2,254.47,4,COD,2,5,488.58
13619,28-11-2031,1660,Electronics,South,2,402.02,30,Card,2,1.4,562.83
13620,29-11-2031,1637,Electronics,North,1,385.72,19,Card,10,4.2,312.43
13621,30-11-2031,1903,Electronics,West,3,238.85,1,Wallet,9,4.7,709.38
13622,01-12-2031,1301,Home,East,6,373.77,16,Card,4,4.6,1883.8
13623,02-12-2031,1359,Clothing,North,3,491.04,29,Card,5,3.2,1045.92
13624,03-12-2031,1237,Home,East,3,30.38,25,COD,3,2.3,68.36
13625,04-12-2031,1646,Beauty,East,6,278.61,17,COD,2,3.6,1387.48
13626,05-12-2031,1662,Home,North,4,458.75,30,Wallet,10,2.2,1284.5
13627,06-12-2031,1235,Electronics,East,2,334.49,4,Card,8,2.6,642.22
13628,07-12-2031,1735,Electronics,East,5,396.11,32,COD,4,2.8,1346.77
13629,08-12-2031,1202,Home,North,1,317.26,30,COD,1,2.2,222.08
13630,09-12-2031,1255,Electronics,East,2,595.25,25,Wallet,6,2.4,892.88
13631,10-12-2031,1597,Electronics,South,3,46.95,29,COD,6,1,100
13632,11-12-2031,1661,Home,East,1,302.26,19,Wallet,2,2.2,244.83
13633,12-12-2031,1234,Clothing,West,5,68.48,24,Card,2,2.9,260.22
13634,13-12-2031,1344,Beauty,East,2,108.47,20,COD,8,1.7,173.55
13635,14-12-2031,1533,Home,West,2,239.08,12,Card,11,4.2,420.78
13636,15-12-2031,1859,Electronics,West,4,105.99,20,Card,7,3.2,339.17
13637,16-12-2031,1796,Beauty,East,2,578.76,9,Card,2,4.2,1053.34
13638,17-12-2031,1780,Electronics,North,2,568.87,15,COD,10,1.5,967.08
13639,18-12-2031,1465,Electronics,South,5,211.62,10,Card,1,4.3,952.29
13640,19-12-2031,1769,Clothing,South,5,389.25,4,Wallet,11,4.8,1868.4
13641,20-12-2031,1540,Electronics,East,1,327.25,11,COD,8,2.4,291.25
13642,21-12-2031,1212,Clothing,North,3,492.12,30,Card,10,2.1,1033.45
13643,22-12-2031,1462,Electronics,North,5,382.06,13,COD,2,3.6,1661.96
13644,23-12-2031,1435,Clothing,South,1,15.15,26,Card,5,3.5,11.21
13645,24-12-2031,1282,Clothing,North,2,461.46,6,Card,6,1.4,867.54
13646,25-12-2031,1561,Home,East,1,451.91,15,COD,10,4.7,384.12
13647,26-12-2031,1606,Home,East,1,313.19,4,Wallet,1,2.9,300.66
13648,27-12-2031,1462,Electronics,North,1,543.21,5,COD,2,4.1,516.05
13649,28-12-2031,1406,Clothing,East,6,546.44,22,Wallet,10,2.4,2557.34
13650,29-12-2031,1087,Clothing,West,1,321.49,21,COD,4,2,253.98
13651,30-12-2031,1043,Electronics,South,5,370.67,7,Card,2,1.4,1723.62
13652,31-12-2031,1460,Home,East,7,597.97,17,COD,11,2.1,3474.21
13653,01-01-2032,1277,Home,North,7,189.81,30,COD,6,5,930.07
13654,02-01-2032,1682,Electronics,South,7,204.9,6,Card,4,3.6,1348.24
13655,03-01-2032,1420,Clothing,East,7,121.92,1,Wallet,11,4.2,844.91
13656,04-01-2032,1700,Electronics,South,6,539.08,23,COD,3,4.8,2490.55
13657,05-01-2032,1352,Clothing,North,3,450.53,2,Card,6,1.3,1324.56
13658,06-01-2032,1695,Electronics,West,1,76.8,34,Wallet,9,1.7,50.69
13659,07-01-2032,1514,Beauty,West,4,589.33,21,Card,8,4.7,1862.28
13660,08-01-2032,1702,Home,East,7,442.61,16,Wallet,2,3.3,2602.55
13661,09-01-2032,1629,Clothing,West,2,512.56,15,Card,3,3.5,871.35
13662,10-01-2032,1018,Clothing,East,7,43.17,20,COD,2,2.7,241.75
13663,11-01-2032,1022,Beauty,South,7,310.4,3,COD,10,4.3,2107.62
13664,12-01-2032,1412,Clothing,East,2,423.68,33,COD,7,3.1,567.73
13665,13-01-2032,1029,Electronics,East,6,332.62,22,Card,9,4.3,1556.66
13666,14-01-2032,1806,Clothing,East,2,404.99,6,Card,1,5,761.38
13667,15-01-2032,1107,Home,West,2,493.46,20,Card,11,3.6,789.54
13668,16-01-2032,1366,Clothing,East,6,233.99,5,Wallet,3,3.1,1333.74
13669,17-01-2032,1280,Home,North,2,511.47,1,Card,6,2.5,1012.71
13670,18-01-2032,1127,Beauty,East,1,110.31,22,COD,4,1.8,86.04
13671,19-01-2032,1228,Beauty,South,7,173.47,23,Wallet,10,3.6,935
13672,20-01-2032,1110,Beauty,North,3,40.36,20,Wallet,10,1.3,96.86
13673,21-01-2032,1135,Electronics,South,6,228.19,6,Card,1,4.8,1286.99
13674,22-01-2032,1361,Clothing,South,4,237.25,21,Wallet,9,3.6,749.71
13675,23-01-2032,1185,Home,South,6,486.08,2,Card,7,4.8,2858.15
13676,24-01-2032,1655,Home,North,5,397.08,21,COD,11,2.1,1568.47
13677,25-01-2032,1583,Clothing,North,4,270.48,19,COD,7,4.8,876.36
13678,26-01-2032,1128,Electronics,West,5,396.49,23,Card,1,3.4,1526.49
13679,27-01-2032,1875,Home,North,6,45.88,31,Card,9,4.2,189.94
13680,28-01-2032,1260,Home,East,5,120.46,30,COD,8,1.7,421.61
13681,29-01-2032,1514,Electronics,South,4,381.76,34,Card,11,3,1007.85
13682,30-01-2032,1448,Clothing,West,1,390.2,34,Wallet,10,3.3,257.53
13683,31-01-2032,1899,Electronics,North,6,467.87,27,Card,5,2.6,2049.27
13684,01-02-2032,1103,Electronics,South,6,250.75,33,Wallet,4,2,1008.01
13685,02-02-2032,1482,Electronics,North,2,437.69,30,COD,1,4.6,612.77
13686,03-02-2032,1223,Clothing,West,6,415.13,25,Wallet,9,1.3,1868.08
13687,04-02-2032,1831,Clothing,North,7,578.59,3,COD,8,1.6,3928.63
13688,05-02-2032,1873,Clothing,North,7,140.85,2,Wallet,2,2.3,966.23
13689,06-02-2032,1865,Home,South,6,337.73,29,Card,4,4.7,1438.73
13690,07-02-2032,1490,Home,East,1,367.03,17,COD,4,3.3,304.63
13691,08-02-2032,1472,Electronics,North,2,599.21,29,Card,7,2.5,850.88
13692,09-02-2032,1009,Electronics,West,3,132.69,11,Card,3,2.6,354.28
13693,10-02-2032,1404,Beauty,North,5,321.08,14,COD,8,4.4,1380.64
13694,11-02-2032,1895,Electronics,North,4,217.52,25,COD,11,1.1,652.56
13695,12-02-2032,1301,Beauty,East,3,322.65,32,Card,7,1,658.21
13696,13-02-2032,1230,Home,South,2,150.8,3,COD,10,1.2,292.55
13697,14-02-2032,1730,Clothing,West,7,42.85,30,COD,4,2.9,209.96
13698,15-02-2032,1922,Beauty,South,7,349.95,28,Card,9,3.3,1763.75
13699,16-02-2032,1065,Electronics,South,7,211.47,11,COD,6,3.5,1317.46
13700,17-02-2032,1936,Electronics,South,1,121.44,12,COD,3,3.9,106.87
13701,18-02-2032,1111,Clothing,North,7,204.5,2,Card,7,1.8,1402.87
13702,19-02-2032,1012,Clothing,East,4,43.83,1,COD,6,2,173.57
13703,20-02-2032,1392,Beauty,North,5,571.01,17,COD,8,2,2369.69
13704,21-02-2032,1499,Electronics,West,6,354.97,3,Wallet,5,1.6,2065.93
13705,22-02-2032,1931,Clothing,East,6,491.64,7,Card,6,2,2743.35
13706,23-02-2032,1597,Clothing,South,3,262.52,30,Wallet,1,3.5,551.29
13707,24-02-2032,1233,Home,East,5,543.44,20,Card,8,2.5,2173.76
13708,25-02-2032,1601,Electronics,West,2,297.74,22,Card,1,4.1,464.47
13709,26-02-2032,1313,Clothing,North,5,350.76,7,Card,3,3.1,1631.03
13710,27-02-2032,1565,Home,North,1,302.7,29,Wallet,2,1.8,214.92
13711,28-02-2032,1011,Electronics,South,3,443.97,30,COD,6,2.9,932.34
13712,29-02-2032,1208,Home,North,3,346.49,18,Card,8,3.4,852.37
13713,01-03-2032,1973,Clothing,North,1,173.89,32,Card,8,4.5,118.25
13714,02-03-2032,1013,Home,West,5,100.14,30,Card,7,4.3,350.49
13715,03-03-2032,1632,Home,East,7,369.58,26,Card,7,2.7,1914.42
13716,04-03-2032,1417,Electronics,North,1,301.17,26,COD,8,3.6,222.87
13717,05-03-2032,1436,Clothing,West,7,71.15,4,COD,5,2.2,478.13
13718,06-03-2032,1376,Beauty,West,4,246.44,9,Wallet,3,3.5,897.04
13719,07-03-2032,1019,Clothing,South,1,316.14,2,Wallet,2,4.7,309.82
13720,08-03-2032,1586,Beauty,West,7,498.73,0,COD,3,3.5,3491.11
13721,09-03-2032,1911,Clothing,South,5,59.52,6,Card,11,2.2,279.74
13722,10-03-2032,1754,Electronics,North,7,218.87,31,Card,11,3.6,1057.14
13723,11-03-2032,1734,Clothing,South,1,496.25,8,COD,3,4.6,456.55
13724,12-03-2032,1069,Beauty,West,2,394.33,34,COD,7,1.5,520.52
13725,13-03-2032,1823,Electronics,East,6,184.63,21,COD,1,2.9,875.15
13726,14-03-2032,1210,Beauty,East,1,509.52,8,Wallet,7,2.3,468.76
13727,15-03-2032,1100,Beauty,North,6,303.58,17,Wallet,6,2,1511.83
13728,16-03-2032,1697,Clothing,North,1,306.54,8,Card,11,2.6,282.02
13729,17-03-2032,1131,Electronics,East,5,586.3,34,Card,10,2.6,1934.79
13730,18-03-2032,1622,Home,South,4,569.06,30,Wallet,2,1.8,1593.37
13731,19-03-2032,1380,Electronics,North,4,224.74,1,Wallet,10,2.6,889.97
13732,20-03-2032,1131,Home,West,6,97.24,33,Card,1,3.5,390.9
13733,21-03-2032,1019,Clothing,North,5,205.52,25,COD,9,1.1,770.7
13734,22-03-2032,1905,Clothing,South,7,32.83,3,COD,2,5,222.92
13735,23-03-2032,1535,Home,North,5,27.15,23,COD,4,2.2,104.53
13736,24-03-2032,1226,Clothing,West,5,246.38,23,Card,9,3.5,948.56
13737,25-03-2032,1153,Clothing,West,2,565.5,8,Wallet,9,2.1,1040.52
13738,26-03-2032,1804,Clothing,West,3,524.74,27,COD,11,2.6,1149.18
13739,27-03-2032,1741,Clothing,South,1,314.19,3,Card,1,3.2,304.76
13740,28-03-2032,1468,Clothing,South,5,345.66,17,COD,2,3.4,1434.49
13741,29-03-2032,1821,Home,West,5,18.47,0,COD,2,4.1,92.35
13742,30-03-2032,1999,Clothing,West,5,141.07,34,Wallet,2,4.2,465.53
13743,31-03-2032,1870,Clothing,South,4,29.49,26,Card,8,3.1,87.29
13744,01-04-2032,1404,Home,South,5,456.41,6,Wallet,8,1.3,2145.13
13745,02-04-2032,1201,Electronics,South,1,100.2,12,Card,10,3.2,88.18
13746,03-04-2032,1037,Electronics,East,7,523.39,6,COD,8,2.9,3443.91
13747,04-04-2032,1941,Beauty,South,7,391.34,27,COD,4,1.9,1999.75
13748,05-04-2032,1771,Home,West,5,149.21,2,Card,8,1,731.13
13749,06-04-2032,1187,Clothing,East,1,107.27,29,COD,7,2.3,76.16
13750,07-04-2032,1056,Clothing,South,2,382.16,33,Wallet,8,2,512.09
13751,08-04-2032,1940,Electronics,West,7,541.99,24,COD,1,2.9,2883.39
13752,09-04-2032,1019,Clothing,North,3,435.24,7,COD,3,4,1214.32
13753,10-04-2032,1272,Clothing,East,4,218.9,13,Card,10,2.8,761.77
13754,11-04-2032,1118,Clothing,West,1,358.62,17,Card,6,4.8,297.65
13755,12-04-2032,1582,Clothing,North,7,196.8,21,Card,1,1.9,1088.3
13756,13-04-2032,1515,Electronics,West,7,599.5,23,Wallet,4,1.9,3231.3
13757,14-04-2032,1220,Electronics,South,6,453.07,19,COD,9,3.4,2201.92
13758,15-04-2032,1525,Beauty,South,2,374.41,12,Wallet,7,4.6,658.96
13759,16-04-2032,1514,Clothing,North,3,262.61,31,Card,1,3.7,543.6
13760,17-04-2032,1727,Clothing,South,3,376.62,3,COD,6,3.7,1095.96
13761,18-04-2032,1740,Electronics,West,3,214.85,16,Card,6,4.2,541.42
13762,19-04-2032,1335,Electronics,North,1,31.89,27,COD,2,3.7,23.28
13763,20-04-2032,1697,Home,West,2,246.13,2,Card,6,4,482.41
13764,21-04-2032,1054,Clothing,West,5,559.33,25,Card,10,4.5,2097.49
13765,22-04-2032,1499,Clothing,West,6,381.39,29,COD,2,1,1624.72
13766,23-04-2032,1899,Electronics,South,2,64.11,23,Card,8,4.5,98.73
13767,24-04-2032,1887,Home,South,2,532.72,0,COD,7,1.9,1065.44
13768,25-04-2032,1765,Electronics,West,7,172.29,6,COD,6,4.6,1133.67
13769,26-04-2032,1535,Electronics,East,2,157.61,12,COD,10,2.1,277.39
13770,27-04-2032,1161,Clothing,West,1,188.8,8,Wallet,6,2.8,173.7
13771,28-04-2032,1669,Electronics,West,6,352.66,34,Card,9,4.7,1396.53
13772,29-04-2032,1593,Electronics,North,1,333.64,23,COD,9,1.4,256.9
13773,30-04-2032,1914,Clothing,West,6,302.48,10,Wallet,10,4,1633.39
13774,01-05-2032,1158,Home,South,6,434.76,33,COD,10,2.6,1747.74
13775,02-05-2032,1187,Home,North,7,200.17,26,Card,2,1.1,1036.88
13776,03-05-2032,1059,Clothing,East,1,472.51,10,Wallet,3,4.8,425.26
13777,04-05-2032,1914,Electronics,North,6,117.56,13,Card,10,1.5,613.66
13778,05-05-2032,1816,Electronics,East,2,472.83,7,Card,7,4.1,879.46
13779,06-05-2032,1318,Beauty,North,1,403.33,34,Card,11,2.5,266.2
13780,07-05-2032,1877,Clothing,North,6,414.68,18,Card,10,4.2,2040.23
13781,08-05-2032,1210,Home,East,3,296.71,31,Card,9,4,614.19
13782,09-05-2032,1405,Electronics,South,1,405.2,12,Card,6,3.5,356.58
13783,10-05-2032,1663,Clothing,South,7,61.68,30,Card,11,4.8,302.23
13784,11-05-2032,1108,Electronics,South,4,513.16,2,Card,1,1.4,2011.59
13785,12-05-2032,1075,Clothing,North,1,47.5,34,Card,11,4.2,31.35
13786,13-05-2032,1541,Beauty,West,1,102.01,32,COD,7,3.7,69.37
13787,14-05-2032,1313,Beauty,North,1,352.42,13,Card,11,2.3,306.61
13788,15-05-2032,1997,Clothing,West,6,447.56,27,Card,1,3.2,1960.31
13789,16-05-2032,1116,Clothing,West,1,59.61,26,Card,5,3.6,44.11
13790,17-05-2032,1926,Beauty,South,4,553.65,32,Card,9,3.9,1505.93
13791,18-05-2032,1867,Home,West,5,584.56,11,Card,10,1.7,2601.29
13792,19-05-2032,1703,Electronics,North,1,369.48,16,Card,11,1.4,310.36
13793,20-05-2032,1018,Clothing,North,3,296.53,30,COD,10,1.4,622.71
13794,21-05-2032,1431,Electronics,South,4,448.72,27,COD,9,2.2,1310.26
13795,22-05-2032,1684,Clothing,East,5,207.09,14,Wallet,1,1.6,890.49
13796,23-05-2032,1739,Clothing,North,6,303.56,30,COD,6,3.1,1274.95
13797,24-05-2032,1349,Clothing,West,1,550.95,2,COD,3,2.7,539.93
13798,25-05-2032,1182,Clothing,North,5,574.06,27,Card,9,4.6,2095.32
13799,26-05-2032,1112,Electronics,North,3,557.34,7,COD,3,3.9,1554.98
13800,27-05-2032,1182,Clothing,North,4,168.53,10,Card,2,1.8,606.71
13801,28-05-2032,1480,Home,East,4,150.99,17,COD,8,1.2,501.29
13802,29-05-2032,1145,Home,West,6,189.13,16,Card,3,3.8,953.22
13803,30-05-2032,1830,Electronics,South,6,273.17,18,COD,5,4.4,1344
13804,31-05-2032,1627,Beauty,North,6,198.79,19,Wallet,6,3.8,966.12
13805,01-06-2032,1112,Beauty,West,5,233.91,12,Wallet,10,3.6,1029.2
13806,02-06-2032,1762,Electronics,West,1,378.07,6,Card,10,2,355.39
13807,03-06-2032,1475,Electronics,South,2,461.08,27,Card,1,3,673.18
13808,04-06-2032,1762,Home,North,4,445.3,14,Wallet,7,3.9,1531.83
13809,05-06-2032,1302,Home,East,2,491.44,18,COD,11,1.8,805.96
13810,06-06-2032,1970,Beauty,West,7,33.83,23,COD,7,2.9,182.34
13811,07-06-2032,1824,Beauty,South,4,42.92,32,COD,5,1.5,116.74
13812,08-06-2032,1117,Clothing,East,6,476.79,25,COD,9,3.1,2145.56
13813,09-06-2032,1812,Clothing,West,1,326.85,2,Wallet,11,3.3,320.31
13814,10-06-2032,1160,Electronics,North,1,353.21,29,COD,2,3.1,250.78
13815,11-06-2032,1400,Electronics,West,4,45.76,35,COD,5,2.9,118.98
13816,12-06-2032,1197,Clothing,East,5,164.36,17,COD,2,3.3,682.09
13817,13-06-2032,1259,Clothing,East,7,388.44,34,Wallet,2,5,1794.59
13818,14-06-2032,1659,Clothing,North,6,517.62,19,COD,11,3.5,2515.63
13819,15-06-2032,1751,Home,North,1,551.44,16,COD,9,4,463.21
13820,16-06-2032,1046,Electronics,South,7,307.75,12,Wallet,7,1.8,1895.74
13821,17-06-2032,1986,Clothing,North,7,334.1,23,COD,4,3.1,1800.8
13822,18-06-2032,1398,Electronics,South,1,502.33,8,Card,11,1,462.14
13823,19-06-2032,1709,Clothing,East,3,329.51,4,COD,8,1.1,948.99
13824,20-06-2032,1558,Home,East,7,317.36,1,COD,11,2.3,2199.3
13825,21-06-2032,1077,Home,West,1,544.47,10,Card,11,2.9,490.02
13826,22-06-2032,1123,Beauty,West,3,477.11,14,COD,4,3.3,1230.94
13827,23-06-2032,1074,Electronics,South,1,546.81,19,COD,1,4.6,442.92
13828,24-06-2032,1870,Clothing,North,1,142.67,10,COD,10,4.1,128.4
13829,25-06-2032,1136,Electronics,North,7,321.76,34,COD,3,2.2,1486.53
13830,26-06-2032,1601,Clothing,West,5,507.85,10,COD,10,4,2285.33
13831,27-06-2032,1399,Beauty,East,5,80.02,15,Wallet,1,3.2,340.08
13832,28-06-2032,1836,Home,South,6,479.88,4,Card,2,4.1,2764.11
13833,29-06-2032,1504,Beauty,East,1,122.04,9,Card,2,2.6,111.06
13834,30-06-2032,1499,Electronics,East,6,487.75,2,Card,7,1.4,2867.97
13835,01-07-2032,1572,Beauty,North,6,373.02,20,COD,4,3.5,1790.5
13836,02-07-2032,1137,Electronics,South,6,128.04,26,Card,10,3.2,568.5
13837,03-07-2032,1049,Beauty,East,6,291.91,7,Card,9,4.8,1628.86
13838,04-07-2032,1770,Electronics,West,4,413.91,13,COD,2,1.6,1440.41
13839,05-07-2032,1972,Electronics,West,7,385.8,1,Card,9,3.6,2673.59
13840,06-07-2032,1618,Clothing,North,7,264.94,29,COD,6,2.9,1316.75
13841,07-07-2032,1624,Beauty,West,4,541.13,27,COD,10,2.5,1580.1
13842,08-07-2032,1861,Electronics,West,1,318.77,2,COD,8,4.2,312.39
13843,09-07-2032,1253,Clothing,East,4,310.93,13,Card,7,4.2,1082.04
13844,10-07-2032,1629,Beauty,West,1,51.42,33,COD,11,3.9,34.45
13845,11-07-2032,1709,Clothing,West,5,554.44,14,Card,8,1.3,2384.09
13846,12-07-2032,1848,Electronics,East,7,118.61,18,Wallet,9,2.4,680.82
13847,13-07-2032,1876,Clothing,North,2,324.08,12,Wallet,8,1.2,570.38
13848,14-07-2032,1562,Clothing,North,3,485.09,21,Card,6,2.4,1149.66
13849,15-07-2032,1756,Beauty,South,7,141.04,34,Card,8,3.6,651.6
13850,16-07-2032,1914,Home,West,4,323.51,35,Card,8,3.1,841.13
13851,17-07-2032,1425,Clothing,East,4,155.8,27,Card,2,3.8,454.94
13852,18-07-2032,1546,Beauty,South,5,459.42,14,COD,2,3.2,1975.51
13853,19-07-2032,1301,Clothing,North,4,345.14,17,COD,11,3.2,1145.86
13854,20-07-2032,1921,Electronics,North,1,515.75,12,Card,1,3,453.86
13855,21-07-2032,1580,Electronics,East,1,538.32,34,COD,10,2.5,355.29
13856,22-07-2032,1348,Clothing,South,2,394.51,25,Wallet,2,2.8,591.76
13857,23-07-2032,1831,Electronics,South,2,439.35,16,COD,7,1.4,738.11
13858,24-07-2032,1932,Beauty,East,7,336.29,0,Card,11,4.3,2354.03
13859,25-07-2032,1979,Home,East,2,239.89,18,COD,3,4.6,393.42
13860,26-07-2032,1048,Electronics,South,1,394.15,34,COD,4,4.1,260.14
13861,27-07-2032,1916,Clothing,North,6,546.35,18,Wallet,4,3.3,2688.04
13862,28-07-2032,1073,Home,West,6,258.76,6,Card,4,3.3,1459.41
13863,29-07-2032,1703,Beauty,North,2,198.93,1,Card,2,2.9,393.88
13864,30-07-2032,1260,Beauty,East,2,242.24,12,COD,11,1.9,426.34
13865,31-07-2032,1355,Clothing,South,1,269.71,32,COD,6,2.5,183.4
13866,01-08-2032,1581,Home,South,5,58.03,35,COD,1,5,188.6
13867,02-08-2032,1601,Clothing,West,7,306.59,33,Card,5,1.6,1437.91
13868,03-08-2032,1259,Clothing,South,4,304.17,26,COD,2,3.2,900.34
13869,04-08-2032,1637,Electronics,West,7,359.24,20,Card,9,4.5,2011.74
13870,05-08-2032,1742,Electronics,North,3,227.25,21,Card,2,2.8,538.58
13871,06-08-2032,1294,Clothing,North,6,373.67,19,COD,6,3.4,1816.04
13872,07-08-2032,1930,Electronics,South,6,528.76,25,Card,4,4.3,2379.42
13873,08-08-2032,1640,Electronics,South,1,573.95,15,Card,6,3.2,487.86
13874,09-08-2032,1791,Home,East,7,356.41,23,COD,2,3.9,1921.05
13875,10-08-2032,1312,Electronics,East,1,39.92,4,COD,2,2.4,38.32
13876,11-08-2032,1611,Clothing,South,3,582,9,Card,7,3.9,1588.86
13877,12-08-2032,1837,Clothing,South,7,427.93,29,COD,3,1.2,2126.81
13878,13-08-2032,1808,Beauty,North,3,211.54,32,Card,3,1.6,431.54
13879,14-08-2032,1181,Clothing,South,2,101.09,19,Card,7,3.5,163.77
13880,15-08-2032,1685,Electronics,East,7,98.9,1,COD,8,2.8,685.38
13881,16-08-2032,1827,Clothing,North,3,113.13,32,Card,7,4.3,230.79
13882,17-08-2032,1363,Home,West,4,41.66,25,Wallet,3,2.4,124.98
13883,18-08-2032,1187,Beauty,East,4,542.76,14,Card,3,4.1,1867.09
13884,19-08-2032,1568,Clothing,East,6,331.35,21,COD,7,1.6,1570.6
13885,20-08-2032,1542,Electronics,North,4,424.48,15,Wallet,3,4.7,1443.23
13886,21-08-2032,1595,Beauty,West,7,499.44,16,Wallet,2,2.7,2936.71
13887,22-08-2032,1663,Electronics,East,4,478.05,31,Card,7,1.9,1319.42
13888,23-08-2032,1984,Clothing,South,4,531.32,6,Wallet,3,4.2,1997.76
13889,24-08-2032,1547,Clothing,East,2,580.84,4,Wallet,5,4.8,1115.21
13890,25-08-2032,1724,Electronics,North,6,271.86,0,Card,7,4.7,1631.16
13891,26-08-2032,1925,Electronics,North,1,570.95,11,COD,2,2,508.15
13892,27-08-2032,1407,Electronics,North,6,438.12,5,Card,8,3.7,2497.28
13893,28-08-2032,1875,Home,East,6,56.34,8,COD,2,3.2,311
13894,29-08-2032,1617,Beauty,West,6,413.84,0,COD,4,3.9,2483.04
13895,30-08-2032,1413,Electronics,South,3,416.73,8,Card,4,2.9,1150.17
13896,31-08-2032,1341,Home,North,1,544.93,12,COD,8,2.9,479.54
13897,01-09-2032,1219,Electronics,West,3,233.17,1,Card,11,4.5,692.51
13898,02-09-2032,1902,Clothing,South,2,357.17,21,Wallet,1,4.5,564.33
13899,03-09-2032,1162,Electronics,North,2,22.13,20,Card,9,4.2,35.41
13900,04-09-2032,1950,Beauty,South,5,209.26,3,COD,6,3.8,1014.91
13901,05-09-2032,1219,Home,South,5,51.41,21,Card,4,3.7,203.07
13902,06-09-2032,1269,Home,West,2,320.3,35,Card,6,1.2,416.39
13903,07-09-2032,1631,Home,South,2,493.21,33,COD,6,4,660.9
13904,08-09-2032,1905,Clothing,North,3,135.77,0,Card,9,3.6,407.31
13905,09-09-2032,1847,Beauty,West,2,323.55,28,COD,11,2.2,465.91
13906,10-09-2032,1399,Home,East,7,134.35,12,Wallet,4,4.3,827.6
13907,11-09-2032,1181,Beauty,East,1,85.6,2,Card,8,4.3,83.89
13908,12-09-2032,1990,Clothing,West,3,313.93,10,Wallet,1,4.7,847.61
13909,13-09-2032,1617,Electronics,East,2,61.3,11,Card,6,2.7,109.11
13910,14-09-2032,1728,Clothing,South,3,358.6,18,Card,5,3.2,882.16
13911,15-09-2032,1204,Electronics,North,3,33.33,23,Card,3,4.6,76.99
13912,16-09-2032,1581,Clothing,South,4,77.43,26,Wallet,4,2.3,229.19
13913,17-09-2032,1555,Clothing,West,5,336.75,9,Card,8,4.2,1532.21
13914,18-09-2032,1840,Clothing,North,3,360.97,11,Wallet,11,5,963.79
13915,19-09-2032,1812,Electronics,West,6,31.96,11,Wallet,11,3.6,170.67
13916,20-09-2032,1227,Electronics,West,7,350.43,13,Card,10,4.9,2134.12
13917,21-09-2032,1695,Clothing,West,7,505.52,35,COD,11,3.1,2300.12
13918,22-09-2032,1618,Beauty,South,3,437.55,27,COD,2,1.6,958.23
13919,23-09-2032,1595,Clothing,North,6,91.74,34,Card,8,1.7,363.29
13920,24-09-2032,1849,Clothing,North,7,361.6,24,Card,7,3.9,1923.71
13921,25-09-2032,1249,Home,North,4,408.27,14,Card,1,1,1404.45
13922,26-09-2032,1874,Clothing,South,2,36.78,14,COD,2,3.6,63.26
13923,27-09-2032,1440,Electronics,East,3,515.38,17,COD,7,1.6,1283.3
13924,28-09-2032,1532,Clothing,South,4,545.17,15,Card,11,4.9,1853.58
13925,29-09-2032,1195,Electronics,South,1,512.51,29,Card,11,1.7,363.88
13926,30-09-2032,1689,Beauty,West,4,497.41,16,Wallet,3,3.2,1671.3
13927,01-10-2032,1928,Electronics,North,5,450.8,10,Card,2,3.7,2028.6
13928,02-10-2032,1986,Clothing,North,5,385.56,27,COD,1,4.3,1407.29
13929,03-10-2032,1518,Electronics,East,2,412,30,Card,7,2.8,576.8
13930,04-10-2032,1069,Electronics,East,6,486.74,15,Wallet,3,4.7,2482.37
13931,05-10-2032,1638,Home,West,2,402.56,23,Wallet,6,2.9,619.94
13932,06-10-2032,1398,Electronics,North,7,206.72,2,Card,10,2,1418.1
13933,07-10-2032,1977,Electronics,East,6,234.94,19,Card,8,3.4,1141.81
13934,08-10-2032,1671,Clothing,East,6,539.78,2,COD,6,3.6,3173.91
13935,09-10-2032,1759,Electronics,North,6,25.02,1,Card,7,3,148.62
13936,10-10-2032,1202,Electronics,South,6,423.81,21,Card,11,3.9,2008.86
13937,11-10-2032,1147,Home,East,5,573.54,11,COD,6,2.7,2552.25
13938,12-10-2032,1471,Home,North,7,428.14,26,Card,7,1,2217.77
13939,13-10-2032,1654,Beauty,East,5,596.44,31,Card,5,2.1,2057.72
13940,14-10-2032,1943,Beauty,West,3,417.21,5,COD,9,4.8,1189.05
13941,15-10-2032,1198,Home,East,7,35.1,25,COD,3,4.1,184.28
13942,16-10-2032,1916,Electronics,North,5,498.8,18,Card,6,1.8,2045.08
13943,17-10-2032,1425,Home,East,2,181.51,4,COD,9,1.3,348.5
13944,18-10-2032,1665,Home,West,5,275.94,23,COD,1,2.4,1062.37
13945,19-10-2032,1491,Home,West,7,197.57,21,COD,5,4.3,1092.56
13946,20-10-2032,1887,Clothing,East,7,172.1,18,Card,4,1.4,987.85
13947,21-10-2032,1895,Electronics,East,2,267.37,32,Card,9,3.2,363.62
13948,22-10-2032,1141,Home,West,1,236.57,18,Wallet,11,2.1,193.99
13949,23-10-2032,1312,Home,West,7,385.5,35,Wallet,11,3.9,1754.02
13950,24-10-2032,1164,Beauty,South,5,490.69,18,COD,1,1,2011.83
13951,25-10-2032,1313,Electronics,South,2,188.8,4,Card,4,2.1,362.5
13952,26-10-2032,1020,Electronics,West,6,140.03,16,COD,1,3.7,705.75
13953,27-10-2032,1081,Electronics,East,7,405.13,6,Wallet,3,3.2,2665.76
13954,28-10-2032,1580,Home,North,4,407.14,21,Card,4,4.1,1286.56
13955,29-10-2032,1130,Electronics,East,6,542.16,24,Card,1,1.6,2472.25
13956,30-10-2032,1598,Electronics,East,3,24.33,16,COD,5,3.1,61.31
13957,31-10-2032,1729,Beauty,South,7,514.03,3,Wallet,6,1.8,3490.26
13958,01-11-2032,1932,Electronics,South,2,319.79,16,Card,1,3.6,537.25
13959,02-11-2032,1983,Home,South,6,378.46,3,COD,10,1.5,2202.64
13960,03-11-2032,1304,Clothing,West,5,68.45,24,COD,11,1.6,260.11
13961,04-11-2032,1914,Home,West,5,268.08,28,COD,10,2.3,965.09
13962,05-11-2032,1370,Clothing,East,7,147.97,34,COD,4,2.6,683.62
13963,06-11-2032,1856,Beauty,East,1,163.72,5,COD,4,3,155.53
13964,07-11-2032,1852,Beauty,North,4,309.9,19,Card,1,3.3,1004.08
13965,08-11-2032,1383,Electronics,East,7,490.29,20,Card,2,2.9,2745.62
13966,09-11-2032,1907,Electronics,East,2,450.11,32,COD,11,1.2,612.15
13967,10-11-2032,1444,Electronics,South,6,360.73,22,Card,10,2.4,1688.22
13968,11-11-2032,1424,Home,South,4,330.56,5,COD,5,1.2,1256.13
13969,12-11-2032,1160,Beauty,South,1,264.97,15,COD,2,1.5,225.22
13970,13-11-2032,1177,Clothing,South,7,584.04,23,Card,3,1.4,3147.98
13971,14-11-2032,1628,Clothing,South,3,342.71,25,COD,9,1.6,771.1
13972,15-11-2032,1707,Electronics,North,4,163.57,30,COD,5,4.3,458
13973,16-11-2032,1894,Home,North,1,149.6,6,Card,1,3.5,140.62
13974,17-11-2032,1489,Beauty,North,7,372.64,33,COD,5,3,1747.68
13975,18-11-2032,1326,Electronics,South,7,320.85,2,Wallet,3,3.9,2201.03
13976,19-11-2032,1597,Clothing,West,2,19.5,34,Card,1,4.8,25.74
13977,20-11-2032,1288,Electronics,South,7,500.59,30,COD,3,2.7,2452.89
13978,21-11-2032,1592,Clothing,South,3,426.91,23,Card,11,2.5,986.16
13979,22-11-2032,1663,Clothing,North,7,402.17,26,Card,6,4.9,2083.24
13980,23-11-2032,1572,Electronics,South,5,55.24,3,Card,10,4.1,267.91
13981,24-11-2032,1572,Clothing,North,1,226.8,1,COD,5,4.1,224.53
13982,25-11-2032,1353,Electronics,South,5,562.2,4,Card,1,3.4,2698.56
13983,26-11-2032,1027,Clothing,East,7,519.61,3,Card,11,3,3528.15
13984,27-11-2032,1953,Clothing,West,3,182.04,19,COD,2,3.2,442.36
13985,28-11-2032,1042,Electronics,West,1,106.88,8,Card,5,3.6,98.33
13986,29-11-2032,1680,Home,North,1,277.72,30,Card,9,2.5,194.4
13987,30-11-2032,1422,Home,East,7,223.16,16,Card,11,4.1,1312.18
13988,01-12-2032,1597,Clothing,West,3,414.1,24,Card,5,4.6,944.15
13989,02-12-2032,1176,Electronics,North,2,580.36,23,COD,5,3.3,893.75
13990,03-12-2032,1528,Home,South,1,227.36,11,Card,1,2.5,202.35
13991,04-12-2032,1609,Beauty,South,3,51.4,9,Card,5,3.8,140.32
13992,05-12-2032,1965,Electronics,East,4,540.1,12,Wallet,8,1.7,1901.15
13993,06-12-2032,1493,Electronics,West,5,37.2,28,Wallet,9,4.9,133.92
13994,07-12-2032,1197,Electronics,South,1,572.37,21,Wallet,10,3.6,452.17
13995,08-12-2032,1609,Clothing,North,4,403.78,9,Wallet,3,1.3,1469.76
13996,09-12-2032,1576,Electronics,South,1,565.89,29,COD,4,3.1,401.78
13997,10-12-2032,1841,Clothing,South,2,131.8,2,COD,7,4,258.33
13998,11-12-2032,1852,Home,West,7,38.81,24,COD,7,2.1,206.47
13999,12-12-2032,1516,Clothing,West,3,300.6,15,COD,1,1.2,766.53
14000,13-12-2032,1513,Clothing,North,1,278.61,26,COD,11,3,206.17
14001,14-12-2032,1021,Clothing,East,3,208.92,32,Card,6,4.3,426.2
14002,15-12-2032,1111,Clothing,East,6,575.23,26,Wallet,9,2,2554.02
14003,16-12-2032,1056,Electronics,South,1,496.21,15,COD,5,3.9,421.78
14004,17-12-2032,1065,Electronics,North,2,402.03,5,Wallet,8,2.6,763.86
14005,18-12-2032,1841,Beauty,East,2,110.27,28,Card,11,1.2,158.79
14006,19-12-2032,1097,Electronics,East,7,444.58,16,Card,10,2.2,2614.13
14007,20-12-2032,1143,Home,South,7,440.3,3,Card,11,2.3,2989.64
14008,21-12-2032,1879,Beauty,North,4,263.66,25,COD,9,4.6,790.98
14009,22-12-2032,1434,Electronics,East,2,556,10,Card,10,4.9,1000.8
14010,23-12-2032,1636,Clothing,West,3,112.68,2,Card,10,1.8,331.28
14011,24-12-2032,1678,Clothing,West,6,171.39,32,Card,3,2.7,699.27
14012,25-12-2032,1085,Beauty,South,2,51.99,17,Card,1,4.9,86.3
14013,26-12-2032,1587,Beauty,South,1,480.34,10,COD,2,2.6,432.31
14014,27-12-2032,1343,Home,South,2,378.73,25,Wallet,5,2.4,568.1
14015,28-12-2032,1935,Electronics,South,6,199.24,31,Card,10,1.4,824.85
14016,29-12-2032,1293,Home,East,3,110.83,0,COD,7,4,332.49
14017,30-12-2032,1955,Clothing,North,1,38.49,24,Card,11,2.8,29.25
14018,31-12-2032,1570,Clothing,South,4,112.55,27,Card,6,3.6,328.65
14019,01-01-2033,1649,Electronics,South,4,280.17,7,COD,4,3,1042.23
14020,02-01-2033,1610,Electronics,East,4,159.6,17,COD,9,1.7,529.87
14021,03-01-2033,1703,Home,South,7,166.5,3,Wallet,11,1.7,1130.54
14022,04-01-2033,1242,Clothing,South,1,527.21,26,COD,4,4.8,390.14
14023,05-01-2033,1830,Electronics,North,4,316.36,30,Wallet,3,4.6,885.81
14024,06-01-2033,1560,Clothing,West,7,441.61,4,Card,11,3.4,2967.62
14025,07-01-2033,1959,Beauty,South,2,35.89,29,Card,5,1,50.96
14026,08-01-2033,1031,Home,East,1,228.62,27,Card,4,2.7,166.89
14027,09-01-2033,1390,Electronics,North,1,295.31,12,COD,2,3.1,259.87
14028,10-01-2033,1276,Electronics,East,1,124.05,24,Card,3,2.8,94.28
14029,11-01-2033,1531,Electronics,North,5,85.31,0,Card,7,4.7,426.55
14030,12-01-2033,1153,Beauty,North,7,524.13,33,COD,2,1.2,2458.17
14031,13-01-2033,1382,Clothing,South,3,564.57,19,Card,1,3.6,1371.91
14032,14-01-2033,1067,Clothing,South,5,61.1,22,Card,2,2.3,238.29
14033,15-01-2033,1877,Clothing,South,5,219.18,23,Card,8,3.2,843.84
14034,16-01-2033,1883,Clothing,West,5,575.6,20,Card,8,3.6,2302.4
14035,17-01-2033,1213,Home,West,3,63.65,30,COD,10,2.8,133.66
14036,18-01-2033,1654,Clothing,East,5,391.53,21,COD,2,1.6,1546.54
14037,19-01-2033,1375,Electronics,South,4,583.75,32,Card,6,3.1,1587.8
14038,20-01-2033,1743,Electronics,West,1,587.26,20,Card,11,4.7,469.81
14039,21-01-2033,1212,Clothing,South,1,290.67,6,Wallet,11,3.1,273.23
14040,22-01-2033,1078,Beauty,West,7,110.21,32,COD,11,1.5,524.6
14041,23-01-2033,1725,Electronics,West,2,133.22,24,COD,7,4.3,202.49
14042,24-01-2033,1627,Beauty,North,6,535.42,24,COD,1,1.9,2441.52
14043,25-01-2033,1603,Home,South,4,548.33,34,Card,7,2.5,1447.59
14044,26-01-2033,1781,Electronics,South,3,370.61,3,Wallet,11,2.7,1078.48
14045,27-01-2033,1922,Electronics,West,6,463.21,15,COD,8,2.4,2362.37
14046,28-01-2033,1380,Electronics,South,1,447.86,8,Card,9,2.6,412.03
14047,29-01-2033,1679,Home,West,5,402.17,22,Card,8,4.2,1568.46
14048,30-01-2033,1057,Electronics,South,7,498.96,28,Card,3,1.9,2514.76
14049,31-01-2033,1795,Clothing,North,7,415.96,34,Card,8,2.9,1921.74
14050,01-02-2033,1025,Clothing,South,2,327.39,16,Wallet,3,1.1,550.02
14051,02-02-2033,1880,Home,North,2,153.62,28,Wallet,6,3,221.21
14052,03-02-2033,1446,Electronics,East,1,450.17,32,Card,4,1.4,306.12
14053,04-02-2033,1065,Clothing,South,4,291.96,24,Card,7,2.1,887.56
14054,05-02-2033,1920,Clothing,South,7,187.45,8,COD,8,2.3,1207.18
14055,06-02-2033,1759,Clothing,South,6,484.14,21,Card,10,1.3,2294.82
14056,07-02-2033,1253,Home,North,2,422.58,34,COD,6,2.4,557.81
14057,08-02-2033,1898,Electronics,South,1,563.34,35,COD,10,3,366.17
14058,09-02-2033,1967,Home,South,4,111.78,22,COD,4,2.7,348.75
14059,10-02-2033,1043,Home,West,1,394.78,31,COD,8,2.1,272.4
14060,11-02-2033,1096,Clothing,East,1,157.88,7,COD,7,2.2,146.83
14061,12-02-2033,1553,Home,North,4,543.6,9,Wallet,10,3.5,1978.7
14062,13-02-2033,1226,Clothing,West,4,73.21,33,Card,8,3.9,196.2
14063,14-02-2033,1773,Electronics,North,4,398.85,5,Wallet,10,3.3,1515.63
14064,15-02-2033,1678,Home,West,1,477.79,7,Card,7,4.9,444.34
14065,16-02-2033,1435,Clothing,East,2,222.63,15,Card,3,4.8,378.47
14066,17-02-2033,1790,Clothing,West,3,573.17,21,Card,3,1.4,1358.41
14067,18-02-2033,1600,Electronics,North,3,512.68,21,COD,9,2,1215.05
14068,19-02-2033,1378,Beauty,South,1,187.35,10,Card,7,4.5,168.62
14069,20-02-2033,1177,Clothing,South,1,19.41,32,Wallet,1,1.1,13.2
14070,21-02-2033,1426,Electronics,East,2,188.54,32,COD,3,3.4,256.41
14071,22-02-2033,1914,Clothing,North,4,179.57,14,Card,11,4.8,617.72
14072,23-02-2033,1708,Home,North,1,535.63,15,COD,1,3.7,455.29
14073,24-02-2033,1306,Home,North,7,580.77,25,Wallet,6,1.4,3049.04
14074,25-02-2033,1778,Clothing,East,5,56.21,23,COD,2,4,216.41
14075,26-02-2033,1503,Beauty,South,4,290.71,13,Card,7,2.5,1011.67
14076,27-02-2033,1267,Electronics,West,7,335.77,14,Wallet,8,4.7,2021.34
14077,28-02-2033,1585,Clothing,East,1,69.35,12,COD,6,2.1,61.03
14078,01-03-2033,1007,Beauty,West,5,235.84,8,Card,5,2.9,1084.86
14079,02-03-2033,1919,Beauty,South,7,200.49,16,Card,10,4,1178.88
14080,03-03-2033,1507,Home,East,6,328.59,24,COD,4,2,1498.37
14081,04-03-2033,1475,Beauty,South,2,401.8,26,Wallet,9,1.7,594.66
14082,05-03-2033,1296,Electronics,West,5,426.54,27,Card,8,1,1556.87
14083,06-03-2033,1163,Beauty,North,1,95,13,Card,5,3,82.65
14084,07-03-2033,1484,Electronics,North,3,490.57,27,Wallet,1,4.7,1074.35
14085,08-03-2033,1596,Electronics,West,7,411.95,0,Card,8,2.1,2883.65
14086,09-03-2033,1071,Electronics,North,1,535.11,17,Wallet,8,1.2,444.14
14087,10-03-2033,1566,Clothing,West,3,277.86,28,Card,7,3.5,600.18
14088,11-03-2033,1904,Electronics,East,2,537.93,22,COD,7,1.2,839.17
14089,12-03-2033,1558,Electronics,East,2,521.48,17,Card,8,3,865.66
14090,13-03-2033,1910,Electronics,East,4,271.47,23,Wallet,1,2.5,836.13
14091,14-03-2033,1943,Electronics,North,7,237.97,32,COD,3,2.9,1132.74
14092,15-03-2033,1237,Clothing,South,4,560.7,20,Wallet,4,1.7,1794.24
14093,16-03-2033,1103,Clothing,North,3,433.37,28,COD,11,1.4,936.08
14094,17-03-2033,1209,Electronics,North,3,558.02,34,Card,6,4,1104.88
14095,18-03-2033,1553,Home,South,2,481.23,25,Card,10,2,721.84
14096,19-03-2033,1827,Beauty,South,5,371.44,20,COD,10,4.2,1485.76
14097,20-03-2033,1467,Home,South,3,82.77,1,COD,9,4,245.83
14098,21-03-2033,1453,Electronics,South,3,185.52,13,Wallet,4,1.8,484.21
14099,22-03-2033,1267,Home,North,7,581.77,20,Card,6,4.6,3257.91
14100,23-03-2033,1385,Electronics,West,5,201.86,28,COD,9,1.6,726.7
14101,24-03-2033,1774,Electronics,East,4,69.55,15,Wallet,9,4.2,236.47
14102,25-03-2033,1847,Electronics,West,4,428.92,34,Card,6,2.7,1132.35
14103,26-03-2033,1386,Home,North,3,444.39,10,Wallet,5,1.7,1199.85
14104,27-03-2033,1876,Electronics,South,7,181.99,26,Card,3,4.8,942.71
14105,28-03-2033,1258,Electronics,East,4,189.14,15,COD,5,4.9,643.08
14106,29-03-2033,1282,Electronics,East,4,289.3,17,Card,3,3,960.48
14107,30-03-2033,1625,Beauty,West,6,27.75,28,Card,5,2.9,119.88
14108,31-03-2033,1874,Clothing,North,7,476.75,10,Card,10,4.6,3003.52
14109,01-04-2033,1039,Electronics,North,4,200.5,3,Wallet,10,3.4,777.94
14110,02-04-2033,1485,Clothing,North,2,514.45,18,Wallet,1,2.1,843.7
14111,03-04-2033,1928,Clothing,East,1,484.54,19,Card,6,2.7,392.48
14112,04-04-2033,1219,Home,West,3,401.92,28,Wallet,7,4.3,868.15
14113,05-04-2033,1128,Electronics,East,3,205.05,34,COD,2,4.4,406
14114,06-04-2033,1519,Beauty,East,2,317.05,2,Wallet,3,4.8,621.42
14115,07-04-2033,1612,Electronics,South,1,275.23,21,Card,10,2.2,217.43
14116,08-04-2033,1927,Home,West,1,213.25,24,Card,9,3.7,162.07
14117,09-04-2033,1891,Electronics,South,2,511.16,35,COD,8,1.3,664.51
14118,10-04-2033,1687,Clothing,North,5,297.85,33,Card,4,3.9,997.8
14119,11-04-2033,1618,Clothing,East,5,502.14,25,COD,11,3.3,1883.02
14120,12-04-2033,1612,Clothing,West,1,76.55,18,Card,8,2,62.77
14121,13-04-2033,1259,Electronics,North,5,97.5,6,Card,11,3.6,458.25
14122,14-04-2033,1989,Home,West,5,586.73,13,Card,8,1.5,2552.28
14123,15-04-2033,1965,Electronics,East,5,358.84,20,Wallet,6,2.3,1435.36
14124,16-04-2033,1365,Home,West,1,313.22,25,Card,1,2.6,234.92
14125,17-04-2033,1757,Home,North,5,321.05,22,Card,2,4.1,1252.1
14126,18-04-2033,1786,Clothing,South,3,140.93,25,COD,4,2.2,317.09
14127,19-04-2033,1543,Home,East,6,435.44,15,COD,4,1.2,2220.74
14128,20-04-2033,1648,Home,South,1,64.6,25,COD,2,1.7,48.45
14129,21-04-2033,1523,Clothing,East,2,350.39,5,COD,9,3.4,665.74
14130,22-04-2033,1906,Home,North,5,348.9,6,Card,2,1.1,1639.83
14131,23-04-2033,1813,Electronics,East,4,549.8,6,Card,6,4.2,2067.25
14132,24-04-2033,1886,Clothing,South,1,322.82,31,COD,5,4.6,222.75
14133,25-04-2033,1015,Home,East,7,95.18,3,Wallet,4,3,646.27
14134,26-04-2033,1128,Clothing,North,2,350.06,28,COD,6,3.8,504.09
14135,27-04-2033,1574,Electronics,East,6,68.43,8,Card,4,2.9,377.73
14136,28-04-2033,1108,Clothing,South,3,134.22,16,Card,9,2.2,338.23
14137,29-04-2033,1886,Home,North,7,33.2,32,Card,11,1.7,158.03
14138,30-04-2033,1532,Beauty,South,2,315.28,21,COD,10,3.1,498.14
14139,01-05-2033,1669,Clothing,East,5,64.45,7,Card,7,4.7,299.69
14140,02-05-2033,1268,Home,West,4,289.6,10,Card,3,4.6,1042.56
14141,03-05-2033,1161,Beauty,South,5,560.77,32,Card,10,4.7,1906.62
14142,04-05-2033,1259,Electronics,East,2,436.06,15,COD,4,4.9,741.3
14143,05-05-2033,1923,Electronics,West,1,60.29,21,Card,1,1.7,47.63
14144,06-05-2033,1101,Home,West,7,146.16,16,COD,6,1.6,859.42
14145,07-05-2033,1505,Home,North,4,409.09,13,COD,2,2.7,1423.63
14146,08-05-2033,1734,Beauty,West,7,538.4,8,Card,4,3.8,3467.3
14147,09-05-2033,1570,Clothing,South,7,34.26,24,COD,5,2.8,182.26
14148,10-05-2033,1246,Electronics,South,4,490.28,25,Card,8,4.6,1470.84
14149,11-05-2033,1639,Clothing,West,2,343.66,10,Card,3,3.9,618.59
14150,12-05-2033,1794,Electronics,East,6,334.46,28,COD,6,3.5,1444.87
14151,13-05-2033,1836,Electronics,South,6,575.32,30,COD,1,1.3,2416.34
14152,14-05-2033,1536,Home,South,5,452.37,32,COD,9,1.7,1538.06
14153,15-05-2033,1130,Electronics,North,2,512.32,6,COD,1,2.7,963.16
14154,16-05-2033,1352,Home,East,4,222.09,11,Wallet,2,4.9,790.64
14155,17-05-2033,1195,Clothing,West,2,339.3,30,Card,1,2.3,475.02
14156,18-05-2033,1792,Clothing,East,4,375.01,7,COD,8,3.5,1395.04
14157,19-05-2033,1915,Electronics,North,7,203.13,0,COD,4,5,1421.91
14158,20-05-2033,1929,Electronics,North,5,348.6,30,Card,2,2.1,1220.1
14159,21-05-2033,1665,Electronics,East,1,153.44,11,Card,7,1.7,136.56
14160,22-05-2033,1381,Beauty,North,7,98.87,15,COD,8,3.2,588.28
14161,23-05-2033,1644,Home,North,1,233.77,16,Card,9,3.2,196.37
14162,24-05-2033,1226,Clothing,North,2,447.48,30,Card,5,4.7,626.47
14163,25-05-2033,1700,Electronics,East,4,550.97,12,COD,3,1.1,1939.41
14164,26-05-2033,1475,Beauty,North,1,282.76,31,Wallet,1,2.6,195.1
14165,27-05-2033,1476,Electronics,West,7,391.05,22,Wallet,8,2.2,2135.13
14166,28-05-2033,1264,Electronics,West,4,75.28,18,Card,6,3.3,246.92
14167,29-05-2033,1371,Clothing,South,5,544.11,11,COD,5,1,2421.29
14168,30-05-2033,1485,Beauty,West,7,347.63,9,Card,7,3.8,2214.4
14169,31-05-2033,1433,Electronics,South,2,471.5,22,Card,5,2.9,735.54
14170,01-06-2033,1645,Electronics,East,4,479.75,16,COD,11,3.8,1611.96
14171,02-06-2033,1210,Beauty,North,2,165.04,32,Card,4,2.8,224.45
14172,03-06-2033,1571,Electronics,West,4,324.57,17,Card,5,2.9,1077.57
14173,04-06-2033,1939,Electronics,South,7,576.88,18,Wallet,11,4.6,3311.29
14174,05-06-2033,1376,Clothing,East,6,67.44,15,Wallet,7,1.8,343.94
14175,06-06-2033,1394,Beauty,South,6,414.58,28,COD,11,1.9,1790.99
14176,07-06-2033,1449,Clothing,North,4,577.92,15,Wallet,6,3.2,1964.93
14177,08-06-2033,1942,Beauty,West,5,190.84,9,COD,10,3.6,868.32
14178,09-06-2033,1363,Home,East,2,518.95,30,Card,10,2.4,726.53
14179,10-06-2033,1875,Electronics,South,3,561.19,21,COD,11,3.1,1330.02
14180,11-06-2033,1456,Beauty,East,4,452.05,21,Card,9,1.9,1428.48
14181,12-06-2033,1724,Clothing,South,4,150.33,21,Card,10,1.5,475.04
14182,13-06-2033,1727,Electronics,South,6,210.39,25,Wallet,2,2,946.75
14183,14-06-2033,1225,Clothing,North,1,35.95,11,COD,7,4.7,32
14184,15-06-2033,1981,Electronics,North,7,501.4,1,Card,1,4.2,3474.7
14185,16-06-2033,1130,Electronics,South,6,512.02,28,Card,8,1.6,2211.93
14186,17-06-2033,1587,Electronics,West,2,385.14,5,Card,4,1.2,731.77
14187,18-06-2033,1475,Clothing,East,6,221.23,25,Wallet,8,1.4,995.53
14188,19-06-2033,1797,Home,East,3,59.93,3,COD,8,2.2,174.4
14189,20-06-2033,1985,Clothing,North,5,455.54,13,COD,4,4.2,1981.6
14190,21-06-2033,1276,Beauty,West,7,440.02,2,COD,4,2.3,3018.54
14191,22-06-2033,1155,Electronics,South,3,548.87,18,COD,5,1.7,1350.22
14192,23-06-2033,1759,Electronics,North,5,442.36,23,COD,7,2.6,1703.09
14193,24-06-2033,1217,Electronics,South,3,499.79,6,COD,6,1.5,1409.41
14194,25-06-2033,1189,Electronics,South,7,451.38,13,Wallet,1,2.9,2748.9
14195,26-06-2033,1416,Electronics,North,6,383.95,33,Wallet,6,3.7,1543.48
14196,27-06-2033,1980,Home,West,3,264.78,15,Wallet,3,2.5,675.19
14197,28-06-2033,1674,Beauty,East,6,542.74,28,COD,9,1.7,2344.64
14198,29-06-2033,1691,Beauty,North,7,395.82,32,Wallet,3,2.8,1884.1
14199,30-06-2033,1545,Electronics,West,6,248.04,34,Card,9,4,982.24
14200,01-07-2033,1040,Beauty,South,2,63.83,31,Wallet,5,1.3,88.09
14201,02-07-2033,1306,Electronics,North,6,185.06,11,Wallet,10,1.3,988.22
14202,03-07-2033,1942,Electronics,East,1,333.08,34,Wallet,8,2.3,219.83
14203,04-07-2033,1337,Beauty,East,3,176.25,28,Wallet,9,2.7,380.7
14204,05-07-2033,1313,Clothing,South,7,144.42,29,Card,9,1.9,717.77
14205,06-07-2033,1074,Electronics,North,4,323.53,1,Card,7,1.1,1281.18
14206,07-07-2033,1952,Clothing,East,4,114.34,33,Card,10,1.9,306.43
14207,08-07-2033,1278,Electronics,North,4,483.24,27,COD,1,2.7,1411.06
14208,09-07-2033,1175,Home,East,7,298.36,27,Card,8,1.3,1524.62
14209,10-07-2033,1895,Clothing,South,1,350.71,3,COD,7,3.9,340.19
14210,11-07-2033,1661,Beauty,South,6,101.22,8,COD,4,3.2,558.73
14211,12-07-2033,1272,Electronics,North,3,204.88,34,COD,6,2.7,405.66
14212,13-07-2033,1836,Clothing,West,5,254.9,18,Wallet,10,3.1,1045.09
14213,14-07-2033,1619,Clothing,West,5,487.8,14,COD,2,3.6,2097.54
14214,15-07-2033,1650,Clothing,South,7,465.54,29,COD,4,5,2313.73
14215,16-07-2033,1861,Electronics,East,2,145.44,3,COD,8,4.1,282.15
14216,17-07-2033,1782,Home,West,1,375.46,15,Wallet,4,3.2,319.14
14217,18-07-2033,1858,Beauty,South,3,157.42,13,Card,10,4.1,410.87
14218,19-07-2033,1930,Beauty,East,6,593.12,12,Card,4,2.9,3131.67
14219,20-07-2033,1288,Home,East,4,571.99,11,Wallet,4,2.2,2036.28
14220,21-07-2033,1723,Beauty,West,1,344.51,7,COD,10,2,320.39
14221,22-07-2033,1892,Clothing,South,1,423.86,6,COD,9,2.6,398.43
14222,23-07-2033,1271,Home,East,3,483.84,22,COD,11,1,1132.19
14223,24-07-2033,1929,Electronics,East,7,436.78,32,Card,2,1.7,2079.07
14224,25-07-2033,1065,Clothing,North,6,424.4,18,COD,7,1.5,2088.05
14225,26-07-2033,1482,Electronics,North,7,575.75,10,Card,3,4.8,3627.22
14226,27-07-2033,1935,Clothing,West,7,363.93,6,COD,4,1.3,2394.66
14227,28-07-2033,1247,Electronics,North,2,387.24,29,COD,1,3,549.88
14228,29-07-2033,1155,Beauty,South,7,511.82,34,COD,3,4.7,2364.61
14229,30-07-2033,1046,Electronics,West,6,406.89,12,COD,2,3.4,2148.38
14230,31-07-2033,1934,Electronics,West,2,443.77,10,Wallet,10,3,798.79
14231,01-08-2033,1453,Clothing,North,2,151.99,21,COD,7,4,240.14
14232,02-08-2033,1200,Electronics,East,4,232.19,27,Wallet,6,2.4,677.99
14233,03-08-2033,1659,Electronics,South,4,101.17,16,COD,1,1.8,339.93
14234,04-08-2033,1123,Electronics,South,3,310.87,22,COD,11,4.4,727.44
14235,05-08-2033,1000,Clothing,South,6,281.6,25,Card,8,1.2,1267.2
14236,06-08-2033,1967,Clothing,West,7,598.34,34,Card,9,4.2,2764.33
14237,07-08-2033,1758,Home,South,2,372.56,6,COD,1,1.4,700.41
14238,08-08-2033,1854,Home,East,3,475.07,35,Card,5,3.5,926.39
14239,09-08-2033,1639,Clothing,East,2,210.4,14,COD,7,2.9,361.89
14240,10-08-2033,1190,Electronics,North,1,501.45,25,COD,2,5,376.09
14241,11-08-2033,1578,Electronics,South,5,374.82,20,Wallet,6,2.6,1499.28
14242,12-08-2033,1515,Home,West,5,422.74,17,Wallet,8,4.8,1754.37
14243,13-08-2033,1441,Electronics,North,2,187.24,24,Card,8,2.6,284.6
14244,14-08-2033,1920,Electronics,East,3,335.95,14,Card,10,3.7,866.75
14245,15-08-2033,1814,Home,South,4,385.91,4,COD,10,3.6,1481.89
14246,16-08-2033,1805,Clothing,East,6,359.62,17,Card,8,1.3,1790.91
14247,17-08-2033,1142,Electronics,North,2,550.39,18,Card,6,4,902.64
14248,18-08-2033,1190,Electronics,East,2,540.49,7,Wallet,6,1.8,1005.31
14249,19-08-2033,1532,Beauty,South,6,583.03,33,Wallet,11,2.6,2343.78
14250,20-08-2033,1226,Beauty,South,7,405.45,8,COD,3,4.1,2611.1
14251,21-08-2033,1312,Home,North,4,583.57,14,COD,2,4.8,2007.48
14252,22-08-2033,1628,Clothing,South,2,502,5,Card,5,3.2,953.8
14253,23-08-2033,1948,Clothing,East,1,173.44,19,COD,9,3.1,140.49
14254,24-08-2033,1301,Beauty,East,4,265.05,11,COD,4,3,943.58
14255,25-08-2033,1653,Beauty,West,1,154.46,17,COD,5,4.3,128.2
14256,26-08-2033,1995,Electronics,West,5,17.46,8,Card,6,5,80.32
14257,27-08-2033,1459,Home,West,6,125.01,2,Wallet,11,3.5,735.06
14258,28-08-2033,1400,Electronics,East,4,17.38,27,COD,6,2.5,50.75
14259,29-08-2033,1550,Electronics,East,7,436.11,22,COD,4,1.9,2381.16
14260,30-08-2033,1392,Home,North,4,263.94,12,Wallet,4,1.8,929.07
14261,31-08-2033,1866,Clothing,West,3,197.86,2,Card,8,4.4,581.71
14262,01-09-2033,1763,Beauty,East,3,460.61,30,Card,5,5,967.28
14263,02-09-2033,1844,Electronics,North,6,502,6,Wallet,11,3.8,2831.28
14264,03-09-2033,1206,Clothing,East,7,585.55,33,Wallet,5,4.8,2746.23
14265,04-09-2033,1209,Beauty,North,4,390.58,17,COD,9,2.4,1296.73
14266,05-09-2033,1114,Beauty,West,5,284.99,12,Card,4,3.5,1253.96
14267,06-09-2033,1736,Electronics,West,7,193.58,26,COD,7,3,1002.74
14268,07-09-2033,1645,Clothing,West,2,145.06,31,Card,5,2.9,200.18
14269,08-09-2033,1250,Clothing,East,6,139.56,13,COD,9,3.5,728.5
14270,09-09-2033,1218,Electronics,East,7,254.38,14,Card,8,2.2,1531.37
14271,10-09-2033,1406,Beauty,North,6,595.2,15,Wallet,8,3.6,3035.52
14272,11-09-2033,1442,Beauty,South,7,15.5,32,COD,10,3.7,73.78
14273,12-09-2033,1602,Electronics,South,3,130.37,24,Wallet,10,4.3,297.24
14274,13-09-2033,1353,Electronics,West,5,125.21,9,Card,3,3.9,569.71
14275,14-09-2033,1887,Electronics,South,6,434.51,6,Card,9,2.3,2450.64
14276,15-09-2033,1557,Beauty,West,5,221.2,8,Wallet,8,2.8,1017.52
14277,16-09-2033,1549,Electronics,North,6,282.5,9,Card,3,1.5,1542.45
14278,17-09-2033,1141,Clothing,South,3,101.95,8,COD,10,2,281.38
14279,18-09-2033,1611,Clothing,South,2,251.92,23,Card,1,3.1,387.96
14280,19-09-2033,1500,Clothing,West,3,75.37,4,COD,5,1.4,217.07
14281,20-09-2033,1839,Electronics,North,6,326.83,14,Card,4,3.3,1686.44
14282,21-09-2033,1701,Electronics,South,5,72.29,22,Card,8,2.6,281.93
14283,22-09-2033,1546,Beauty,South,1,477.45,10,COD,6,1.1,429.7
14284,23-09-2033,1658,Beauty,South,3,346.46,2,Card,10,2.7,1018.59
14285,24-09-2033,1541,Home,North,5,438.52,3,Card,5,2.1,2126.82
14286,25-09-2033,1845,Electronics,North,7,259.83,4,COD,9,1.3,1746.06
14287,26-09-2033,1506,Electronics,South,7,238.17,29,COD,6,2.2,1183.7
14288,27-09-2033,1595,Clothing,West,3,72.45,23,Card,11,2.2,167.36
14289,28-09-2033,1880,Electronics,West,6,321.46,2,COD,11,2.4,1890.18
14290,29-09-2033,1280,Beauty,South,7,315.98,14,Wallet,11,2.5,1902.2
14291,30-09-2033,1423,Clothing,North,5,288.84,10,Card,11,2.7,1299.78
14292,01-10-2033,1855,Electronics,South,2,448.2,20,COD,3,1.4,717.12
14293,02-10-2033,1269,Beauty,North,5,502.02,18,COD,6,1,2058.28
14294,03-10-2033,1153,Beauty,South,7,454.21,17,Card,11,3.9,2638.96
14295,04-10-2033,1613,Electronics,North,7,99.16,11,Card,4,2.3,617.77
14296,05-10-2033,1726,Clothing,East,4,378.9,5,COD,5,3.5,1439.82
14297,06-10-2033,1661,Electronics,West,1,61.99,26,COD,6,2.2,45.87
14298,07-10-2033,1943,Clothing,East,6,421.35,31,Card,9,4.9,1744.39
14299,08-10-2033,1082,Electronics,West,5,238.38,33,Wallet,3,2.3,798.57
14300,09-10-2033,1621,Clothing,North,7,92.51,2,COD,1,3.4,634.62
14301,10-10-2033,1946,Beauty,East,6,519.3,26,Card,2,1.9,2305.69
14302,11-10-2033,1898,Clothing,West,3,374.19,25,COD,8,3.1,841.93
14303,12-10-2033,1425,Electronics,South,3,222.51,33,Wallet,4,3.3,447.25
14304,13-10-2033,1274,Clothing,North,5,32.98,9,Card,7,1.7,150.06
14305,14-10-2033,1712,Electronics,North,4,329.33,26,COD,2,1.5,974.82
14306,15-10-2033,1283,Beauty,South,7,555.09,2,COD,11,4.9,3807.92
14307,16-10-2033,1979,Clothing,South,5,363.88,22,Card,10,4.6,1419.13
14308,17-10-2033,1172,Electronics,West,2,583.42,12,Card,8,3.6,1026.82
14309,18-10-2033,1326,Electronics,North,4,94.82,27,Card,10,4.4,276.87
14310,19-10-2033,1717,Home,West,7,347.46,30,Card,9,1.4,1702.55
14311,20-10-2033,1062,Electronics,South,7,481.9,13,Card,7,3.9,2934.77
14312,21-10-2033,1072,Home,North,6,322.44,18,Wallet,10,2.1,1586.4
14313,22-10-2033,1762,Electronics,South,5,68.27,4,Wallet,11,3.2,327.7
14314,23-10-2033,1635,Electronics,West,7,355.99,15,Card,1,4.1,2118.14
14315,24-10-2033,1374,Clothing,West,6,372.87,13,Card,2,1.1,1946.38
14316,25-10-2033,1632,Beauty,West,7,441.29,6,Card,9,3.8,2903.69
14317,26-10-2033,1507,Beauty,North,1,460.31,31,Card,10,2.7,317.61
14318,27-10-2033,1786,Electronics,South,4,465.9,5,Card,7,2.8,1770.42
14319,28-10-2033,1942,Clothing,South,5,403.11,22,Card,11,4.6,1572.13
14320,29-10-2033,1397,Electronics,West,1,141.25,31,Wallet,3,4.4,97.46
14321,30-10-2033,1119,Clothing,West,5,251.48,32,Card,5,1.2,855.03
14322,31-10-2033,1933,Clothing,West,2,469.04,28,COD,1,3.5,675.42
14323,01-11-2033,1436,Beauty,West,3,572.75,6,Card,10,2.7,1615.16
14324,02-11-2033,1828,Beauty,East,6,61.18,29,Card,3,1.5,260.63
14325,03-11-2033,1675,Clothing,East,5,328.29,10,Wallet,11,4.4,1477.3
14326,04-11-2033,1935,Clothing,East,4,197.83,32,Card,4,1.3,538.1
14327,05-11-2033,1464,Beauty,West,5,146.86,25,Wallet,4,1.1,550.72
14328,06-11-2033,1285,Home,West,5,310.9,27,Card,7,1.8,1134.79
14329,07-11-2033,1264,Electronics,South,5,369.56,3,COD,5,2.2,1792.37
14330,08-11-2033,1319,Electronics,North,7,20.72,20,Wallet,9,1.2,116.03
14331,09-11-2033,1672,Clothing,South,5,471.42,29,Card,7,3.6,1673.54
14332,10-11-2033,1375,Electronics,East,7,494.63,30,Card,2,2.7,2423.69
14333,11-11-2033,1819,Electronics,South,4,579.82,1,COD,11,2.6,2296.09
14334,12-11-2033,1088,Electronics,West,4,120.68,33,Card,11,1.6,323.42
14335,13-11-2033,1653,Clothing,East,5,362.81,2,COD,8,2.8,1777.77
14336,14-11-2033,1202,Electronics,East,7,264.58,22,Card,11,2.6,1444.61
14337,15-11-2033,1820,Electronics,North,3,210.87,24,Card,2,2.5,480.78
14338,16-11-2033,1738,Electronics,North,5,345.9,4,Card,7,1.9,1660.32
14339,17-11-2033,1954,Home,East,6,472.69,2,Wallet,5,1.4,2779.42
14340,18-11-2033,1333,Beauty,East,6,28.49,27,Card,10,2,124.79
14341,19-11-2033,1221,Clothing,South,4,582.1,13,Card,6,3.7,2025.71
14342,20-11-2033,1040,Clothing,East,6,488.78,4,COD,11,1.3,2815.37
14343,21-11-2033,1707,Beauty,West,6,454.42,27,Card,4,2.5,1990.36
14344,22-11-2033,1067,Electronics,South,2,459.83,30,Card,5,3.1,643.76
14345,23-11-2033,1987,Electronics,West,5,242.6,21,Card,5,4.9,958.27
14346,24-11-2033,1775,Electronics,West,5,454.7,6,COD,7,4.4,2137.09
14347,25-11-2033,1513,Electronics,West,5,241.26,1,COD,11,4.7,1194.24
14348,26-11-2033,1872,Clothing,East,5,540.74,25,Card,4,4.3,2027.78
14349,27-11-2033,1636,Beauty,North,1,118.68,19,Card,5,3.4,96.13
14350,28-11-2033,1621,Clothing,North,5,186.02,23,COD,4,4.4,716.18
14351,29-11-2033,1597,Clothing,West,7,337.53,28,COD,4,3.3,1701.15
14352,30-11-2033,1936,Beauty,East,4,201.74,15,Card,8,2.4,685.92
14353,01-12-2033,1631,Electronics,South,7,263.18,4,Card,11,2.5,1768.57
14354,02-12-2033,1126,Electronics,West,4,303.07,33,Card,5,3.3,812.23
14355,03-12-2033,1254,Clothing,South,1,515.97,19,COD,9,4.2,417.94
14356,04-12-2033,1694,Clothing,South,5,321.07,22,Wallet,5,1.5,1252.17
14357,05-12-2033,1015,Electronics,East,3,227.04,33,Card,8,1.2,456.35
14358,06-12-2033,1476,Clothing,East,7,159.93,33,Card,3,4.2,750.07
14359,07-12-2033,1061,Clothing,North,5,254.08,20,Card,7,3.6,1016.32
14360,08-12-2033,1880,Home,North,4,316.71,10,Card,1,4.3,1140.16
14361,09-12-2033,1431,Clothing,East,7,451.48,35,Card,5,4.9,2054.23
14362,10-12-2033,1669,Electronics,West,2,85.81,24,Wallet,2,2,130.43
14363,11-12-2033,1267,Electronics,North,6,144.64,14,Card,8,1.8,746.34
14364,12-12-2033,1034,Clothing,South,2,237.1,20,COD,6,2.4,379.36
14365,13-12-2033,1778,Electronics,West,3,225.83,15,Card,5,4.5,575.87
14366,14-12-2033,1575,Beauty,South,5,244.17,31,Wallet,3,1.1,842.39
14367,15-12-2033,1493,Clothing,East,1,479.21,17,COD,1,1,397.74
14368,16-12-2033,1561,Electronics,South,5,204.63,29,Card,10,1.9,726.44
14369,17-12-2033,1468,Home,West,3,308.61,29,Wallet,10,2.5,657.34
14370,18-12-2033,1766,Clothing,East,3,379.99,29,Card,10,2.2,809.38
14371,19-12-2033,1660,Electronics,West,6,150.82,25,COD,11,4.3,678.69
14372,20-12-2033,1324,Home,South,3,435.44,30,Wallet,10,3.8,914.42
14373,21-12-2033,1303,Beauty,West,2,335.06,14,Card,8,4.4,576.3
14374,22-12-2033,1275,Home,East,6,276.37,4,COD,11,2.5,1591.89
14375,23-12-2033,1868,Electronics,South,5,488.72,29,Wallet,5,3.4,1734.96
14376,24-12-2033,1962,Clothing,South,7,157.44,17,Wallet,9,3.1,914.73
14377,25-12-2033,1683,Home,North,5,531.66,4,COD,11,2.9,2551.97
14378,26-12-2033,1928,Electronics,North,1,343.21,4,Card,7,2.2,329.48
14379,27-12-2033,1200,Electronics,West,3,371.37,6,COD,1,3.8,1047.26
14380,28-12-2033,1444,Beauty,North,3,526.91,26,COD,11,3.1,1169.74
14381,29-12-2033,1904,Electronics,North,4,493.29,25,COD,1,1.3,1479.87
14382,30-12-2033,1323,Home,North,6,366.91,7,Wallet,7,1,2047.36
14383,31-12-2033,1034,Clothing,North,4,455.61,30,Card,11,1.1,1275.71
14384,01-01-2034,1976,Clothing,East,6,268.49,10,Card,7,1.3,1449.85
14385,02-01-2034,1481,Electronics,East,2,335.22,28,COD,9,2.5,482.72
14386,03-01-2034,1727,Home,North,6,51.31,17,Wallet,2,2.2,255.52
14387,04-01-2034,1479,Clothing,West,5,67.57,26,COD,7,1.6,250.01
14388,05-01-2034,1064,Clothing,East,1,500.21,13,Wallet,2,3.1,435.18
14389,06-01-2034,1007,Home,North,7,49.91,12,Wallet,10,4.9,307.45
14390,07-01-2034,1300,Home,East,6,114.1,29,Wallet,10,1.6,486.07
14391,08-01-2034,1342,Beauty,South,6,480.56,1,Wallet,2,2,2854.53
14392,09-01-2034,1430,Clothing,East,6,15.67,34,Wallet,5,2.8,62.05
14393,10-01-2034,1423,Clothing,East,1,180.21,23,Wallet,9,3.6,138.76
14394,11-01-2034,1331,Beauty,West,3,356.66,15,COD,9,3.4,909.48
14395,12-01-2034,1437,Clothing,East,1,363.34,22,Card,10,3.1,283.41
14396,13-01-2034,1587,Electronics,West,3,469.63,4,Card,1,3.9,1352.53
14397,14-01-2034,1173,Electronics,South,7,310.97,18,Card,11,4.4,1784.97
14398,15-01-2034,1558,Home,North,5,313,34,Card,7,5,1032.9
14399,16-01-2034,1526,Clothing,West,1,439.31,8,Card,10,2.9,404.17
14400,17-01-2034,1872,Home,East,3,306.7,25,Wallet,10,5,690.08
14401,18-01-2034,1658,Clothing,East,5,370.97,15,COD,3,3.9,1576.62
14402,19-01-2034,1025,Electronics,West,5,540.2,23,Card,10,3.6,2079.77
14403,20-01-2034,1819,Clothing,South,3,249.85,7,COD,10,3.6,697.08
14404,21-01-2034,1604,Electronics,North,3,240.3,16,COD,1,4.6,605.56
14405,22-01-2034,1405,Clothing,East,2,17.08,34,Card,2,4.8,22.55
14406,23-01-2034,1231,Clothing,South,5,373.85,7,Wallet,6,1.7,1738.4
14407,24-01-2034,1532,Clothing,North,3,32.42,22,Card,10,3,75.86
14408,25-01-2034,1818,Home,North,5,309.93,20,COD,2,4.8,1239.72
14409,26-01-2034,1549,Home,East,1,485.48,20,Card,2,2.5,388.38
14410,27-01-2034,1787,Home,West,7,336.7,22,COD,4,1.9,1838.38
14411,28-01-2034,1504,Electronics,East,4,172.74,18,Wallet,3,1.4,566.59
14412,29-01-2034,1668,Electronics,East,4,474.91,1,Card,8,3.4,1880.64
14413,30-01-2034,1178,Clothing,East,6,172.78,32,Wallet,8,3.8,704.94
14414,31-01-2034,1131,Beauty,South,3,443.82,29,Card,6,1.8,945.34
14415,01-02-2034,1822,Home,West,3,372,6,COD,4,3.7,1049.04
14416,02-02-2034,1454,Home,South,5,114.45,14,Wallet,7,4.6,492.14
14417,03-02-2034,1347,Electronics,East,6,544.5,27,Wallet,9,2,2384.91
14418,04-02-2034,1539,Clothing,West,3,132.38,34,Card,2,1.5,262.11
14419,05-02-2034,1771,Clothing,North,5,593.91,33,Card,6,4.3,1989.6
14420,06-02-2034,1405,Electronics,West,3,19.28,31,COD,7,4.7,39.91
14421,07-02-2034,1075,Electronics,East,5,169.14,6,Card,1,1.9,794.96
14422,08-02-2034,1940,Beauty,West,3,131.92,32,COD,6,3.9,269.12
14423,09-02-2034,1578,Electronics,North,2,23.19,31,COD,8,3.4,32
14424,10-02-2034,1853,Electronics,North,7,443.44,13,COD,7,2,2700.55
14425,11-02-2034,1491,Electronics,West,5,420.65,14,Card,2,4.3,1808.8
14426,12-02-2034,1193,Beauty,North,7,478.53,16,COD,2,2.9,2813.76
14427,13-02-2034,1983,Clothing,South,2,165.17,23,Wallet,4,3.8,254.36
14428,14-02-2034,1161,Home,West,2,274.94,9,COD,5,2.2,500.39
14429,15-02-2034,1346,Beauty,North,2,400.58,1,COD,5,4.3,793.15
14430,16-02-2034,1950,Electronics,North,2,272.26,5,Card,11,2.1,517.29
14431,17-02-2034,1360,Clothing,West,1,422.94,15,Card,2,2.5,359.5
14432,18-02-2034,1768,Electronics,South,7,385.87,10,Card,7,2.6,2430.98
14433,19-02-2034,1583,Electronics,West,6,82.07,27,COD,8,1.8,359.47
14434,20-02-2034,1086,Home,North,7,471.91,4,Card,2,4.5,3171.24
14435,21-02-2034,1933,Home,West,4,436.6,32,COD,4,1.5,1187.55
14436,22-02-2034,1261,Clothing,North,1,398.66,31,COD,11,3.3,275.08
14437,23-02-2034,1213,Clothing,East,3,105.73,32,COD,11,4.3,215.69
14438,24-02-2034,1664,Clothing,West,3,171.78,26,Card,3,3.3,381.35
14439,25-02-2034,1721,Electronics,West,6,245.01,4,COD,4,2.3,1411.26
14440,26-02-2034,1912,Electronics,North,4,178.76,15,COD,5,4.1,607.78
14441,27-02-2034,1572,Electronics,North,4,148.27,5,Card,6,3,563.43
14442,28-02-2034,1779,Electronics,North,4,486.13,35,Card,2,1.7,1263.94
14443,01-03-2034,1261,Home,North,2,388.37,12,COD,10,2.3,683.53
14444,02-03-2034,1729,Electronics,West,1,345.8,20,Card,6,3.4,276.64
14445,03-03-2034,1282,Electronics,North,3,147.18,27,Card,9,3.6,322.32
14446,04-03-2034,1647,Clothing,West,1,552.07,32,Card,11,3.2,375.41
14447,05-03-2034,1466,Beauty,South,1,126.84,26,Card,8,2.1,93.86
14448,06-03-2034,1379,Electronics,West,1,480.05,24,Wallet,1,3.4,364.84
14449,07-03-2034,1361,Electronics,North,4,580.5,16,COD,9,2.3,1950.48
14450,08-03-2034,1448,Clothing,North,6,440.35,21,COD,11,1.9,2087.26
14451,09-03-2034,1440,Home,South,6,595.82,3,Wallet,10,4.8,3467.67
14452,10-03-2034,1092,Clothing,West,4,395.86,31,COD,11,2.3,1092.57
14453,11-03-2034,1620,Home,South,3,142.21,19,COD,2,2.3,345.57
14454,12-03-2034,1752,Beauty,West,3,134.23,1,Card,11,4.6,398.66
14455,13-03-2034,1866,Home,North,3,204.87,32,COD,1,1.6,417.93
14456,14-03-2034,1423,Clothing,West,6,19.17,17,Card,6,3.3,95.47
14457,15-03-2034,1141,Clothing,North,6,413.79,30,Card,1,4.1,1737.92
14458,16-03-2034,1290,Electronics,North,1,172.17,30,Card,6,2.1,120.52
14459,17-03-2034,1431,Beauty,East,4,491.88,29,Card,2,4.4,1396.94
14460,18-03-2034,1748,Clothing,East,2,225.12,2,Card,11,4.1,441.24
14461,19-03-2034,1851,Electronics,West,1,295.77,9,Card,7,2.9,269.15
14462,20-03-2034,1823,Home,North,5,579.93,31,Wallet,7,1.5,2000.76
14463,21-03-2034,1688,Electronics,South,6,156.67,31,Card,4,4.9,648.61
14464,22-03-2034,1652,Clothing,North,1,436.93,16,Wallet,2,3.5,367.02
14465,23-03-2034,1700,Clothing,South,4,456.74,15,COD,11,3.1,1552.92
14466,24-03-2034,1997,Clothing,West,5,144.28,6,COD,7,4.5,678.12
14467,25-03-2034,1048,Home,West,7,308.08,34,Card,1,2.7,1423.33
14468,26-03-2034,1301,Electronics,South,1,219.87,7,Wallet,11,3.3,204.48
14469,27-03-2034,1880,Clothing,South,4,466.57,7,Card,11,4.4,1735.64
14470,28-03-2034,1189,Clothing,North,4,379.15,23,COD,2,2.6,1167.78
14471,29-03-2034,1135,Home,West,6,293.45,8,COD,2,4.1,1619.84
14472,30-03-2034,1554,Home,North,2,470.93,33,Card,1,2,631.05
14473,31-03-2034,1403,Clothing,South,1,152.57,0,Card,9,3.8,152.57
14474,01-04-2034,1891,Clothing,East,4,455.87,0,Card,6,3,1823.48
14475,02-04-2034,1864,Electronics,East,3,521.24,18,Wallet,3,1.7,1282.25
14476,03-04-2034,1601,Beauty,East,4,528.99,17,Wallet,6,1.5,1756.25
14477,04-04-2034,1806,Clothing,South,2,473.45,6,Wallet,7,2.8,890.09
14478,05-04-2034,1340,Home,North,4,253.69,17,Card,3,3.8,842.25
14479,06-04-2034,1756,Electronics,West,6,589.36,14,Card,4,3.4,3041.1
14480,07-04-2034,1944,Electronics,South,7,237.06,31,Card,10,4.4,1145
14481,08-04-2034,1703,Clothing,East,1,388.6,0,Wallet,1,2.6,388.6
14482,09-04-2034,1317,Beauty,North,6,109.23,34,Card,6,4.4,432.55
14483,10-04-2034,1617,Clothing,West,1,588.56,22,Card,6,1.1,459.08
14484,11-04-2034,1362,Beauty,West,5,426.83,5,Wallet,9,2.5,2027.44
14485,12-04-2034,1821,Clothing,South,1,455.73,2,COD,2,1.3,446.62
14486,13-04-2034,1381,Clothing,South,5,53.48,19,COD,5,4.7,216.59
14487,14-04-2034,1232,Electronics,West,6,461.6,8,Card,5,2.9,2548.03
14488,15-04-2034,1776,Home,West,3,468.21,11,COD,7,2.3,1250.12
14489,16-04-2034,1343,Electronics,East,2,407.99,9,Wallet,5,3,742.54
14490,17-04-2034,1548,Beauty,West,3,185.77,23,COD,10,3.1,429.13
14491,18-04-2034,1816,Beauty,South,5,301.47,19,Card,4,4.4,1220.95
14492,19-04-2034,1552,Beauty,North,4,79.6,3,Card,10,3.2,308.85
14493,20-04-2034,1528,Clothing,East,4,290.88,18,Card,2,2.7,954.09
14494,21-04-2034,1855,Home,East,3,157.64,28,COD,8,4.8,340.5
14495,22-04-2034,1788,Home,West,4,219.22,3,Card,5,4.9,850.57
14496,23-04-2034,1818,Electronics,North,5,110.12,31,COD,4,1.2,379.91
14497,24-04-2034,1570,Clothing,East,6,149.58,20,COD,9,3.8,717.98
14498,25-04-2034,1934,Electronics,South,2,59.79,33,COD,2,2.5,80.12
14499,26-04-2034,1182,Clothing,West,7,553.14,5,Card,3,3.7,3678.38
14500,27-04-2034,1040,Electronics,South,1,325.29,35,COD,8,3.5,211.44
14501,28-04-2034,1550,Electronics,West,5,247.09,23,COD,11,2.3,951.3
14502,29-04-2034,1396,Clothing,East,7,327.99,20,Card,4,4.9,1836.74
14503,30-04-2034,1703,Clothing,West,5,382.55,18,Wallet,9,2.4,1568.46
14504,01-05-2034,1778,Clothing,North,1,554.3,1,Card,10,3.5,548.76
14505,02-05-2034,1493,Electronics,South,1,119.54,33,COD,10,4.3,80.09
14506,03-05-2034,1658,Clothing,North,2,187.9,23,Card,10,1.6,289.37
14507,04-05-2034,1906,Electronics,South,2,585.84,3,COD,10,2.2,1136.53
14508,05-05-2034,1332,Clothing,South,2,232.15,1,COD,9,1.8,459.66
14509,06-05-2034,1126,Clothing,West,4,28.2,2,Card,10,4.1,110.54
14510,07-05-2034,1557,Clothing,East,5,101.37,21,COD,9,4.2,400.41
14511,08-05-2034,1556,Home,East,6,30.41,21,COD,1,2,144.14
14512,09-05-2034,1000,Electronics,North,1,594.11,17,COD,6,1,493.11
14513,10-05-2034,1167,Home,West,5,178.14,11,Card,10,2.7,792.72
14514,11-05-2034,1619,Clothing,East,7,555.27,19,Card,6,3.7,3148.38
14515,12-05-2034,1018,Clothing,South,5,597.59,18,COD,8,3.5,2450.12
14516,13-05-2034,1331,Clothing,South,2,365.91,1,Card,7,2.8,724.5
14517,14-05-2034,1583,Electronics,West,2,34.42,10,COD,7,2.2,61.96
14518,15-05-2034,1455,Home,North,5,62.73,2,Card,2,2.9,307.38
14519,16-05-2034,1956,Clothing,West,2,296.73,32,Card,11,1.1,403.55
14520,17-05-2034,1108,Electronics,North,4,252.61,25,Wallet,4,1.3,757.83
14521,18-05-2034,1267,Electronics,West,1,369.61,35,COD,1,1.7,240.25
14522,19-05-2034,1444,Electronics,South,7,271.73,11,COD,11,3.5,1692.88
14523,20-05-2034,1239,Beauty,West,5,561.43,31,Wallet,11,1.9,1936.93
14524,21-05-2034,1928,Home,East,1,327.82,21,COD,7,2.7,258.98
14525,22-05-2034,1300,Electronics,East,4,420.83,16,COD,4,3.5,1413.99
14526,23-05-2034,1601,Clothing,West,7,539.44,8,Wallet,9,4.3,3473.99
14527,24-05-2034,1102,Clothing,North,2,100.92,26,COD,6,3.2,149.36
14528,25-05-2034,1987,Home,North,3,149.39,32,COD,6,1.7,304.76
14529,26-05-2034,1249,Electronics,South,4,77.78,8,Card,9,4.8,286.23
14530,27-05-2034,1452,Electronics,South,3,96.69,6,Wallet,8,1.4,272.67
14531,28-05-2034,1519,Beauty,North,1,314.86,24,Card,6,2.5,239.29
14532,29-05-2034,1152,Electronics,West,5,202.89,34,Card,6,4.7,669.54
14533,30-05-2034,1858,Electronics,South,7,262.56,26,Card,6,3.4,1360.06
14534,31-05-2034,1173,Beauty,North,2,589.76,10,Card,4,3.7,1061.57
14535,01-06-2034,1342,Clothing,North,7,106.67,15,Card,5,2.2,634.69
14536,02-06-2034,1669,Electronics,West,4,331.38,13,Wallet,3,1.3,1153.2
14537,03-06-2034,1430,Electronics,East,2,72.84,30,COD,9,2.5,101.98
14538,04-06-2034,1726,Electronics,North,3,201.32,27,Card,11,2.6,440.89
14539,05-06-2034,1688,Electronics,South,3,323.6,21,COD,2,2.1,766.93
14540,06-06-2034,1686,Beauty,West,6,568.78,10,COD,11,1.9,3071.41
14541,07-06-2034,1851,Clothing,West,7,243.87,33,COD,7,2.4,1143.75
14542,08-06-2034,1849,Home,West,5,52.97,23,Card,1,3.6,203.93
14543,09-06-2034,1657,Beauty,East,3,242.07,34,Wallet,10,4.8,479.3
14544,10-06-2034,1961,Clothing,East,5,100.26,20,Card,7,3.8,401.04
14545,11-06-2034,1323,Electronics,South,6,149.54,29,Card,2,4.1,637.04
14546,12-06-2034,1989,Clothing,South,4,376.58,28,Card,5,2.2,1084.55
14547,13-06-2034,1672,Beauty,West,6,54.44,12,COD,1,1.4,287.44
14548,14-06-2034,1638,Home,South,5,286.86,34,COD,5,2.2,946.64
14549,15-06-2034,1419,Electronics,North,3,371.54,1,Card,11,2.6,1103.47
14550,16-06-2034,1593,Home,East,1,261.79,27,Card,4,3.8,191.11
14551,17-06-2034,1484,Clothing,West,5,26.19,34,COD,1,4.8,86.43
14552,18-06-2034,1658,Beauty,West,2,591.53,12,COD,1,4.2,1041.09
14553,19-06-2034,1750,Electronics,North,1,229.76,23,Card,7,2.1,176.92
14554,20-06-2034,1411,Clothing,North,7,470.47,20,Wallet,3,4.3,2634.63
14555,21-06-2034,1935,Beauty,North,5,205.5,27,Wallet,10,2.6,750.08
14556,22-06-2034,1083,Clothing,North,2,292.88,30,Card,9,1.7,410.03
14557,23-06-2034,1112,Clothing,West,7,242.25,21,COD,9,2.8,1339.64
14558,24-06-2034,1736,Electronics,East,6,215.39,29,Card,10,3.3,917.56
14559,25-06-2034,1331,Electronics,East,1,27.78,11,COD,11,4.1,24.72
14560,26-06-2034,1377,Electronics,North,5,225.61,8,Card,9,2.4,1037.81
14561,27-06-2034,1754,Beauty,South,4,535.35,15,Card,1,1.6,1820.19
14562,28-06-2034,1654,Electronics,West,6,418.88,24,COD,4,1.4,1910.09
14563,29-06-2034,1040,Clothing,East,2,100.07,7,Wallet,1,1.4,186.13
14564,30-06-2034,1934,Home,North,4,360.83,24,Card,1,4.8,1096.92
14565,01-07-2034,1769,Electronics,South,3,536.96,14,Card,9,4.8,1385.36
14566,02-07-2034,1958,Clothing,South,6,424.52,28,Card,5,4.9,1833.93
14567,03-07-2034,1796,Home,North,6,101.98,1,COD,1,2.2,605.76
14568,04-07-2034,1104,Beauty,West,5,522.68,23,COD,11,1.8,2012.32
14569,05-07-2034,1201,Clothing,East,5,191.4,23,COD,3,4.9,736.89
14570,06-07-2034,1449,Home,South,2,280.63,33,COD,7,5,376.04
14571,07-07-2034,1818,Electronics,East,6,322.79,25,COD,2,1.3,1452.56
14572,08-07-2034,1842,Beauty,East,5,512.55,28,COD,4,4,1845.18
14573,09-07-2034,1972,Electronics,South,3,559.99,32,COD,2,2.2,1142.38
14574,10-07-2034,1265,Home,North,7,558.85,24,COD,9,4.6,2973.08
14575,11-07-2034,1909,Electronics,South,7,19.65,10,Wallet,9,1.4,123.79
14576,12-07-2034,1209,Beauty,South,7,554.3,30,Card,7,4.6,2716.07
14577,13-07-2034,1562,Home,West,5,46.82,26,Card,7,1,173.23
14578,14-07-2034,1117,Home,East,6,170.48,15,Card,2,3.1,869.45
14579,15-07-2034,1712,Electronics,North,7,316.27,25,Wallet,10,2.3,1660.42
14580,16-07-2034,1376,Clothing,East,1,295.76,30,Card,8,2.7,207.03
14581,17-07-2034,1550,Clothing,South,4,368.76,34,Card,1,2.7,973.53
14582,18-07-2034,1539,Home,North,6,295.48,33,Wallet,8,3.6,1187.83
14583,19-07-2034,1770,Electronics,North,3,561.61,11,Wallet,5,1.1,1499.5
14584,20-07-2034,1083,Beauty,North,6,155.72,15,Wallet,4,3.8,794.17
14585,21-07-2034,1453,Beauty,North,3,175.3,4,Card,10,1.1,504.86
14586,22-07-2034,1666,Electronics,West,6,553.63,9,Wallet,2,1.7,3022.82
14587,23-07-2034,1628,Home,North,7,59.89,31,Card,3,3.4,289.27
14588,24-07-2034,1513,Clothing,South,4,371.59,13,Card,10,1.3,1293.13
14589,25-07-2034,1604,Clothing,West,4,413.82,22,Card,2,5,1291.12
14590,26-07-2034,1677,Electronics,South,3,310.74,23,COD,11,4.1,717.81
14591,27-07-2034,1386,Clothing,South,6,421.13,27,Card,4,3.8,1844.55
14592,28-07-2034,1911,Home,East,4,116.06,6,COD,3,2.1,436.39
14593,29-07-2034,1349,Clothing,North,2,513.79,11,Wallet,5,1.2,914.55
14594,30-07-2034,1295,Clothing,North,6,96.92,16,Card,7,4.9,488.48
14595,31-07-2034,1257,Home,South,4,249.48,13,Card,9,1.6,868.19
14596,01-08-2034,1080,Home,North,1,59.03,34,Card,5,4.3,38.96
14597,02-08-2034,1936,Electronics,West,1,333.95,29,Wallet,8,1.8,237.1
14598,03-08-2034,1267,Beauty,East,2,406.8,17,Card,2,2.5,675.29
14599,04-08-2034,1418,Clothing,North,4,565.61,31,Card,6,3.8,1561.08
14600,05-08-2034,1234,Electronics,North,1,447.51,12,Card,8,4.8,393.81
14601,06-08-2034,1832,Electronics,West,7,331.55,28,Wallet,9,1.1,1671.01
14602,07-08-2034,1310,Clothing,East,6,560.58,8,Card,11,2,3094.4
14603,08-08-2034,1812,Beauty,West,5,294.89,27,Card,4,4.1,1076.35
14604,09-08-2034,1974,Clothing,South,4,343.31,16,Card,4,1.7,1153.52
14605,10-08-2034,1985,Home,South,2,363.72,4,Wallet,7,1.4,698.34
14606,11-08-2034,1356,Electronics,North,4,254.84,10,Card,4,1.2,917.42
14607,12-08-2034,1212,Clothing,East,3,505.51,14,COD,5,3,1304.22
14608,13-08-2034,1573,Beauty,South,3,123.33,26,Card,2,4.1,273.79
14609,14-08-2034,1048,Home,West,1,339.58,3,Wallet,2,4.8,329.39
14610,15-08-2034,1126,Electronics,South,3,437.51,23,COD,11,2.1,1010.65
14611,16-08-2034,1222,Clothing,South,2,543.83,25,COD,10,1.5,815.75
14612,17-08-2034,1920,Electronics,West,1,532.09,23,Card,5,2.6,409.71
14613,18-08-2034,1278,Clothing,North,2,312.61,27,Card,10,1.2,456.41
14614,19-08-2034,1407,Home,East,6,391.25,6,Card,10,2.3,2206.65
14615,20-08-2034,1504,Home,North,2,245.63,21,COD,2,3.6,388.1
14616,21-08-2034,1293,Electronics,West,3,288.88,33,Wallet,6,1.7,580.65
14617,22-08-2034,1795,Beauty,South,6,545.17,21,Card,6,3.5,2584.11
14618,23-08-2034,1276,Clothing,East,3,559.46,21,Wallet,8,4.9,1325.92
14619,24-08-2034,1437,Clothing,North,2,538.82,26,Card,1,4.5,797.45
14620,25-08-2034,1106,Clothing,West,3,95.95,12,Wallet,7,2.4,253.31
14621,26-08-2034,1657,Clothing,South,3,512.3,25,Card,7,2.7,1152.68
14622,27-08-2034,1419,Clothing,South,3,569.79,32,Card,9,2.7,1162.37
14623,28-08-2034,1610,Clothing,North,4,226.33,0,COD,4,4.4,905.32
14624,29-08-2034,1428,Clothing,West,6,318.41,30,COD,7,5,1337.32
14625,30-08-2034,1374,Electronics,South,6,470.77,8,COD,6,4.3,2598.65
14626,31-08-2034,1072,Home,South,7,343.82,16,COD,4,3.2,2021.66
14627,01-09-2034,1948,Clothing,East,6,596.19,30,COD,10,1.4,2504
14628,02-09-2034,1997,Electronics,South,7,281.59,29,Card,8,4.8,1399.5
14629,03-09-2034,1633,Home,North,2,432.66,31,Card,3,4.4,597.07
14630,04-09-2034,1029,Beauty,West,7,478.67,33,Card,8,4.4,2244.96
14631,05-09-2034,1187,Beauty,West,7,304.05,16,COD,5,2.6,1787.81
14632,06-09-2034,1363,Clothing,East,5,516.34,23,COD,4,2.8,1987.91
14633,07-09-2034,1865,Electronics,West,2,334.5,14,COD,3,1.5,575.34
14634,08-09-2034,1799,Clothing,North,6,255.82,12,COD,10,4.8,1350.73
14635,09-09-2034,1450,Electronics,South,1,78.08,15,Card,7,4.8,66.37
14636,10-09-2034,1194,Beauty,East,3,245.15,26,COD,7,2,544.23
14637,11-09-2034,1155,Electronics,West,3,444.35,18,Card,6,3.8,1093.1
14638,12-09-2034,1171,Electronics,East,5,553.95,28,COD,3,1.8,1994.22
14639,13-09-2034,1846,Clothing,East,1,162.23,26,Card,9,2.6,120.05
14640,14-09-2034,1040,Clothing,West,4,222.81,1,COD,11,2.2,882.33
14641,15-09-2034,1062,Home,East,7,105.07,22,COD,2,2.6,573.68
14642,16-09-2034,1022,Clothing,West,2,419.07,15,Card,3,2.2,712.42
14643,17-09-2034,1359,Electronics,North,4,576.71,16,COD,1,2.4,1937.75
14644,18-09-2034,1074,Electronics,West,1,389.96,29,Card,7,4.2,276.87
14645,19-09-2034,1559,Clothing,South,5,375.99,19,Card,2,2.2,1522.76
14646,20-09-2034,1671,Electronics,West,1,338.79,31,COD,10,4.3,233.77
14647,21-09-2034,1824,Clothing,South,5,66.75,25,Wallet,8,3.3,250.31
14648,22-09-2034,1117,Clothing,East,4,441.76,19,Card,9,4.1,1431.3
14649,23-09-2034,1611,Home,West,4,367.2,26,Card,11,4.7,1086.91
14650,24-09-2034,1379,Beauty,South,1,401.96,1,COD,2,1.6,397.94
14651,25-09-2034,1928,Beauty,West,1,540.8,1,COD,6,2.4,535.39
14652,26-09-2034,1919,Beauty,West,7,473.62,3,Card,11,1.2,3215.88
14653,27-09-2034,1678,Electronics,West,3,471.84,15,Wallet,1,2.6,1203.19
14654,28-09-2034,1289,Electronics,North,5,557.4,8,COD,8,1.9,2564.04
14655,29-09-2034,1439,Electronics,South,3,594.11,34,Card,5,3.3,1176.34
14656,30-09-2034,1667,Beauty,North,2,355.05,19,Card,9,4.1,575.18
14657,01-10-2034,1932,Beauty,North,2,78.7,23,COD,3,2.9,121.2
14658,02-10-2034,1006,Beauty,South,1,283.59,10,COD,2,2.3,255.23
14659,03-10-2034,1195,Electronics,West,4,475.75,11,Card,7,1.6,1693.67
14660,04-10-2034,1420,Beauty,North,2,31.22,12,Wallet,11,1.1,54.95
14661,05-10-2034,1567,Clothing,North,2,48.28,24,Card,7,3.7,73.39
14662,06-10-2034,1832,Electronics,North,3,54.29,17,COD,10,1.1,135.18
14663,07-10-2034,1192,Clothing,West,3,442.66,18,Card,5,4.7,1088.94
14664,08-10-2034,1558,Electronics,North,7,308.18,21,Wallet,7,3.4,1704.24
14665,09-10-2034,1147,Clothing,East,7,230.81,27,COD,6,2.4,1179.44
14666,10-10-2034,1786,Electronics,South,2,76.79,3,Card,9,1.2,148.97
14667,11-10-2034,1668,Clothing,East,1,443.36,27,Wallet,3,2.7,323.65
14668,12-10-2034,1201,Clothing,West,3,202.8,20,Card,4,4.5,486.72
14669,13-10-2034,1443,Beauty,North,2,170.21,23,COD,9,4.9,262.12
14670,14-10-2034,1913,Home,South,4,396.61,11,Wallet,10,1.3,1411.93
14671,15-10-2034,1987,Clothing,North,3,342.02,14,COD,8,4.1,882.41
14672,16-10-2034,1418,Home,West,2,227.01,8,Wallet,10,2,417.7
14673,17-10-2034,1426,Beauty,South,7,390.27,34,Wallet,6,2.5,1803.05
14674,18-10-2034,1478,Electronics,East,5,173.66,17,Wallet,3,3.2,720.69
14675,19-10-2034,1474,Clothing,South,3,479.98,35,Card,9,5,935.96
14676,20-10-2034,1125,Electronics,North,5,149.15,17,Card,9,1.8,618.97
14677,21-10-2034,1394,Electronics,South,3,107.92,8,COD,11,1.5,297.86
14678,22-10-2034,1816,Home,West,3,472.73,18,COD,6,3.4,1162.92
14679,23-10-2034,1880,Beauty,West,7,429.12,1,COD,2,4.4,2973.8
14680,24-10-2034,1805,Electronics,South,6,121.84,32,Card,7,3.6,497.11
14681,25-10-2034,1575,Home,West,6,83,29,Wallet,9,2.4,353.58
14682,26-10-2034,1324,Beauty,West,5,505.46,25,Wallet,9,4.9,1895.48
14683,27-10-2034,1391,Beauty,West,1,469.31,21,Card,3,5,370.75
14684,28-10-2034,1929,Electronics,East,2,206.45,20,Card,2,4.1,330.32
14685,29-10-2034,1687,Beauty,North,1,400.05,35,Card,5,4.2,260.03
14686,30-10-2034,1627,Electronics,West,1,87.63,10,Card,11,4,78.87
14687,31-10-2034,1439,Clothing,South,6,311.62,27,COD,10,2,1364.9
14688,01-11-2034,1203,Electronics,West,2,25.96,20,Wallet,7,1.6,41.54
14689,02-11-2034,1485,Electronics,East,6,244.09,34,Card,3,3.2,966.6
14690,03-11-2034,1832,Home,South,6,58.78,29,COD,4,4.8,250.4
14691,04-11-2034,1030,Clothing,North,7,292.96,35,COD,10,4.5,1332.97
14692,05-11-2034,1387,Electronics,South,6,261.68,21,Card,2,1.4,1240.36
14693,06-11-2034,1624,Electronics,South,4,274.97,7,COD,11,1.2,1022.89
14694,07-11-2034,1876,Home,South,1,41.52,18,COD,10,4.5,34.05
14695,08-11-2034,1433,Electronics,South,7,226.55,25,Wallet,2,3.5,1189.39
14696,09-11-2034,1836,Home,West,7,457.54,27,COD,7,2.2,2338.03
14697,10-11-2034,1925,Electronics,North,1,230.81,0,COD,2,3.2,230.81
14698,11-11-2034,1375,Electronics,West,7,433.38,18,Card,1,1.9,2487.6
14699,12-11-2034,1343,Clothing,East,1,231.15,8,Card,4,4.8,212.66
14700,13-11-2034,1442,Clothing,East,4,262.6,31,Card,6,4.3,724.78
14701,14-11-2034,1578,Clothing,South,3,344.88,5,Card,10,4.8,982.91
14702,15-11-2034,1074,Electronics,West,7,571.15,23,Card,10,1.7,3078.5
14703,16-11-2034,1556,Beauty,West,5,78.68,9,Card,4,4.4,357.99
14704,17-11-2034,1771,Clothing,North,5,34.25,12,COD,1,3.2,150.7
14705,18-11-2034,1665,Electronics,North,4,370.65,33,COD,1,2.3,993.34
14706,19-11-2034,1154,Clothing,North,1,570.22,8,Card,9,2.9,524.6
14707,20-11-2034,1429,Beauty,West,5,593.99,3,Card,1,4.8,2880.85
14708,21-11-2034,1362,Electronics,North,4,298.24,2,COD,7,3.8,1169.1
14709,22-11-2034,1447,Electronics,North,6,288.83,18,Card,11,2.4,1421.04
14710,23-11-2034,1986,Home,North,2,392.3,22,Card,7,5,611.99
14711,24-11-2034,1233,Clothing,South,5,340.05,11,COD,1,2.4,1513.22
14712,25-11-2034,1562,Clothing,East,2,385.94,24,Card,1,4.3,586.63
14713,26-11-2034,1817,Electronics,East,1,526.29,2,Card,6,4.1,515.76
14714,27-11-2034,1261,Electronics,West,5,451.59,30,Card,8,3.9,1580.56
14715,28-11-2034,1826,Clothing,West,4,305.67,29,Card,7,3.7,868.1
14716,29-11-2034,1124,Electronics,South,3,285.19,34,Wallet,6,1.4,564.68
14717,30-11-2034,1910,Clothing,East,5,389.17,33,Card,10,5,1303.72
14718,01-12-2034,1244,Clothing,North,5,281.59,12,COD,3,1.6,1239
14719,02-12-2034,1541,Electronics,North,5,282.8,14,COD,11,3.4,1216.04
14720,03-12-2034,1937,Beauty,West,5,24.54,26,Card,7,2,90.8
14721,04-12-2034,1484,Home,East,4,116.83,5,Card,6,1.7,443.95
14722,05-12-2034,1121,Home,West,4,300.78,11,Wallet,8,3.2,1070.78
14723,06-12-2034,1124,Electronics,West,3,496.25,4,Wallet,4,4.3,1429.2
14724,07-12-2034,1548,Electronics,North,4,178.06,16,Card,9,2.5,598.28
14725,08-12-2034,1169,Clothing,North,4,320.75,19,Card,1,1.3,1039.23
14726,09-12-2034,1123,Electronics,East,1,216.8,7,COD,7,3.5,201.62
14727,10-12-2034,1868,Beauty,West,7,76.31,1,Card,9,4.1,528.83
14728,11-12-2034,1034,Electronics,South,1,575.6,25,Card,10,2.2,431.7
14729,12-12-2034,1086,Clothing,East,7,514.98,1,Card,1,3.8,3568.81
14730,13-12-2034,1645,Clothing,West,2,60.92,34,Card,10,1.3,80.41
14731,14-12-2034,1707,Clothing,East,3,436.08,8,Card,3,2.4,1203.58
14732,15-12-2034,1785,Electronics,East,7,218.33,23,COD,7,2.9,1176.8
14733,16-12-2034,1200,Clothing,East,1,596.99,15,COD,9,4.1,507.44
14734,17-12-2034,1368,Electronics,South,3,191.9,2,COD,1,2.4,564.19
14735,18-12-2034,1796,Beauty,South,3,154.66,17,Card,6,2.8,385.1
14736,19-12-2034,1076,Electronics,North,5,347.22,18,Card,11,3.5,1423.6
14737,20-12-2034,1058,Beauty,North,6,503.55,30,COD,2,3.5,2114.91
14738,21-12-2034,1430,Home,West,6,127.62,26,Card,5,3.1,566.63
14739,22-12-2034,1637,Electronics,East,6,430,3,Card,7,2.3,2502.6
14740,23-12-2034,1499,Home,West,3,50.92,7,Card,7,3.7,142.07
14741,24-12-2034,1912,Electronics,North,5,552.58,11,Card,10,4.3,2458.98
14742,25-12-2034,1108,Beauty,South,2,62.43,4,Wallet,7,1.6,119.87
14743,26-12-2034,1735,Clothing,North,2,549.83,16,COD,4,2.4,923.71
14744,27-12-2034,1277,Electronics,West,6,302.12,34,Card,6,3.7,1196.4
14745,28-12-2034,1067,Clothing,North,2,277.13,18,COD,11,4,454.49
14746,29-12-2034,1068,Electronics,West,5,584.38,26,Card,10,4.1,2162.21
14747,30-12-2034,1164,Beauty,West,6,594.37,24,Card,6,3.6,2710.33
14748,31-12-2034,1488,Electronics,West,7,395.35,30,Card,7,2.9,1937.22
14749,01-01-2035,1304,Home,West,7,89.36,8,COD,9,3.6,575.48
14750,02-01-2035,1908,Clothing,North,5,311.11,26,Card,6,1.5,1151.11
14751,03-01-2035,1673,Beauty,West,2,324.56,31,Card,10,1.8,447.89
14752,04-01-2035,1364,Electronics,West,6,315.95,6,Card,1,4.7,1781.96
14753,05-01-2035,1853,Clothing,East,7,348.15,12,Card,8,4.7,2144.6
14754,06-01-2035,1820,Clothing,West,5,25.95,34,COD,2,3.9,85.64
14755,07-01-2035,1378,Home,North,4,431.07,27,Wallet,3,2.3,1258.72
14756,08-01-2035,1342,Electronics,West,7,431.75,10,COD,5,3.6,2720.02
14757,09-01-2035,1946,Electronics,South,4,82.55,20,COD,6,3.8,264.16
14758,10-01-2035,1898,Electronics,South,5,348.59,14,Wallet,7,3.1,1498.94
14759,11-01-2035,1553,Home,West,5,347.49,17,Card,4,4,1442.08
14760,12-01-2035,1353,Electronics,South,1,414.23,12,Card,3,1.1,364.52
14761,13-01-2035,1415,Clothing,South,7,64.96,10,Card,9,2,409.25
14762,14-01-2035,1108,Electronics,North,1,381.5,24,Card,4,4.2,289.94
14763,15-01-2035,1562,Beauty,East,3,179.24,27,Card,9,4.8,392.54
14764,16-01-2035,1761,Beauty,South,7,311.6,31,Card,9,4.5,1505.03
14765,17-01-2035,1496,Clothing,South,6,467.39,5,Card,11,3.9,2664.12
14766,18-01-2035,1340,Clothing,East,3,427.8,29,COD,3,1.7,911.21
14767,19-01-2035,1941,Electronics,East,3,84.56,9,Wallet,3,2.5,230.85
14768,20-01-2035,1382,Electronics,South,2,360.84,15,Card,11,1.2,613.43
14769,21-01-2035,1532,Electronics,West,4,581.93,32,Card,8,3.6,1582.85
14770,22-01-2035,1299,Home,South,2,106.71,16,COD,1,2.8,179.27
14771,23-01-2035,1138,Clothing,West,6,513.95,7,Card,6,3.3,2867.84
14772,24-01-2035,1358,Beauty,West,5,425.99,6,Card,6,4.9,2002.15
14773,25-01-2035,1835,Clothing,West,1,467.79,17,Card,9,2.6,388.27
14774,26-01-2035,1498,Home,East,6,179.95,27,COD,2,2.2,788.18
14775,27-01-2035,1384,Clothing,South,5,183.42,35,Wallet,8,1.6,596.12
14776,28-01-2035,1603,Clothing,South,6,545.02,28,COD,7,1.6,2354.49
14777,29-01-2035,1958,Electronics,North,5,225.5,31,Card,2,3.1,777.97
14778,30-01-2035,1279,Clothing,East,7,51.86,26,Card,1,4,268.63
14779,31-01-2035,1636,Clothing,North,1,366.35,31,Card,4,3.3,252.78
14780,01-02-2035,1482,Home,North,5,88.02,3,Wallet,2,4.5,426.9
14781,02-02-2035,1908,Beauty,West,3,481.01,33,COD,3,2.3,966.83
14782,03-02-2035,1110,Electronics,East,6,390.42,14,Card,2,3.4,2014.57
14783,04-02-2035,1865,Electronics,North,1,526.72,32,COD,9,3.6,358.17
14784,05-02-2035,1138,Clothing,South,5,474.13,3,Card,4,2.1,2299.53
14785,06-02-2035,1995,Clothing,North,3,80.59,25,Wallet,1,2.6,181.33
14786,07-02-2035,1434,Electronics,East,3,237.93,26,Wallet,8,3.4,528.2
14787,08-02-2035,1508,Home,South,7,468.12,35,Card,4,1.1,2129.95
14788,09-02-2035,1272,Beauty,South,4,259.14,27,COD,10,4.5,756.69
14789,10-02-2035,1098,Beauty,South,3,583.83,13,COD,11,1.4,1523.8
14790,11-02-2035,1763,Electronics,West,2,445.41,20,Card,11,1.2,712.66
14791,12-02-2035,1849,Beauty,South,1,24.07,13,COD,8,1.9,20.94
14792,13-02-2035,1103,Home,West,1,529.79,7,COD,8,3,492.7
14793,14-02-2035,1213,Clothing,West,1,73.97,9,Card,9,2.3,67.31
14794,15-02-2035,1760,Clothing,North,5,97.21,8,COD,10,2.8,447.17
14795,16-02-2035,1663,Home,North,6,444.68,19,COD,7,1.3,2161.14
14796,17-02-2035,1761,Clothing,South,5,521.01,32,Card,4,1.9,1771.43
14797,18-02-2035,1786,Clothing,East,2,328.76,32,Card,2,1.4,447.11
14798,19-02-2035,1164,Clothing,South,6,184.09,2,COD,6,1.9,1082.45
14799,20-02-2035,1998,Clothing,North,7,220.52,3,Card,4,3.8,1497.33
14800,21-02-2035,1852,Electronics,South,3,215.59,9,Wallet,6,3.3,588.56
14801,22-02-2035,1519,Beauty,North,5,206.11,9,Card,8,2.3,937.8
14802,23-02-2035,1283,Home,South,6,157.1,3,Card,3,2,914.32
14803,24-02-2035,1516,Clothing,East,3,371.19,14,Card,1,5,957.67
14804,25-02-2035,1656,Electronics,South,6,541.74,21,COD,5,4.1,2567.85
14805,26-02-2035,1612,Clothing,East,3,194.64,20,COD,3,4.3,467.14
14806,27-02-2035,1163,Electronics,East,6,124.22,19,Card,6,1.1,603.71
14807,28-02-2035,1885,Electronics,South,5,505.57,12,Card,3,1.2,2224.51
14808,01-03-2035,1658,Clothing,East,5,448.94,25,Wallet,1,3.9,1683.52
14809,02-03-2035,1063,Clothing,East,2,559.54,29,Card,9,1.8,794.55
14810,03-03-2035,1090,Clothing,North,7,111.83,12,Card,5,2.7,688.87
14811,04-03-2035,1116,Electronics,North,7,99.39,3,Card,2,1.7,674.86
14812,05-03-2035,1865,Clothing,East,4,331.74,10,Card,2,1.7,1194.26
14813,06-03-2035,1266,Electronics,West,1,374.44,5,Card,11,1.4,355.72
14814,07-03-2035,1821,Beauty,South,5,295.9,16,Card,9,3.4,1242.78
14815,08-03-2035,1684,Clothing,East,5,365.4,5,Card,1,4,1735.65
14816,09-03-2035,1558,Home,South,3,120.52,16,Wallet,10,1.2,303.71
14817,10-03-2035,1139,Electronics,North,4,295.57,8,Card,3,2.1,1087.7
14818,11-03-2035,1245,Electronics,South,7,399.98,26,COD,10,3.6,2071.9
14819,12-03-2035,1660,Beauty,East,5,268.13,1,COD,11,2.6,1327.24
14820,13-03-2035,1757,Electronics,East,6,412.48,19,Card,7,3.8,2004.65
14821,14-03-2035,1394,Clothing,East,7,278.95,6,COD,1,4,1835.49
14822,15-03-2035,1486,Clothing,East,4,210.16,0,Card,2,1.1,840.64
14823,16-03-2035,1475,Electronics,West,1,192.61,30,Card,6,2.5,134.83
14824,17-03-2035,1516,Home,West,6,255.38,24,Wallet,9,3.9,1164.53
14825,18-03-2035,1976,Clothing,West,3,28.51,3,COD,9,2.5,82.96
14826,19-03-2035,1183,Electronics,East,2,406.09,23,Wallet,8,1,625.38
14827,20-03-2035,1019,Electronics,West,6,509.39,21,Wallet,3,2.3,2414.51
14828,21-03-2035,1936,Electronics,South,7,222.46,17,Card,2,4.5,1292.49
14829,22-03-2035,1557,Beauty,East,1,41.93,15,Card,1,4.8,35.64
14830,23-03-2035,1523,Home,North,6,592.26,31,Card,11,3.2,2451.96
14831,24-03-2035,1581,Electronics,East,4,169.26,9,Wallet,11,2.2,616.11
14832,25-03-2035,1528,Electronics,South,4,89.07,14,Wallet,9,2.9,306.4
14833,26-03-2035,1882,Home,West,1,231.31,12,COD,5,1.9,203.55
14834,27-03-2035,1146,Clothing,East,7,447.06,27,Card,3,1.7,2284.48
14835,28-03-2035,1665,Clothing,West,4,186.94,32,Card,10,3,508.48
14836,29-03-2035,1303,Clothing,East,6,351.2,30,Wallet,10,3.9,1475.04
14837,30-03-2035,1619,Electronics,South,2,258.1,28,Wallet,11,1.9,371.66
14838,31-03-2035,1747,Home,East,6,83.89,35,Card,5,4.6,327.17
14839,01-04-2035,1819,Beauty,West,2,208.22,24,Card,11,1.7,316.49
14840,02-04-2035,1863,Electronics,West,4,439.05,26,Card,3,3.2,1299.59
14841,03-04-2035,1581,Clothing,South,6,373.02,34,Card,9,4.1,1477.16
14842,04-04-2035,1694,Clothing,East,4,85.07,0,Wallet,1,1.9,340.28
14843,05-04-2035,1761,Clothing,North,7,110.54,22,COD,1,2.2,603.55
14844,06-04-2035,1227,Electronics,East,2,389.83,26,COD,3,1.2,576.95
14845,07-04-2035,1101,Home,South,7,490.85,32,Card,6,4.8,2336.45
14846,08-04-2035,1586,Clothing,North,4,219.44,31,Card,11,2.9,605.65
14847,09-04-2035,1416,Clothing,South,5,363.26,29,Card,2,1.3,1289.57
14848,10-04-2035,1957,Electronics,East,3,114.83,33,COD,1,4.3,230.81
14849,11-04-2035,1215,Electronics,North,6,197.16,19,COD,8,3.3,958.2
14850,12-04-2035,1406,Electronics,South,5,26.86,0,Card,11,1.2,134.3
14851,13-04-2035,1398,Home,West,7,464.44,0,Card,10,2.8,3251.08
14852,14-04-2035,1922,Electronics,North,4,249.59,19,Card,9,2.7,808.67
14853,15-04-2035,1714,Home,North,4,492.43,15,Card,10,1.6,1674.26
14854,16-04-2035,1703,Clothing,South,3,429.4,16,COD,1,2.7,1082.09
14855,17-04-2035,1760,Clothing,West,4,499.82,14,COD,3,2.1,1719.38
14856,18-04-2035,1498,Clothing,North,3,182.11,32,Card,5,3.8,371.5
14857,19-04-2035,1753,Clothing,South,6,123.29,13,Wallet,7,1,643.57
14858,20-04-2035,1464,Electronics,North,2,583.56,30,COD,10,1.4,816.98
14859,21-04-2035,1690,Electronics,North,3,434.64,32,Card,4,4.7,886.67
14860,22-04-2035,1948,Home,North,3,502.91,17,Card,6,2.7,1252.25
14861,23-04-2035,1973,Home,West,5,22.68,16,Wallet,1,1.7,95.26
14862,24-04-2035,1730,Electronics,East,4,222.36,27,COD,4,4.2,649.29
14863,25-04-2035,1081,Clothing,East,6,449.55,25,Card,8,4.4,2022.98
14864,26-04-2035,1603,Electronics,West,2,60.62,11,COD,5,1.8,107.9
14865,27-04-2035,1946,Electronics,West,1,346.89,4,Card,8,3.9,333.01
14866,28-04-2035,1686,Electronics,South,7,266.01,9,Wallet,1,3.5,1694.48
14867,29-04-2035,1750,Beauty,North,3,25.31,5,Wallet,10,4,72.13
14868,30-04-2035,1771,Electronics,West,1,153.05,10,COD,9,4.2,137.74
14869,01-05-2035,1902,Electronics,South,4,181.6,9,COD,4,3.6,661.02
14870,02-05-2035,1364,Electronics,East,7,80.44,22,Card,9,4.8,439.2
14871,03-05-2035,1162,Electronics,East,3,384.45,33,COD,8,4.5,772.74
14872,04-05-2035,1047,Clothing,East,1,156.8,24,COD,8,1.9,119.17
14873,05-05-2035,1510,Electronics,East,5,177.41,32,COD,2,4.7,603.19
14874,06-05-2035,1328,Electronics,South,1,540.47,27,COD,3,2.4,394.54
14875,07-05-2035,1839,Clothing,North,7,288.27,25,Wallet,10,3.9,1513.42
14876,08-05-2035,1115,Electronics,South,5,244.39,14,Card,9,4.4,1050.88
14877,09-05-2035,1940,Home,North,7,438.46,11,Card,3,2.7,2731.61
14878,10-05-2035,1848,Clothing,East,2,547.12,30,COD,8,1.2,765.97
14879,11-05-2035,1336,Electronics,West,4,29.65,32,Wallet,5,4.8,80.65
14880,12-05-2035,1880,Home,West,6,277.22,16,Wallet,7,1.3,1397.19
14881,13-05-2035,1736,Electronics,West,1,372.31,0,COD,4,2.4,372.31
14882,14-05-2035,1863,Clothing,North,3,201.36,28,Wallet,8,3.4,434.94
14883,15-05-2035,1839,Clothing,East,7,466.86,10,COD,4,1.5,2941.22
14884,16-05-2035,1146,Electronics,South,7,583.31,0,Card,5,4.4,4083.17
14885,17-05-2035,1574,Clothing,West,4,566.91,28,COD,1,1.8,1632.7
14886,18-05-2035,1805,Beauty,North,1,170.6,18,Card,10,4.9,139.89
14887,19-05-2035,1322,Beauty,West,3,147.41,24,Card,8,4.7,336.09
14888,20-05-2035,1442,Clothing,South,3,575.13,32,Card,7,3.4,1173.27
14889,21-05-2035,1836,Clothing,East,7,283.3,19,Card,11,3.6,1606.31
14890,22-05-2035,1012,Electronics,South,6,136.85,18,Card,5,3.1,673.3
14891,23-05-2035,1942,Electronics,East,7,428.59,10,Card,6,2.6,2700.12
14892,24-05-2035,1493,Clothing,East,6,181.39,11,Card,1,2.4,968.62
14893,25-05-2035,1700,Clothing,East,7,171.34,28,Card,8,4.6,863.55
14894,26-05-2035,1286,Beauty,West,7,529.36,16,COD,9,3.3,3112.64
14895,27-05-2035,1719,Clothing,South,3,110.05,6,COD,11,4.3,310.34
14896,28-05-2035,1113,Clothing,West,6,52.67,3,Wallet,5,3.1,306.54
14897,29-05-2035,1479,Clothing,South,3,172.47,17,Wallet,10,2.2,429.45
14898,30-05-2035,1021,Home,North,1,370.06,16,Card,7,1.4,310.85
14899,31-05-2035,1348,Home,North,7,87.01,23,COD,10,2.3,468.98
14900,01-06-2035,1725,Clothing,South,2,290.88,16,Card,4,4.5,488.68
14901,02-06-2035,1682,Electronics,South,6,381.99,5,Card,6,3.8,2177.34
14902,03-06-2035,1834,Home,South,5,511.51,18,COD,2,4.1,2097.19
14903,04-06-2035,1565,Electronics,South,5,149.47,32,COD,4,4.1,508.2
14904,05-06-2035,1905,Beauty,East,5,493.15,6,Wallet,5,1.5,2317.8
14905,06-06-2035,1809,Clothing,West,2,152.42,24,COD,9,1.6,231.68
14906,07-06-2035,1319,Clothing,East,3,410.91,21,Card,9,2.3,973.86
14907,08-06-2035,1125,Clothing,West,3,266.94,26,Wallet,8,2.2,592.61
14908,09-06-2035,1276,Home,West,4,82.09,5,COD,4,1.3,311.94
14909,10-06-2035,1975,Electronics,West,5,432.84,33,Wallet,6,1.6,1450.01
14910,11-06-2035,1203,Beauty,East,5,142.39,22,COD,7,4.4,555.32
14911,12-06-2035,1193,Clothing,South,3,118.32,30,Card,1,3.4,248.47
14912,13-06-2035,1680,Electronics,East,5,224.62,9,Card,1,2.4,1022.02
14913,14-06-2035,1663,Electronics,East,3,397.17,26,Card,4,3.1,881.72
14914,15-06-2035,1546,Clothing,West,7,151.89,27,Card,3,2,776.16
14915,16-06-2035,1695,Clothing,North,7,122.44,14,Card,10,3.3,737.09
14916,17-06-2035,1285,Clothing,North,3,20.82,13,COD,4,1.3,54.34
14917,18-06-2035,1056,Home,East,6,290.91,23,Wallet,9,4.6,1344
14918,19-06-2035,1733,Clothing,West,3,265.76,3,Wallet,2,2,773.36
14919,20-06-2035,1302,Beauty,East,1,151.81,26,COD,4,4.3,112.34
14920,21-06-2035,1162,Clothing,East,1,46.39,2,Card,7,3.6,45.46
14921,22-06-2035,1018,Home,South,1,266.11,7,Card,2,3.1,247.48
14922,23-06-2035,1369,Electronics,West,1,476.1,23,COD,8,4.7,366.6
14923,24-06-2035,1263,Clothing,North,2,433.44,3,Card,10,1.6,840.87
14924,25-06-2035,1793,Electronics,North,4,518.57,34,Wallet,4,1.5,1369.02
14925,26-06-2035,1112,Clothing,North,4,20.61,30,Wallet,9,2.3,57.71
14926,27-06-2035,1487,Beauty,East,3,580.36,22,Card,1,4.3,1358.04
14927,28-06-2035,1326,Electronics,West,7,214.73,29,COD,7,1.1,1067.21
14928,29-06-2035,1541,Electronics,South,5,594.38,31,Card,1,2,2050.61
14929,30-06-2035,1646,Beauty,North,1,162.78,9,COD,11,2.7,148.13
14930,01-07-2035,1578,Electronics,West,4,290.85,30,Card,10,3.9,814.38
14931,02-07-2035,1064,Home,North,4,222.05,7,Card,11,2.2,826.03
14932,03-07-2035,1291,Clothing,South,1,223.12,14,COD,9,2.8,191.88
14933,04-07-2035,1024,Home,West,7,507.74,20,COD,10,2.3,2843.34
14934,05-07-2035,1548,Electronics,East,2,451.66,25,COD,10,1.4,677.49
14935,06-07-2035,1000,Electronics,East,2,595.41,1,COD,1,4,1178.91
14936,07-07-2035,1910,Clothing,North,4,373.91,10,COD,3,2.8,1346.08
14937,08-07-2035,1548,Beauty,North,2,286.01,21,COD,7,4.3,451.9
14938,09-07-2035,1140,Clothing,West,6,67.69,13,Wallet,1,3.8,353.34
14939,10-07-2035,1743,Electronics,South,1,597.99,27,Wallet,5,1.2,436.53
14940,11-07-2035,1647,Clothing,North,7,337.65,23,COD,6,3,1819.93
14941,12-07-2035,1900,Beauty,West,4,424.78,8,COD,3,5,1563.19
14942,13-07-2035,1187,Home,South,1,252.94,5,COD,6,2.2,240.29
14943,14-07-2035,1127,Beauty,North,2,335.41,22,Card,4,3,523.24
14944,15-07-2035,1200,Electronics,North,1,566.41,16,Card,6,3.6,475.78
14945,16-07-2035,1126,Electronics,West,2,112.36,6,Wallet,6,1.8,211.24
14946,17-07-2035,1256,Clothing,North,7,186.04,11,Wallet,4,3.8,1159.03
14947,18-07-2035,1675,Home,East,2,103.95,11,COD,1,3.6,185.03
14948,19-07-2035,1546,Electronics,South,1,478.45,4,Card,3,2.5,459.31
14949,20-07-2035,1193,Electronics,South,7,51.3,19,Card,11,2.1,290.87
14950,21-07-2035,1702,Home,East,2,62.75,27,Card,10,4.7,91.62
14951,22-07-2035,1103,Electronics,West,6,189.62,20,Card,7,1.5,910.18
14952,23-07-2035,1534,Clothing,East,3,315.8,29,COD,2,2.7,672.65
14953,24-07-2035,1264,Clothing,East,1,252.67,4,Wallet,4,4.1,242.56
14954,25-07-2035,1801,Clothing,South,3,41.22,15,Card,6,1.6,105.11
14955,26-07-2035,1941,Home,West,1,575.13,21,COD,5,4.7,454.35
14956,27-07-2035,1973,Clothing,North,2,572.43,24,Card,6,3.1,870.09
14957,28-07-2035,1383,Clothing,East,2,178.42,24,Wallet,5,3,271.2
14958,29-07-2035,1259,Clothing,East,7,442.94,26,Wallet,9,2.7,2294.43
14959,30-07-2035,1413,Clothing,West,4,353.47,23,Card,11,4.5,1088.69
14960,31-07-2035,1990,Clothing,East,6,153.92,3,Wallet,2,4.8,895.81
14961,01-08-2035,1357,Electronics,West,4,168.37,24,COD,4,2.5,511.84
14962,02-08-2035,1074,Electronics,North,3,302.32,25,Card,1,3.2,680.22
14963,03-08-2035,1354,Electronics,West,2,260.25,35,COD,7,2.3,338.32
14964,04-08-2035,1583,Electronics,North,4,185.37,24,Card,1,2.5,563.52
14965,05-08-2035,1770,Clothing,West,2,487.39,24,COD,6,1.1,740.83
14966,06-08-2035,1909,Home,East,1,296.66,18,Wallet,10,4.1,243.26
14967,07-08-2035,1187,Home,North,4,398.09,30,COD,10,4.9,1114.65
14968,08-08-2035,1972,Home,East,3,125.72,35,Card,9,4.1,245.15
14969,09-08-2035,1684,Clothing,North,7,327.1,27,Card,2,3.1,1671.48
14970,10-08-2035,1991,Clothing,West,4,201.02,21,Card,1,4.3,635.22
14971,11-08-2035,1289,Clothing,West,2,322.95,3,Card,11,4.4,626.52
14972,12-08-2035,1044,Electronics,West,5,471.78,25,Card,11,3.2,1769.17
14973,13-08-2035,1572,Electronics,South,5,464.81,25,COD,11,4.7,1743.04
14974,14-08-2035,1082,Clothing,South,7,222.22,27,COD,10,1.1,1135.54
14975,15-08-2035,1122,Beauty,North,7,421.15,4,COD,3,1,2830.13
14976,16-08-2035,1357,Electronics,South,6,565.65,23,Card,6,1.3,2613.3
14977,17-08-2035,1527,Electronics,West,7,381.02,10,Card,7,1.2,2400.43
14978,18-08-2035,1065,Home,South,2,101.82,27,Card,11,2.7,148.66
14979,19-08-2035,1935,Electronics,South,1,412.63,8,Card,8,4.8,379.62
14980,20-08-2035,1656,Home,East,4,76.37,24,Card,4,3.7,232.16
14981,21-08-2035,1374,Home,North,7,525.18,10,Card,8,3.6,3308.63
14982,22-08-2035,1161,Beauty,North,5,317.25,0,COD,7,2.5,1586.25
14983,23-08-2035,1745,Clothing,North,1,240.31,22,Wallet,11,3.1,187.44
14984,24-08-2035,1379,Home,South,2,48.35,4,COD,8,2.2,92.83
14985,25-08-2035,1655,Clothing,West,1,237.76,23,COD,5,3.1,183.08
14986,26-08-2035,1357,Clothing,East,2,543.38,32,Card,10,4,739
14987,27-08-2035,1187,Clothing,North,6,27.28,34,Wallet,7,3.2,108.03
14988,28-08-2035,1321,Electronics,South,4,292.67,8,Card,4,2.7,1077.03
14989,29-08-2035,1449,Clothing,West,1,559.73,28,Card,1,4.4,403.01
14990,30-08-2035,1473,Clothing,East,4,245.98,12,Card,3,2.1,865.85
14991,31-08-2035,1012,Home,East,1,265.48,32,Card,10,2.9,180.53
14992,01-09-2035,1183,Home,North,2,353.46,28,COD,9,4.9,508.98
14993,02-09-2035,1110,Home,North,2,285.82,3,Wallet,11,4.9,554.49
14994,03-09-2035,1926,Electronics,West,1,113.63,14,COD,4,1,97.72
14995,04-09-2035,1507,Home,South,6,25.85,12,Card,5,3.1,136.49
14996,05-09-2035,1289,Clothing,West,2,371.74,27,COD,3,2.3,542.74
14997,06-09-2035,1294,Beauty,North,3,553.67,14,COD,11,2.2,1428.47
14998,07-09-2035,1450,Beauty,West,3,77.22,24,Wallet,6,3.4,176.06
14999,08-09-2035,1903,Electronics,South,4,138.41,21,COD,4,2.8,437.38
15000,09-09-2035,1214,Home,East,7,231.58,34,COD,5,3.9,1069.9
